order_routing_id,order_id,order_line_nbr,schedule_dte,schedule_seq,order_seq,process_id,setups,setup_time,runs,run_speed,num_out,status_id,routing_note,process_nme,order_qty,sqfpm,msf,order_min,order_max,customer_id,old_inks,old_dies,scheduled_dte,order_type_id,swe,docket_id,requested_dte,flute_dsc,style_dsc,plant_name,printing_dsc,colours,order_header_status_id,drawing_file_name,net_out,process_group_id,location_id,corrugated,order_size1,order_size2,plant_complete,time,docket_dsc,short_name,hold_dsc,fin_qty,run_date,run_status_id,schedule_factor,customer_lead_time,style_lead_time,style_exit_time,corrugated_flg,schedule_type,assembly_info,order_type_dsc,quality_watch,print_order,press_fin_qty,material_dsc,delivery_status_dsc,active_dte,tooling_multiple,scanned_qty,hot,cti_commit,order_category_id,material_old_code,process_old_code,cti_schedule_time,two_piece_flag,gl_code_id,scanned_qty2,terms_id,flute_extra_lead_time,closure_code,ink_dsc,ship_city,length,width,depth,stocK_code,stock_out,receipt_qty,shipping_hold,order_dte,closure_dsc,receipt_status,all_routing,tooling_dsc,ink_dsc1,receipt_status_with_location,next_process_id,next_process_start,est_run_speed
<<<<<<< HEAD
366685,5035501,1,2026-08-14,200,10,208,1,0,1,0,1.0,0,,Finished Good,1000,8568.0,8568.0,900.0,1100,11290,,,2026-08-18,0,8568.0,102836,2026-08-14,B,Flat Bed Die Cut,,Flexo 1 Colour Print,1,3,,1.0,8,1,0,35.02,35.02,0,0.0,"17 x 11-1/2 x 3-1/2  
32B Kraft 1C 2S 
w/handles RDC
340/ Unit",Prep,,0,,,1.0,0,0,0,True,0,,Regular,False,0,0,B32 K,Late - Farmout,2026-08-04 07:52:02,,0,False,0,0,200 B,,,1,64,0,12,0,N,GCMI 34 BLUE (15%),MISSISSAUGA,33.1,34.02,0.0,,0.0,0,False,2026-08-04,No Closure,08/11-ROYA01,,,GCMI 34 BLUE,08/11-ROYA01,,,
367805,5035561,1,2026-10-07,500,10,208,1,0,1,0,1.0,0,,Finished Good,250,13383.0,3345.75,225.0,275,10002,,,2026-10-08,0,3345.75,103538,2026-10-08,C,Five Panel Wrap,,Plain,0,3,,1.0,8,1,0,34.06,56.01,0,0.0,"KCA504 47-1/2 x 10-1/2 x 4
5PW, No Closure, Plain 40C K
260/unit F4580",Kromet,,0,,,1.0,5,5,0,True,0,,Regular,False,0,0,C40 K,CRB,2026-08-10 08:11:24,,0,False,0,0,200 O/T C,,,1,69,0,14,0,N,,Hamilton,47.08,10.08,4.0,,0.0,0,False,2026-08-10,No Closure,No P.O.,,,,No P.O.,,,
368982,5035555,1,2026-08-17,100,1,256,1,0,1,0,0.0,0,,Interpac Corrugator,5000,5561.0,27805.0,4500.0,5500,10010,,,2026-08-19,0,27805.0,104341,2026-08-19,B,SFC - Short Flap Carton,,Plain,0,3,,1.0,1,1,0,17.1,45.07,0,0.0,"1oz 144/PK 
11-1/2 x 10-1/4 x 7-1/8
SFC Plain 29B Kraft
Btm Gap 1/4""
700/ Unit",Niagara,,0,,,1.0,0,0,0,True,0,,Regular,False,0,0,B32 K,OT,2026-08-10 08:09:24,,0,False,0,0,200 B,,,1,60,0,12,0,GI,,Flamborough,11.08,10.04,7.02,,1.0,0,False,2026-08-10,Glued,08/14-Moyy,L,,,08/14-Moyy,69.0,2026-08-18,
367802,5035555,1,2026-08-18,100,10,69,1,33,1,2520,1.0,0,,Langston Saturn 50x110,5000,5561.0,27805.0,4500.0,5500,10010,,,2026-08-19,0,27805.0,104341,2026-08-19,B,SFC - Short Flap Carton,L,Plain,0,3,,1.0,3,1,0,17.1,45.07,0,152.0,"1oz 144/PK 
11-1/2 x 10-1/4 x 7-1/8
SFC Plain 29B Kraft
Btm Gap 1/4""
700/ Unit",Niagara,,0,,,0.6,0,0,0,True,2,,Regular,False,1,0,B32 K,OT,2026-08-10 08:09:24,,0,False,0,0,200 B,Langston,,1,60,0,12,0,GI,,Flamborough,11.08,10.04,7.02,,1.0,0,False,2026-08-10,Glued,08/14-Moyy,L,,,08/14-Moyy,,,268.0
=======
364586,5035406,1,2026-08-13,500,10,168,1,0,1,0,1.0,0,,Farm Out,600,7466.0,4479.6,540.0,660,11236,,,2026-08-14,0,4479.6,103691,2026-08-14,C,Regular Slotted Carton,,Flexo 1 Colour Print,1,3,,1.0,7,1,0,20.1,52.02,0,0.0,"99E-00936 15 x 10 x 10 
32C Kraft  RSC 1C 
500/sk",Wika,,0,,,1.0,0,0,0,True,0,,Regular,False,4,0,C32 K,CRB,2026-07-24 06:53:13,,0,False,0,0,200 C,Farm Out,,1,61,0,12,0,GI,GCMI 3229 BLUE (15%),Oakville,15.0,10.0,10.0,,0.0,0,False,2026-07-24,Glued,08/11-ROYA01,,12135 - ROYAL,GCMI 3229 BLUE,08/11-ROYA01,,,
>>>>>>> 3d7f0d50c55d01c676d7c4bff56f84cbc3a91754
366137,5035475,5,2026-08-24,500,10,208,1,0,1,0,1.0,0,,Finished Good,500,7595.0,3797.5,450.0,550,10015,,,2026-08-25,0,3797.5,104453,2026-08-25,C,Flat Bed Die Cut,,Flexo 2 Colour Printing,2,3,,1.0,8,1,0,23.15,45.11,0,0.0,"F4415 Weldcote Master
22-15/16 x 44-11/16
Die Cut, Glued, 2C 32C W
Horizontal Corrugation
500/un",Nexal,,0,,,1.0,5,0,0,True,0,,Regular,False,0,0,C32 OY,CRB,2026-07-29 16:23:42,,0,False,0,0,200 C Oys,,,1,61,0,12,0,GI,"GCMI 970 GREY (15%), GCMI 74 RED (0%)",MISSISSAUGA,22.15,44.11,0.0,,0.0,0,False,2026-07-29,Glued,08/21-ROYA01,,11774 - ROYAL,"GCMI 74 RED
GCMI 970 GREY",08/21-ROYA01,,,
<<<<<<< HEAD
366136,5035475,4,2026-08-24,500,10,208,1,0,1,0,1.0,0,,Finished Good,2040,4207.0,8582.28,1836.0,2244,10015,,,2026-08-25,0,8582.28,104824,2026-08-25,B,Flat Bed Die Cut,,Flexo 2 Colour Printing,2,3,,2.0,8,1,0,27.0,44.14,0,0.0,"F0509 Inner Tig Weldcote
13 x 43-7/8 32B W 2C
Flat Bed Die Cut, 
1020/ Pallet",Nexal,,0,,,1.0,5,0,0,True,0,,Regular,False,0,0,B32 OY,CRB,2026-07-29 16:23:42,,0,False,0,0,200 B Oys,,,1,1,0,12,0,N,"GCMI 970 GREY (10%), GCMI 74 RED (5%)",MISSISSAUGA,43.14,13.0,0.0,,0.0,0,False,2026-07-29,No Closure,08/21-ROYA01,,"11773 - 
13639 - ROYAL","GCMI 74 RED
GCMI 970 GREY",08/21-ROYA01,,,
369392,5035619,1,2026-09-09,500,10,208,1,0,1,0,1.0,0,,Finished Good,300,32000.0,9600.0,270.0,330,10041,,,2026-09-10,0,9600.0,104863,2026-09-10,C,Sheet,,Plain,0,3,,1.0,8,1,0,96.0,48.0,0,0.0,"96 x 48"" Sheet
23C Kraft
300/UNIT",Jake,,0,,,1.0,0,0,0,True,0,,Regular,False,0,0,C23 K,CRB,2026-08-13 15:37:41,,0,False,0,0,125 C,,,1,66,0,12,0,,,Kitchener,96.0,48.0,0.0,,0.0,0,False,2026-08-13,Not Applicable,No P.O.,,,,No P.O.,,,667.0
328108,5031731,1,2026-10-15,500,10,168,1,0,1,0,1.0,0,,Farm Out,250,30417.0,7604.25,225.0,275,11766,,,2026-09-16,0,12699.0975,105045,2026-09-16,DW,Flat Bed Die Cut,,Plain,0,3,,0.2,7,1,0,16.0,54.12,0,0.0,"33-7/8 x 19-7/8 x 5 
42BC Kraft Partition
170/skid",Riverside,,0,,,1.0,0,0,0,True,0,,Regular,False,4,0,BC42 K,CRB,2026-01-30 15:20:03,,0,False,0,0,200 BC,Farm Out,,1,63,0,12,0,N,,New Hamburg,33.14,19.14,5.0,,0.0,0,False,2026-01-30,No Closure,09/11-CORR02,,11417 - CORRPAR,,09/11-CORR02,,,
367803,5035558,1,2026-10-21,500,10,168,1,0,1,0,1.0,0,,Farm Out,250,5495.0,1373.75,225.0,275,10002,,,2026-10-22,0,1373.75,105519,2026-10-22,B,Five Panel Wrap,,Flexo 1 Colour Print,1,3,,2.0,7,1,0,30.0,52.12,0,0.0,"KCA550 
21 x 6-1/2 x 4-1/4
32B FPW Printed 610/ Unit",Kromet,,0,,,1.0,5,5,0,True,0,,Regular,False,4,0,B32 K,CRB,2026-08-10 08:10:28,,0,False,0,0,200 B,Farm Out,,1,70,0,14,0,N,GCMI 90 BLACK AU (10%),Hamilton,21.0,6.08,4.04,,0.0,0,False,2026-08-10,No Closure,No P.O.,,,GCMI 90 BLACK AU,No P.O.,,,
367795,5035559,1,2026-09-23,500,10,168,1,0,1,0,1.0,0,,Farm Out,250,12296.0,3074.0,225.0,275,10002,,,2026-09-24,0,3074.0,105598,2026-09-24,C,Five Panel Wrap,,Flexo 1 Colour Print,1,3,,1.0,7,1,0,84.05,21.0,0,0.0,"KCA573 79-3/4x7x2 
29C Kraft 5PW 1 Col
370/skid",Kromet,,0,,,1.0,5,5,0,True,0,,Regular,False,4,0,C29 K,CRB,2026-08-10 07:30:52,,0,False,0,0,175 C,Farm Out,,1,70,0,14,0,N,GCMI 90 BLACK HK (15%),Hamilton,79.12,7.0,2.0,,0.0,0,False,2026-08-10,No Closure,No P.O.,,13261 - ROYAL-736278,GCMI 90 BLACK HK,No P.O.,,,
369381,5035616,2,2026-08-24,500,10,168,1,0,1,0,1.0,0,,Farm Out,3000,4233.0,12699.0,2700.0,3300,11342,,,2026-08-25,0,12699.0,105817,2026-08-25,C,Regular Slotted Carton,,Plain,0,3,,1.0,7,1,0,19.02,31.14,0,0.0,"Box 5923
8-1/2 x 6-1/2 x 12
RSC 32C Kraft 750/unit
Countertop Residential Shipper",Tech,,0,,,1.0,0,0,0,True,0,,Regular,False,4,0,C32 K,OT,2026-08-13 14:20:50,,0,False,0,0,200 C,Farm Out,,1,60,0,12,0,GI,,Hamilton,8.08,6.08,12.0,,0.0,0,False,2026-08-13,Glued,08/20-FLIN01,,,,08/20-FLIN01,,,
368608,5035577,1,2026-08-24,500,10,168,1,0,1,0,1.0,0,,Farm Out,250,15173.0,3793.25,225.0,275,10002,,,2026-08-25,0,3793.25,106716,2026-08-25,B,Five Panel Wrap,,Plain,0,3,,1.0,7,1,0,77.0,28.06,0,0.0,"KCA554
70 x 9 x 3-1/4
5PW, Plain 32B Kraft
250/unit",Kromet,,0,,,1.0,5,5,0,True,0,,Regular,False,4,0,B32 K,CRB,2026-08-11 12:59:03,,0,False,0,0,200 B,Farm Out,,1,1,0,14,0,N,,Hamilton,70.0,9.0,3.04,,0.0,0,False,2026-08-11,No Closure,08/21-FLIN01,,,,08/21-FLIN01,,,
=======
364588,5035406,3,2026-08-13,500,10,168,1,0,1,0,1.0,0,,Farm Out,600,2619.0,1571.4,540.0,660,11236,,,2026-08-14,0,1571.4,104652,2026-08-14,C,Regular Slotted Carton,,Flexo 1 Colour Print,1,3,,1.0,7,1,0,12.1,29.14,0,0.0,"99E-00937 8 x 6 x 6 
32C Kraft RSC 1C
1500/sk",Wika,,0,,,1.0,0,0,0,True,0,,Regular,False,4,0,C32 K,CRB,2026-07-24 06:53:13,,0,False,0,0,200 C,Farm Out,,1,61,0,12,0,GI,GCMI 3229 BLUE (15%),Oakville,8.0,6.0,6.0,,0.0,0,False,2026-07-24,Glued,08/11-ROYA01,,11632 - ROYAL,GCMI 3229 BLUE,08/11-ROYA01,,,
364589,5035406,4,2026-08-13,500,10,168,1,0,1,0,1.0,0,,Farm Out,200,8035.0,1607.0,180.0,220,11236,,,2026-08-14,0,1607.0,105818,2026-08-14,C,Full Overlap,,Flexo 1 Colour Print,1,3,,1.0,7,1,0,18.1,62.02,0,0.0,"99E-01087 24 x 6 x 6 
32C Kraft FOL 1C 
405/unit",Wika,,0,,,1.0,0,0,0,True,0,,Regular,False,4,0,C32 K,CRB,2026-07-24 06:53:13,,0,False,0,0,200 C,Farm Out,,1,61,0,12,0,GI,GCMI 3229 BLUE (15%),Oakville,24.0,6.0,6.0,,0.0,0,False,2026-07-24,Glued,08/11-ROYA01,,12135 - ROYAL,GCMI 3229 BLUE,08/11-ROYA01,,,
>>>>>>> 3d7f0d50c55d01c676d7c4bff56f84cbc3a91754
366461,5035485,1,2026-08-28,500,10,69,1,48,1,2520,1.0,0,,Langston Saturn 50x110,4000,7904.0,31616.0,3600.0,4400,13359,,,2026-09-01,0,31616.0,120351,2026-09-01,C,Regular Slotted Carton,L,Flexo 2 Colour Printing,2,3,,1.0,3,1,0,20.1,55.03,0,143.0,"16 x 10-1/2 x 9-1/2
RSC, Glued, 
Flexo 2 Colour Printing 
C Flute 40 ECT Kraft WRA Single Wall
3",Townsend,,0,,,0.6,0,0,0,True,2,,Regular,True,1,0,C40 K,OT,2026-07-30 13:14:10,,0,False,0,0,200 O/T C,Langston,,1,61,0,12,0,GI,"GCMI 90 BLACK AU (10%), GCMI 78 RED (10%)",Simcoe,16.0,10.08,9.08,,0.0,0,False,2026-07-30,Glued,08/24-MONT01,L,12120 - LANGSTON,"GCMI 90 BLACK AU
GCMI 78 RED",08/24-MONT01,,,262.0
<<<<<<< HEAD
367001,5035508,1,2026-09-08,500,10,168,1,0,1,0,1.0,0,,Farm Out,4000,6042.0,24168.0,3600.0,4400,10002,,,2026-09-09,0,24168.0,120685,2026-09-09,C,Sheet,,Plain,0,3,,1.0,7,1,0,29.0,30.0,0,0.0,"KPA507 29 x 30 Sheet 
29C Kraft 
250/unit",Kromet,,0,,,1.0,5,0,0,True,0,,Regular,False,4,0,C32 K,CRB,2026-08-05 15:00:41,,0,False,0,0,200 C,Farm Out,,1,66,0,14,0,N,,Cambridge,29.0,30.0,0.0,,0.0,0,False,2026-08-05,No Closure,09/04-MONT01,,,,09/04-MONT01,,,
368312,5035554,1,2026-08-17,500,10,208,1,0,1,0,1.0,0,,Finished Good,5000,865.0,4325.0,5000.0,5000,10010,,,2026-08-18,0,4325.0,120953,2026-08-18,B,Sheet,,Plain,0,3,,4.0,8,1,0,20.12,24.0,0,0.0,"1OZ 144PK PAD
9-7/8 x 11-1/2 32B K
Sheet, No Closure, Plain",Niagara,,0,,,1.0,0,0,0,True,0,,Regular,True,0,0,B32 K,OT,2026-08-10 08:07:37,,0,False,0,0,200 B,,,1,66,0,12,0,N,,Flamborough,9.14,11.08,0.0,,0.0,0,False,2026-08-10,No Closure,08/13-FLIN01,,,,08/13-FLIN01,,,
=======
364587,5035406,2,2026-08-13,500,10,168,1,0,1,0,1.0,0,,Farm Out,200,14211.0,2842.2,180.0,220,11236,,,2026-08-14,0,2842.2,120560,2026-08-14,C,Full Overlap,,Flexo 1 Colour Print,1,3,,1.0,7,1,0,18.1,109.14,0,0.0,"99E-01067
48 x 6 x 6 32C Kraft 
FOL 1C
250/Unit",Wika,,0,,,1.0,0,0,0,True,0,,Regular,False,4,0,C32 K,CRB,2026-07-24 06:53:13,,0,False,0,0,200 C,Farm Out,,1,61,0,12,0,GI,GCMI 3229 BLUE (10%),Oakville,48.0,6.0,6.0,,0.0,0,False,2026-07-24,Glued,08/11-ROYA01,,12135 - ROYAL,GCMI 3229 BLUE,08/11-ROYA01,,,
>>>>>>> 3d7f0d50c55d01c676d7c4bff56f84cbc3a91754
366075,5035468,1,2026-08-26,500,10,208,1,0,1,0,1.0,0,,Finished Good,2500,6233.0,15582.5,2250.0,2750,10027,,,2026-08-27,0,15582.5,121192,2026-08-27,B,SFC - Short Flap Carton,,Plain,0,3,,1.0,8,1,0,16.14,53.03,0,0.0,"12x16ct Master 32B Kraft
17-15/16 x 7-11/16 x 9
SFC, Glued, Plain
Extended Glue Tabs
700/unit",Scheps,,0,,,1.0,0,0,0,True,0,,Regular,False,0,0,B32 K,CRB,2026-07-29 14:38:37,,0,False,0,0,200 B,,,1,60,0,12,0,GI,,Tillsonburg,17.15,7.11,9.0,,0.0,0,False,2026-07-29,Glued,08/24-FLIN01,,,,08/24-FLIN01,,,
<<<<<<< HEAD
369023,5035599,1,2026-08-19,500,10,168,1,0,1,0,1.0,0,,Farm Out,200,59103.0,11820.6,180.0,220,11655,,,2026-08-20,0,19740.402,122106,2026-08-20,DW,FOL Tall Carton,,Plain,0,3,,1.0,7,1,0,72.15,116.11,0,0.0,"47 x 10 x 52 42BC Kraft
FOL Tall Carton",North,,0,,,1.0,0,0,0,True,0,,Regular,False,4,0,BC42 K,OT,2026-08-12 14:20:47,,0,False,0,0,200 BC,Farm Out,,1,60,0,12,0,GI,,Milton,47.0,10.0,52.0,,0.0,0,False,2026-08-12,Glued,08/17-FLIN01,,,,08/17-FLIN01,,,
337669,5032196,1,2027-01-29,500,1,234,0,0,0,0,1.0,0,,Corrugator,17500,3874.0,67795.0,15750.0,19250,12170,,,2027-02-03,0,67795.0,123498,2027-02-03,B,RDC - Rotary Die Cut,,Plain,0,3,,4.0,0,1,0,46.04,48.04,0,0.0,"D/C Insert - 23-5/8 x 22-5/8
23-5/8 x 22-5/8 (4 Up)
RDC Plain 32B ECT Kraft
1750/unit",Mitchell's,,0,,,1.0,0,0,0,True,0,,Regular,False,234,0,B32 K,CRB,2026-03-20 14:13:51,,0,False,0,0,200 B,,,1,63,0,12,0,N,,Aylmer,23.1,22.1,0.0,,1.0,0,False,2026-03-20,No Closure,01/29-MIDN01,,"12040 - 
12714 - MID NORTH
12884 - CAN 1 - A",,01/29-MIDN01,168.0,2027-02-01,
337670,5032196,1,2027-02-01,500,10,168,1,0,1,0,1.0,0,,Farm Out,17500,3874.0,67795.0,15750.0,19250,12170,,,2027-02-03,0,67795.0,123498,2027-02-03,B,RDC - Rotary Die Cut,,Plain,0,3,,4.0,7,1,0,46.04,48.04,0,0.0,"D/C Insert - 23-5/8 x 22-5/8
23-5/8 x 22-5/8 (4 Up)
RDC Plain 32B ECT Kraft
1750/unit",Mitchell's,,0,,,1.0,0,0,0,True,0,,Regular,False,4,0,B32 K,CRB,2026-03-20 14:13:51,,0,False,0,0,200 B,Farm Out,,1,63,0,12,0,N,,Aylmer,23.1,22.1,0.0,,1.0,0,False,2026-03-20,No Closure,01/29-MIDN01,,"12040 - 
12714 - MID NORTH
12884 - CAN 1 - A",,01/29-MIDN01,,,
337687,5032198,1,2027-04-02,500,1,234,0,0,0,0,1.0,0,,Corrugator,17500,3874.0,67795.0,15750.0,19250,12170,,,2027-04-07,0,67795.0,123498,2027-04-07,B,RDC - Rotary Die Cut,,Plain,0,3,,4.0,0,1,0,46.04,48.04,0,0.0,"D/C Insert - 23-5/8 x 22-5/8
23-5/8 x 22-5/8 (4 Up)
RDC Plain 32B ECT Kraft
1750/unit",Mitchell's,,0,,,1.0,0,0,0,True,0,,Regular,False,234,0,B32 K,CRB,2026-03-20 14:17:58,,0,False,0,0,200 B,,,1,63,0,12,0,N,,Aylmer,23.1,22.1,0.0,,1.0,0,False,2026-03-20,No Closure,04/02-MIDN01,,"12040 - 
12714 - MID NORTH
12884 - CAN 1 - A",,04/02-MIDN01,168.0,2027-04-05,
337688,5032198,1,2027-04-05,500,10,168,1,0,1,0,1.0,0,,Farm Out,17500,3874.0,67795.0,15750.0,19250,12170,,,2027-04-07,0,67795.0,123498,2027-04-07,B,RDC - Rotary Die Cut,,Plain,0,3,,4.0,7,1,0,46.04,48.04,0,0.0,"D/C Insert - 23-5/8 x 22-5/8
23-5/8 x 22-5/8 (4 Up)
RDC Plain 32B ECT Kraft
1750/unit",Mitchell's,,0,,,1.0,0,0,0,True,0,,Regular,False,4,0,B32 K,CRB,2026-03-20 14:17:58,,0,False,0,0,200 B,Farm Out,,1,63,0,12,0,N,,Aylmer,23.1,22.1,0.0,,1.0,0,False,2026-03-20,No Closure,04/02-MIDN01,,"12040 - 
12714 - MID NORTH
12884 - CAN 1 - A",,04/02-MIDN01,,,
337678,5032197,1,2027-02-26,500,1,234,0,0,0,0,1.0,0,,Corrugator,17500,3874.0,67795.0,15750.0,19250,12170,,,2027-03-03,0,67795.0,123498,2027-03-03,B,RDC - Rotary Die Cut,,Plain,0,3,,4.0,0,1,0,46.04,48.04,0,0.0,"D/C Insert - 23-5/8 x 22-5/8
23-5/8 x 22-5/8 (4 Up)
RDC Plain 32B ECT Kraft
1750/unit",Mitchell's,,0,,,1.0,0,0,0,True,0,,Regular,False,234,0,B32 K,CRB,2026-03-20 14:15:52,,0,False,0,0,200 B,,,1,63,0,12,0,N,,Aylmer,23.1,22.1,0.0,,1.0,0,False,2026-03-20,No Closure,02/26-MIDN01,,"12040 - 
12714 - MID NORTH
12884 - CAN 1 - A",,02/26-MIDN01,168.0,2027-03-01,
337679,5032197,1,2027-03-01,500,10,168,1,0,1,0,1.0,0,,Farm Out,17500,3874.0,67795.0,15750.0,19250,12170,,,2027-03-03,0,67795.0,123498,2027-03-03,B,RDC - Rotary Die Cut,,Plain,0,3,,4.0,7,1,0,46.04,48.04,0,0.0,"D/C Insert - 23-5/8 x 22-5/8
23-5/8 x 22-5/8 (4 Up)
RDC Plain 32B ECT Kraft
1750/unit",Mitchell's,,0,,,1.0,0,0,0,True,0,,Regular,False,4,0,B32 K,CRB,2026-03-20 14:15:52,,0,False,0,0,200 B,Farm Out,,1,63,0,12,0,N,,Aylmer,23.1,22.1,0.0,,1.0,0,False,2026-03-20,No Closure,02/26-MIDN01,,"12040 - 
12714 - MID NORTH
12884 - CAN 1 - A",,02/26-MIDN01,,,
367886,5035563,3,2026-09-23,500,10,166,1,33,1,4000,1.0,0,,United Rotary 66x113 4 Colour,10000,7201.0,72010.0,9000.0,11000,13964,,,2026-09-28,0,72010.0,124554,2026-09-28,C,RDC - Rotary Die Cut,R,Plain,0,3,,2.0,3,1,0,35.0,59.04,0,183.0,"Bottom 40lb Sweet Potato
17 x 58-1/4 (2 Up)
RDC, Glued, Plain C Flute 
44 ECT Kraft WRA 
30# Med",Berlo's,,0,,,1.0,0,0,0,True,2,,Regular,False,2,0,C44 K,CRB,2026-08-10 10:08:07,,0,False,0,0,275 C,Prospect Rotary,,1,63,0,12,0,GI,,Simcoe,58.04,17.0,0.0,,0.0,0,False,2026-08-10,Glued,09/18-MONT01,"R,BobstGluer","12065 - 0 - 4
12115 - 
13557 - CASCADES",,09/18-MONT01,167.0,2026-09-24,234.0
367887,5035563,3,2026-09-24,500,20,167,1,31,1,5600,1.0,0,,"Bobst Specialty Gluer 115""",10000,7201.0,72010.0,9000.0,11000,13964,,,2026-09-28,0,72010.0,124554,2026-09-28,C,RDC - Rotary Die Cut,Bobst Gluer,Plain,0,3,,2.0,3,1,0,35.0,59.04,0,138.0,"Bottom 40lb Sweet Potato
17 x 58-1/4 (2 Up)
RDC, Glued, Plain C Flute 
44 ECT Kraft WRA 
30# Med",Berlo's,,0,,,1.0,0,0,0,True,0,,Regular,False,6,0,C44 K,CRB,2026-08-10 10:08:07,,0,False,0,0,275 C,Bobst Gluer,,1,63,0,12,0,GI,,Simcoe,58.04,17.0,0.0,,0.0,0,False,2026-08-10,Glued,09/18-MONT01,"R,BobstGluer","12065 - 0 - 4
12115 - 
13557 - CASCADES",,09/18-MONT01,,,427.0
367797,5035560,1,2026-10-28,500,10,208,1,0,1,0,1.0,0,,Finished Good,250,36351.0,9087.75,225.0,275,10002,,,2026-10-29,0,9087.75,125045,2026-10-29,C,Regular Slotted Carton,,Plain,0,3,,1.0,8,1,0,47.12,109.1,0,0.0,"KCA602 Breathe Box
27-3/4 x 26 x 21-1/4
RSC 32C Kraft 125/sk",Kromet,,0,,,1.0,5,0,0,True,0,,Regular,False,0,0,C32 K,CRB,2026-08-10 07:32:19,,0,False,0,0,200 C,,,1,60,0,14,0,GI,,Hamilton,27.12,26.0,21.04,,0.0,0,False,2026-08-10,Glued,No P.O.,,,,No P.O.,,,
368840,5035593,1,2026-08-19,500,10,208,1,0,1,0,1.0,0,,Finished Good,5000,4918.0,24590.0,4500.0,5500,10002,,,2026-08-20,1,24590.0,125046,2026-08-20,C,Sheet,,Plain,0,3,,1.0,8,1,0,27.08,25.12,0,0.0,"KPA538 Breathe Pad 
27-1/2 x 25-3/4
Sheet, Plain 32C K
460/unit",Kromet,,0,,,1.0,5,0,0,True,0,,Stock & Release,False,0,0,C32 K,OT,2026-08-12 12:22:08,,0,False,0,0,200 C,,,1,66,0,14,0,,,Cambridge,27.08,25.12,0.0,,0.0,0,False,2026-08-12,Not Applicable,No P.O.,,,,No P.O.,,,
367880,5035563,1,2026-09-22,500,1,256,0,0,0,0,1.0,0,,Interpac Corrugator,10000,7081.0,70810.0,9000.0,11000,13964,,,2026-09-28,0,70810.0,125737,2026-09-28,C,RDC - Rotary Die Cut,,Flexo 3 Colour Printing,3,3,,2.0,1,1,0,33.08,60.14,0,0.0,"Lid 40lb Sweet, Orange
16-1/4 x 59-7/8 (2 Up), Orange
RDC, Glued, 3 Col Flexo 32C W WRA
500/Unit",Berlo's,,0,,,1.0,0,0,0,True,0,,Regular,False,0,0,C32 OY,CRB,2026-08-10 10:08:07,,0,False,0,0,200 C Oys,,,1,64,0,12,0,GI,"GCMI 81 ORANGE on oyster (10%), GCMI 2081 GREEN (10%), GCMI 90 BLACK AU (10%)",Simcoe,59.14,16.04,0.0,,0.0,0,False,2026-08-10,Glued,09/18-Moyy,"R,BobstGluer","12070 - ROYAL ST. THOMAS
12127 - ROYAL ST. THOMAS","GCMI 90 BLACK AU
GCMI 2081 GREEN
GCMI 81 ORANGE on oyster",09/18-Moyy,166.0,2026-09-23,
367881,5035563,1,2026-09-23,500,10,166,1,133,1,4000,1.0,0,,United Rotary 66x113 4 Colour,10000,7081.0,70810.0,9000.0,11000,13964,,,2026-09-28,0,70810.0,125737,2026-09-28,C,RDC - Rotary Die Cut,R,Flexo 3 Colour Printing,3,3,,2.0,3,1,0,33.08,60.14,0,283.0,"Lid 40lb Sweet, Orange
16-1/4 x 59-7/8 (2 Up), Orange
RDC, Glued, 3 Col Flexo 32C W WRA
500/Unit",Berlo's,,0,,,1.0,0,0,0,True,2,,Regular,False,2,0,C32 OY,CRB,2026-08-10 10:08:07,,0,False,0,0,200 C Oys,Prospect Rotary,,1,64,0,12,0,GI,"GCMI 81 ORANGE on oyster (10%), GCMI 2081 GREEN (10%), GCMI 90 BLACK AU (10%)",Simcoe,59.14,16.04,0.0,,0.0,0,False,2026-08-10,Glued,09/18-Moyy,"R,BobstGluer","12070 - ROYAL ST. THOMAS
12127 - ROYAL ST. THOMAS","GCMI 90 BLACK AU
GCMI 2081 GREEN
GCMI 81 ORANGE on oyster",09/18-Moyy,167.0,2026-09-24,600.0
367882,5035563,1,2026-09-24,500,20,167,1,31,1,5600,1.0,0,,"Bobst Specialty Gluer 115""",10000,7081.0,70810.0,9000.0,11000,13964,,,2026-09-28,0,70810.0,125737,2026-09-28,C,RDC - Rotary Die Cut,Bobst Gluer,Flexo 3 Colour Printing,3,3,,2.0,3,1,0,33.08,60.14,0,138.0,"Lid 40lb Sweet, Orange
16-1/4 x 59-7/8 (2 Up), Orange
RDC, Glued, 3 Col Flexo 32C W WRA
500/Unit",Berlo's,,0,,,1.0,0,0,0,True,0,,Regular,False,6,0,C32 OY,CRB,2026-08-10 10:08:07,,0,False,0,0,200 C Oys,Bobst Gluer,,1,64,0,12,0,GI,"GCMI 81 ORANGE on oyster (10%), GCMI 2081 GREEN (10%), GCMI 90 BLACK AU (10%)",Simcoe,59.14,16.04,0.0,,0.0,0,False,2026-08-10,Glued,09/18-Moyy,"R,BobstGluer","12070 - ROYAL ST. THOMAS
12127 - ROYAL ST. THOMAS","GCMI 90 BLACK AU
GCMI 2081 GREEN
GCMI 81 ORANGE on oyster",09/18-Moyy,,,684.0
367883,5035563,2,2026-09-22,500,1,256,0,0,0,0,1.0,0,,Interpac Corrugator,10000,7081.0,70810.0,9000.0,11000,13964,,,2026-09-28,0,70810.0,125738,2026-09-28,C,RDC - Rotary Die Cut,,Flexo 2 Colour Printing,2,3,,2.0,1,1,0,33.08,60.14,0,0.0,"Lid 40lb Sweet, Black & Green
16-1/4 x 59-7/8 (2 Up)
RDC, Glued, 2 Colour Flexo 32C W WRA",Berlo's,,0,,,1.0,0,0,0,True,0,,Regular,False,0,0,C32 OY,CRB,2026-08-10 10:08:07,,0,False,0,0,200 C Oys,,,1,64,0,12,0,GI,"GCMI 90 BLACK HK (10%), GCMI 2081 GREEN (10%)",Simcoe,59.14,16.04,0.0,,0.0,0,False,2026-08-10,Glued,09/18-Moyy,"R,BobstGluer","12070 - ROYAL ST. THOMAS
12128 - ROYAL CONTAINERS ST. THOMAS","GCMI 90 BLACK HK
GCMI 2081 GREEN",09/18-Moyy,166.0,2026-09-23,
367884,5035563,2,2026-09-23,500,10,166,1,100,1,4000,2.0,0,,United Rotary 66x113 4 Colour,10000,7081.0,70810.0,4500.0,11000,13964,,,2026-09-28,0,70810.0,125738,2026-09-28,C,RDC - Rotary Die Cut,R,Flexo 2 Colour Printing,2,3,,2.0,3,1,0,33.08,60.14,0,250.0,"Lid 40lb Sweet, Black & Green
16-1/4 x 59-7/8 (2 Up)
RDC, Glued, 2 Colour Flexo 32C W WRA",Berlo's,,0,,,1.0,0,0,0,True,2,,Regular,False,2,0,C32 OY,CRB,2026-08-10 10:08:07,,0,False,0,0,200 C Oys,Prospect Rotary,,1,64,0,12,0,GI,"GCMI 90 BLACK HK (10%), GCMI 2081 GREEN (10%)",Simcoe,59.14,16.04,0.0,,0.0,0,False,2026-08-10,Glued,09/18-Moyy,"R,BobstGluer","12070 - ROYAL ST. THOMAS
12128 - ROYAL CONTAINERS ST. THOMAS","GCMI 90 BLACK HK
GCMI 2081 GREEN",09/18-Moyy,167.0,2026-09-24,524.0
367885,5035563,2,2026-09-24,500,20,167,1,31,1,5600,1.0,0,,"Bobst Specialty Gluer 115""",10000,7081.0,70810.0,9000.0,11000,13964,,,2026-09-28,0,70810.0,125738,2026-09-28,C,RDC - Rotary Die Cut,Bobst Gluer,Flexo 2 Colour Printing,2,3,,2.0,3,1,0,33.08,60.14,0,138.0,"Lid 40lb Sweet, Black & Green
16-1/4 x 59-7/8 (2 Up)
RDC, Glued, 2 Colour Flexo 32C W WRA",Berlo's,,0,,,1.0,0,0,0,True,0,,Regular,False,6,0,C32 OY,CRB,2026-08-10 10:08:07,,0,False,0,0,200 C Oys,Bobst Gluer,,1,64,0,12,0,GI,"GCMI 90 BLACK HK (10%), GCMI 2081 GREEN (10%)",Simcoe,59.14,16.04,0.0,,0.0,0,False,2026-08-10,Glued,09/18-Moyy,"R,BobstGluer","12070 - ROYAL ST. THOMAS
12128 - ROYAL CONTAINERS ST. THOMAS","GCMI 90 BLACK HK
GCMI 2081 GREEN",09/18-Moyy,,,308.0
=======
>>>>>>> 3d7f0d50c55d01c676d7c4bff56f84cbc3a91754
362053,5034308,1,2026-08-17,500,10,168,1,0,1,0,1.0,0,,Farm Out,5000,2790.0,13950.0,4500.0,5500,10027,,,2026-08-18,0,13950.0,127586,2026-08-18,C,Regular Slotted Carton,,Plain,0,3,,1.0,7,1,0,10.14,36.15,0,0.0,"DoubleDutch HalfSize
10-7/16 x 7 x 3-1/4
RSC Plain 29C Kraft
1000/skid",Scheps,,0,,,1.0,0,0,0,True,0,,Regular,False,4,0,C29 K,CRB,2026-07-16 15:35:39,,0,False,0,0,175 C,Farm Out,,1,60,0,12,0,GI,,Tillsonburg,10.07,7.0,3.04,,0.0,0,False,2026-07-16,Glued,08/13-FLIN01,,,,08/13-FLIN01,,,
<<<<<<< HEAD
367866,5035562,1,2026-08-14,-180,1,234,0,0,0,0,1.0,0,,Corrugator,2000,7081.0,14162.0,1800.0,2200,13964,,,2026-08-20,0,14162.0,141431,2026-08-20,C,RDC - Rotary Die Cut,,Flexo 3 Colour Printing,3,3,,2.0,0,1,0,33.08,60.14,0,0.0,"Orange USA-New Print
Lid 40lb Sweet Potato,
16-1/4 x 59-7/8 (2 Up), Orange
RDC, Glued, 3 Col Flex",Berlo's,,0,,,1.0,0,0,0,True,0,,Regular,False,234,0,C32 OY,OT,2026-08-10 10:03:00,,0,False,0,0,200 C Oys,,,1,64,0,12,0,GI,"GCMI 81 ORANGE on oyster (80%), GCMI 2081 GREEN (10%), GCMI 90 BLACK AU (10%)",Simcoe,59.14,16.03,0.0,,1.0,0,False,2026-08-10,Glued,08/17-MONT01,"R,BobstGluer","12070 - ROYAL ST. THOMAS
12760 - ROYAL ST. THOMAS","GCMI 90 BLACK AU
GCMI 2081 GREEN
GCMI 81 ORANGE on oyster",08/17-MONT01,166.0,2026-08-17,
367867,5035562,1,2026-08-17,500,10,166,1,100,1,4000,1.0,0,,United Rotary 66x113 4 Colour,2000,7081.0,14162.0,1800.0,2200,13964,,,2026-08-20,0,14162.0,141431,2026-08-20,C,RDC - Rotary Die Cut,R,Flexo 3 Colour Printing,3,3,,2.0,3,1,0,33.08,60.14,0,130.0,"Orange USA-New Print
Lid 40lb Sweet Potato,
16-1/4 x 59-7/8 (2 Up), Orange
RDC, Glued, 3 Col Flex",Berlo's,,0,,,1.0,0,0,0,True,2,,Regular,False,2,0,C32 OY,OT,2026-08-10 10:03:00,,0,False,0,0,200 C Oys,Prospect Rotary,,1,64,0,12,0,GI,"GCMI 81 ORANGE on oyster (80%), GCMI 2081 GREEN (10%), GCMI 90 BLACK AU (10%)",Simcoe,59.14,16.03,0.0,,1.0,0,False,2026-08-10,Glued,08/17-MONT01,"R,BobstGluer","12070 - ROYAL ST. THOMAS
12760 - ROYAL ST. THOMAS","GCMI 90 BLACK AU
GCMI 2081 GREEN
GCMI 81 ORANGE on oyster",08/17-MONT01,167.0,2026-08-19,6529.0
367868,5035562,1,2026-08-19,120,20,167,1,31,1,5600,1.0,0,,"Bobst Specialty Gluer 115""",2000,7081.0,14162.0,1800.0,2200,13964,,,2026-08-20,0,14162.0,141431,2026-08-20,C,RDC - Rotary Die Cut,Bobst Gluer,Flexo 3 Colour Printing,3,3,,2.0,3,1,0,33.08,60.14,0,52.0,"Orange USA-New Print
Lid 40lb Sweet Potato,
16-1/4 x 59-7/8 (2 Up), Orange
RDC, Glued, 3 Col Flex",Berlo's,,0,,,1.0,0,0,0,True,0,,Regular,False,6,0,C32 OY,OT,2026-08-10 10:03:00,,0,False,0,0,200 C Oys,Bobst Gluer,,1,64,0,12,0,GI,"GCMI 81 ORANGE on oyster (80%), GCMI 2081 GREEN (10%), GCMI 90 BLACK AU (10%)",Simcoe,59.14,16.03,0.0,,1.0,0,False,2026-08-10,Glued,08/17-MONT01,"R,BobstGluer","12070 - ROYAL ST. THOMAS
12760 - ROYAL ST. THOMAS","GCMI 90 BLACK AU
GCMI 2081 GREEN
GCMI 81 ORANGE on oyster",08/17-MONT01,,,96.0
369386,5035617,1,2026-08-20,500,10,168,1,0,1,0,1.0,0,,Farm Out,560,16000.0,8960.0,504.0,616,10041,,,2026-08-21,0,8960.0,150073,2026-08-21,C,Sheet,,Plain,0,3,,1.0,7,1,0,48.0,48.0,0,0.0,"48 x 48"" Sheet
26C Kraft
280/SKID",Jake,,0,,,1.0,0,0,0,True,0,,Regular,False,4,0,C26 K,OT,2026-08-13 15:10:53,,0,False,0,0,125 O/T C,Farm Out,,1,66,0,12,0,N,,Kitchener,48.0,48.0,0.0,,0.0,0,False,2026-08-13,No Closure,08/18-MONT01,,,,08/18-MONT01,,,
369393,5035619,2,2026-09-09,500,10,168,1,0,1,0,1.0,0,,Farm Out,1120,16000.0,17920.0,1008.0,1232,10041,,,2026-09-10,0,17920.0,150073,2026-09-10,C,Sheet,,Plain,0,3,,1.0,7,1,0,48.0,48.0,0,0.0,"48 x 48"" Sheet
26C Kraft
280/SKID",Jake,,0,,,1.0,0,0,0,True,0,,Regular,False,4,0,C26 K,CRB,2026-08-13 15:37:41,,0,False,0,0,125 O/T C,Farm Out,,1,66,0,12,0,N,,Kitchener,48.0,48.0,0.0,,0.0,0,False,2026-08-13,No Closure,No P.O.,,,,No P.O.,,,
366670,5035500,1,2026-09-28,500,10,208,1,0,1,0,1.0,0,,Finished Good,250,6315.0,1578.75,225.0,275,10002,,,2026-08-21,0,1578.75,150312,2026-08-21,B,Five Panel Wrap,,Plain,0,3,,1.0,8,1,0,34.09,26.05,0,0.0,"KCA574 
25-11/16x6-1/2x4-1/4 
FPW 32B Kraft KCA574 
310/ Unit",Kromet,,0,,,1.0,5,5,0,True,0,,Regular,False,0,0,B32 K,CRB,2026-07-31 13:12:34,,0,False,0,0,200 B,,,1,69,0,14,0,N,,Hamilton,25.11,6.08,4.04,,0.0,0,False,2026-07-31,No Closure,08/19-FLIN01,,,,08/19-FLIN01,,,
365111,5035449,1,2026-08-17,360,10,69,1,33,1,2520,1.0,0,,Langston Saturn 50x110,5000,7218.0,36090.0,4500.0,5500,12635,,,2026-08-21,0,36090.0,154443,2026-08-21,C,Regular Slotted Carton,L,Plain,0,3,W2200277,1.0,3,1,0,21.06,48.1,0,152.0,"SUM828-28-12
12-3/4 x 10-1/2 x 10-1/4
RSC, Glued, 32C Kraft
500/unit",Oxibrite,,0,,,0.6,0,0,0,True,2,,Regular,False,1,0,C32 K,CRB,2026-07-28 07:32:33,,0,False,0,0,200 C,Langston,,1,60,0,12,0,GI,,Guelph,12.12,10.08,10.04,,1.0,0,False,2026-07-28,Glued,08/13-MONT01,L,,,08/13-MONT01,,,125.0
361229,5034265,1,2026-08-17,110,10,166,1,33,1,1800,1.0,0,,United Rotary 66x113 4 Colour,500,24599.0,12299.5,450.0,550,11357,,,2026-08-14,0,12299.5,155235,2026-08-14,C,RDC - Rotary Die Cut,R,Flexo 1 Colour Print,1,3,,1.0,3,1,0,54.13,64.1,0,50.0,"Ditra 30M2
53-13/16 X 63-5/8
RDC, Plain 32 C Kraft
22060119 - 240/UNIT",Dorken Systems,,0,,,1.0,0,0,0,True,2,,Regular,False,2,0,C32 K,CRB,2026-07-14 10:36:54,,0,False,0,0,200 C,Prospect Rotary,,1,63,0,12,0,N,GCMI 90 BLACK AU (10%),Beamsville,63.1,53.13,0.0,,1.0,0,False,2026-07-14,No Closure,08/14-MONT01,R,"11636 - I-12,13",GCMI 90 BLACK AU,08/14-MONT01,,,72.0
366595,5035496,1,2026-08-21,500,10,166,1,13,1,4500,1.0,0,,United Rotary 66x113 4 Colour,500,24599.0,12299.5,450.0,550,11357,,,2026-08-24,0,12299.5,155235,2026-08-24,C,RDC - Rotary Die Cut,R,Flexo 1 Colour Print,1,3,,1.0,3,1,0,54.13,64.1,0,20.0,"Ditra 30M2
53-13/16 X 63-5/8
RDC, Plain 32 C Kraft
22060119 - 240/UNIT",Dorken Systems,,0,,,1.0,0,0,0,True,2,,Regular,False,2,0,C32 K,CRB,2026-07-31 11:59:17,,0,False,0,0,200 C,Prospect Rotary,,1,63,0,12,0,N,GCMI 90 BLACK AU (10%),Beamsville,63.1,53.13,0.0,,0.0,0,False,2026-07-31,No Closure,08/17-MONT01,R,"11636 - I-12,13",GCMI 90 BLACK AU,08/17-MONT01,,,52.0
366597,5035497,1,2026-08-28,500,10,166,1,13,1,4500,1.0,0,,United Rotary 66x113 4 Colour,500,24599.0,12299.5,450.0,550,11357,,,2026-08-31,0,12299.5,155235,2026-08-31,C,RDC - Rotary Die Cut,R,Flexo 1 Colour Print,1,3,,1.0,3,1,0,54.13,64.1,0,20.0,"Ditra 30M2
53-13/16 X 63-5/8
RDC, Plain 32 C Kraft
22060119 - 240/UNIT",Dorken Systems,,0,,,1.0,0,0,0,True,2,,Regular,False,2,0,C32 K,CRB,2026-07-31 12:00:18,,0,False,0,0,200 C,Prospect Rotary,,1,63,0,12,0,N,GCMI 90 BLACK AU (10%),Beamsville,63.1,53.13,0.0,,0.0,0,False,2026-07-31,No Closure,08/17-MONT01,R,"11636 - I-12,13",GCMI 90 BLACK AU,08/17-MONT01,,,52.0
364556,5035403,1,2026-08-26,500,10,166,1,33,1,1600,1.0,0,,United Rotary 66x113 4 Colour,500,26932.0,13466.0,450.0,550,11357,,,2026-08-31,0,13466.0,155238,2026-08-31,C,RDC - Rotary Die Cut,R,Flexo 1 Colour Print,1,3,,1.0,3,1,0,57.09,67.06,0,52.0,"Ditra 150 65-7/8 x 56-1/16
Rotary Die Cut, No Closure 
Plain 32C Kraft
22060121",Dorken Systems,,0,,,1.0,0,0,0,True,2,,Regular,False,2,0,C32 K,CRB,2026-07-23 15:17:59,,0,False,0,0,200 C,Prospect Rotary,,1,63,0,12,0,N,GCMI 90 BLACK AU (1%),Beamsville,65.14,56.01,0.0,,0.0,0,False,2026-07-23,No Closure,08/21-MONT01,R,11637 - SKID A,GCMI 90 BLACK AU,08/21-MONT01,,,99.0
366591,5035494,1,2026-08-20,500,10,166,1,33,1,1800,1.0,0,,United Rotary 66x113 4 Colour,500,25435.0,12717.5,450.0,550,11357,,,2026-08-24,0,12717.5,155239,2026-08-24,C,RDC - Rotary Die Cut,R,Flexo 1 Colour Print,1,3,,1.0,3,1,0,55.13,65.1,0,50.0,"Ditra XL
64-5/8 x 54-13/16
Rotary Die Cut, 1Col
32 C Kraft
22060122
250/ Unit",Dorken Systems,,0,,,1.0,0,0,0,True,2,,Regular,False,2,0,C32 K,CRB,2026-07-31 11:54:00,,0,False,0,0,200 C,Prospect Rotary,,1,63,0,12,0,N,GCMI 90 BLACK AU (10%),Beamsville,64.1,54.13,0.0,,0.0,0,False,2026-07-31,No Closure,08/17-MONT01,R,11638 - FLINT,GCMI 90 BLACK AU,08/17-MONT01,,,59.0
366593,5035495,1,2026-08-27,500,10,166,1,33,1,1800,1.0,0,,United Rotary 66x113 4 Colour,500,25435.0,12717.5,450.0,550,11357,,,2026-08-31,0,12717.5,155239,2026-08-31,C,RDC - Rotary Die Cut,R,Flexo 1 Colour Print,1,3,,1.0,3,1,0,55.13,65.1,0,50.0,"Ditra XL
64-5/8 x 54-13/16
Rotary Die Cut, 1Col
32 C Kraft
22060122
250/ Unit",Dorken Systems,,0,,,1.0,0,0,0,True,2,,Regular,False,2,0,C32 K,CRB,2026-07-31 11:55:02,,0,False,0,0,200 C,Prospect Rotary,,1,63,0,12,0,N,GCMI 90 BLACK AU (10%),Beamsville,64.1,54.13,0.0,,0.0,0,False,2026-07-31,No Closure,08/17-MONT01,R,11638 - FLINT,GCMI 90 BLACK AU,08/17-MONT01,,,59.0
366551,5035492,1,2026-08-25,500,10,69,1,78,1,1500,1.0,0,,Langston Saturn 50x110,10000,6275.0,62750.0,9000.0,11000,16435,,,2026-08-27,0,62750.0,158363,2026-08-27,C,Regular Slotted Carton,L,Plain,0,3,M2201091,1.0,3,1,0,15.12,57.06,0,478.0,"Sorrisa Freedom Master
19-1/4 x 8-3/8 x 7
RSC, Glued, Plain C Flute 32 ECT Kraft
Extended Glue Ta",Scheps Novelties,,0,,,0.6,0,0,0,True,2,,Regular,False,1,0,C32 K,CRB,2026-07-31 09:16:41,,0,False,0,0,200 C,Langston,,1,60,0,12,0,GI,,Tillsonburg,19.04,8.06,7.0,,0.0,0,False,2026-07-31,Glued,08/21-Moyy,L,,,08/21-Moyy,,,669.0
337680,5032197,2,2027-03-02,500,10,69,1,24,1,4200,1.0,0,,Langston Saturn 50x110,8160,6433.0,52493.28,7344.0,8976,12170,,,2027-03-03,0,52493.28,158846,2027-03-03,C,Regular Slotted Carton,L,Flexo 1 Colour Print,1,3,,1.0,3,1,0,17.12,52.03,0,141.0,"12-1/2 x 12-1/2 x 4-3/4
32C Kraft RSC 1C - logo 1 side
680/Unit",Mitchell's,,0,,,0.6,0,0,0,True,2,,Regular,False,1,0,C32 K,CRB,2026-03-20 14:15:52,,0,False,0,0,200 C,Langston,,1,60,0,12,0,GI,GCMI 90 BLACK HK (15%),Aylmer,12.08,12.08,4.12,,0.0,0,False,2026-03-20,Glued,No P.O.,L,12979 - LANGSTON,GCMI 90 BLACK HK,No P.O.,,,291.0
337689,5032198,2,2027-04-06,500,10,69,1,24,1,4200,1.0,0,,Langston Saturn 50x110,8160,6433.0,52493.28,7344.0,8976,12170,,,2027-04-07,0,52493.28,158846,2027-04-07,C,Regular Slotted Carton,L,Flexo 1 Colour Print,1,3,,1.0,3,1,0,17.12,52.03,0,141.0,"12-1/2 x 12-1/2 x 4-3/4
32C Kraft RSC 1C - logo 1 side
680/Unit",Mitchell's,,0,,,0.6,0,0,0,True,2,,Regular,False,1,0,C32 K,CRB,2026-03-20 14:17:58,,0,False,0,0,200 C,Langston,,1,60,0,12,0,GI,GCMI 90 BLACK HK (15%),Aylmer,12.08,12.08,4.12,,0.0,0,False,2026-03-20,Glued,No P.O.,L,12979 - LANGSTON,GCMI 90 BLACK HK,No P.O.,,,291.0
337671,5032196,2,2027-02-02,500,10,69,1,24,1,4200,1.0,0,,Langston Saturn 50x110,8160,6433.0,52493.28,7344.0,8976,12170,,,2027-02-03,0,52493.28,158846,2027-02-03,C,Regular Slotted Carton,L,Flexo 1 Colour Print,1,3,,1.0,3,1,0,17.12,52.03,0,141.0,"12-1/2 x 12-1/2 x 4-3/4
32C Kraft RSC 1C - logo 1 side
680/Unit",Mitchell's,,0,,,0.6,0,0,0,True,2,,Regular,False,1,0,C32 K,CRB,2026-03-20 14:13:51,,0,False,0,0,200 C,Langston,,1,60,0,12,0,GI,GCMI 90 BLACK HK (15%),Aylmer,12.08,12.08,4.12,,0.0,0,False,2026-03-20,Glued,No P.O.,L,12979 - LANGSTON,GCMI 90 BLACK HK,No P.O.,,,291.0
337662,5032195,2,2027-01-05,500,10,69,1,24,1,4200,1.0,0,,Langston Saturn 50x110,8160,6433.0,52493.28,7344.0,8976,12170,,,2027-01-06,0,52493.28,158846,2027-01-06,C,Regular Slotted Carton,L,Flexo 1 Colour Print,1,3,,1.0,3,1,0,17.12,52.03,0,141.0,"12-1/2 x 12-1/2 x 4-3/4
32C Kraft RSC 1C - logo 1 side
680/Unit",Mitchell's,,0,,,0.6,0,0,0,True,2,,Regular,False,1,0,C32 K,CRB,2026-03-20 14:11:41,,0,False,0,0,200 C,Langston,,1,60,0,12,0,GI,GCMI 90 BLACK HK (15%),Aylmer,12.08,12.08,4.12,,0.0,0,False,2026-03-20,Glued,No P.O.,L,12979 - LANGSTON,GCMI 90 BLACK HK,No P.O.,,,291.0
337653,5032194,2,2026-12-01,500,10,69,1,24,1,4200,1.0,0,,Langston Saturn 50x110,8160,6433.0,52493.28,7344.0,8976,12170,,,2026-12-02,0,52493.28,158846,2026-12-02,C,Regular Slotted Carton,L,Flexo 1 Colour Print,1,3,,1.0,3,1,0,17.12,52.03,0,141.0,"12-1/2 x 12-1/2 x 4-3/4
32C Kraft RSC 1C - logo 1 side
680/Unit",Mitchell's,,0,,,0.6,0,0,0,True,2,,Regular,False,1,0,C32 K,CRB,2026-03-20 14:09:25,,0,False,0,0,200 C,Langston,,1,60,0,12,0,GI,GCMI 90 BLACK HK (15%),Aylmer,12.08,12.08,4.12,,0.0,0,False,2026-03-20,Glued,09/24-Moyy,L,12979 - LANGSTON,GCMI 90 BLACK HK,09/24-Moyy,,,291.0
337644,5032193,2,2026-11-03,500,10,69,1,24,1,4200,1.0,0,,Langston Saturn 50x110,8160,6433.0,52493.28,7344.0,8976,12170,,,2026-11-04,0,52493.28,158846,2026-11-04,C,Regular Slotted Carton,L,Flexo 1 Colour Print,1,3,,1.0,3,1,0,17.12,52.03,0,141.0,"12-1/2 x 12-1/2 x 4-3/4
32C Kraft RSC 1C - logo 1 side
680/Unit",Mitchell's,,0,,,0.6,0,0,0,True,2,,Regular,False,1,0,C32 K,CRB,2026-03-20 14:07:21,,0,False,0,0,200 C,Langston,,1,60,0,12,0,GI,GCMI 90 BLACK HK (15%),Aylmer,12.08,12.08,4.12,,0.0,0,False,2026-03-20,Glued,09/28-Moyy,L,12979 - LANGSTON,GCMI 90 BLACK HK,09/28-Moyy,,,291.0
337635,5032192,2,2026-10-06,500,10,69,1,24,1,4200,1.0,0,,Langston Saturn 50x110,8160,6433.0,52493.28,7344.0,8976,12170,,,2026-10-07,0,52493.28,158846,2026-10-07,C,Regular Slotted Carton,L,Flexo 1 Colour Print,1,3,,1.0,3,1,0,17.12,52.03,0,141.0,"12-1/2 x 12-1/2 x 4-3/4
32C Kraft RSC 1C - logo 1 side
680/Unit",Mitchell's,,0,,,0.6,0,0,0,True,2,,Regular,False,1,0,C32 K,CRB,2026-03-20 14:04:19,,0,False,0,0,200 C,Langston,,1,60,0,12,0,GI,GCMI 90 BLACK HK (15%),Aylmer,12.08,12.08,4.12,,0.0,0,False,2026-03-20,Glued,09/28-Moyy,L,12979 - LANGSTON,GCMI 90 BLACK HK,09/28-Moyy,,,291.0
367787,5035556,1,2026-08-17,500,10,208,1,0,1,0,1.0,0,,Finished Good,500,4931.0,2465.5,450.0,550,11236,,,2026-08-19,0,2465.5,160524,2026-08-19,C,Regular Slotted Carton,,Flexo 1 Colour Print,1,3,M2300931,1.0,8,1,0,18.1,38.02,0,0.0,"99E-90010 9 x 9 x 9
32C Kraft RSC 1Col
500/unit",Wika,,0,,,1.0,0,0,0,True,0,,Regular,False,0,0,C32 K,OT,2026-08-10 07:08:59,,0,False,0,0,200 C,,,1,60,0,12,0,GI,GCMI 3229 BLUE (10%),Oakville,9.0,9.0,9.0,,0.0,0,False,2026-08-10,Glued,08/14-FLIN01,,13624 - FLINT,GCMI 3229 BLUE,08/14-FLIN01,,,
369597,5035621,1,2026-08-20,500,10,168,1,0,1,0,1.0,0,,Farm Out,5000,11575.0,57875.0,4500.0,5500,11166,,,2026-08-21,0,57875.0,162530,2026-08-21,C,Full Overlap,,Flexo 1 Colour Print,1,3,,1.0,7,1,0,31.06,53.02,0,0.0,"Standard 20-1/2x5x20-3/4 
32C K 1C FOL 
1 Hinged/ 1 Hand Hole
250/unit",Blake,,0,,,1.0,0,0,0,True,0,,Regular,False,4,0,C32 K,OT,2026-08-13 16:20:44,,0,False,0,0,200 C,Farm Out,,1,70,0,12,0,GI,GCMI 33 BLUE (15%),Brantford,20.08,5.0,20.12,,0.0,0,False,2026-08-13,Glued,No P.O.,,12472 - BOXES NEXT DAY,GCMI 33 BLUE,No P.O.,,,
=======
360219,5034145,2,2026-08-05,-400,10,168,1,0,1,0,1.0,0,,Farm Out,1000,8733.0,8733.0,900.0,1100,10015,,,2026-08-04,0,8733.0,132654,2026-07-20,C,RDC - Rotary Die Cut,,Flexo 4 Colour Printing,4,3,,1.0,7,1,0,27.09,45.1,0,0.0,"MASTER - SOLID ARC
8-15/16 x 3-5/16 x 37-11/16
RDC, Glued, 4 Colour Flexo 32C W
360/ Unit",Nexal,,0,,,1.0,5,0,0,True,0,,Regular,False,4,0,C32 OY,Late - Farmout,2026-06-30 12:54:50,,0,False,0,0,200 C Oys,Farm Out,,1,64,0,12,0,GI,"GCMI 90 BLACK AU (10%), GCMI 31 BLUE (10%), GCMI 78 RED (10%), GCMI 970 GREY (10%)",MISSISSAUGA,8.15,3.05,37.11,,0.0,0,False,2026-06-30,Glued,08/06-ROYA01,,"12589 - ROYAL CONTAINERS
12590 - ROYAL CONTAINERS","GCMI 31 BLUE
GCMI 90 BLACK AU
GCMI 78 RED
GCMI 970 GREY",08/06-ROYA01,,,
365111,5035449,1,2026-08-19,500,10,69,1,33,1,2520,1.0,0,,Langston Saturn 50x110,5000,7218.0,36090.0,4500.0,5500,12635,,,2026-08-21,0,36090.0,154443,2026-08-21,C,Regular Slotted Carton,L,Plain,0,3,W2200277,1.0,3,1,0,21.06,48.1,0,152.0,"SUM828-28-12
12-3/4 x 10-1/2 x 10-1/4
RSC, Glued, 32C Kraft
500/unit",Oxibrite,,0,,,0.6,0,0,0,True,2,,Regular,False,1,0,C32 K,CRB,2026-07-28 07:32:33,,0,False,0,0,200 C,Langston,,1,60,0,12,0,GI,,Guelph,12.12,10.08,10.04,,0.0,0,False,2026-07-28,Glued,08/13-MONT01,L,,,08/13-MONT01,,,125.0
366511,5032979,1,2026-08-14,500,10,208,1,0,1,0,1.0,0,,Finished Good,15000,5028.0,75420.0,13500.0,16500,10027,,,2026-08-17,0,75420.0,156026,2026-08-17,C,Regular Slotted Carton,,Flexo 1 Colour Print,1,3,M2400799,1.0,8,1,0,14.04,50.13,0,0.0,"Double Dutch 13-7/8x10-7/16x
3-1/4 26CK RSC 1C 
w/Ext GlueTab
750/ Unit",Scheps,,0,,,1.0,0,0,0,True,0,,Regular,False,0,0,C26 K,CRB,2026-06-11 09:06:29,,0,False,0,0,125 O/T C,,,1,61,0,12,0,GI,GCMI 52 BROWN (0%),Tillsonburg,13.14,10.07,3.04,,0.0,0,False,2026-06-11,Glued,08/12-FLIN01,,12338 - FLINT,GCMI 52 BROWN,08/12-FLIN01,,,
364247,5035368,1,2026-08-05,0,10,168,1,0,1,0,1.0,0,,Farm Out,400,11575.0,4630.0,360.0,440,11166,,,2026-08-05,0,4630.0,157898,2026-08-05,C,Full Overlap,,Flexo 1 Colour Print,1,3,M2301391,1.0,7,1,0,31.06,53.02,0,0.0,"20-1/2 x 5 x 20-3/4 -STD UK 
FOL, Glued, Flexo 1 Colour Print 
C Flute 32 ECT Kraft +WRA
1 HAND H",Blake,,0,,,1.0,0,0,0,True,0,,Regular,False,4,0,C32 K,OT,2026-07-22 07:46:43,,0,False,0,0,200 C,Farm Out,,1,61,0,12,0,GI,GCMI 33 BLUE (15%),BRANTFORD,20.08,5.0,20.12,,0.0,0,False,2026-07-22,Glued,No P.O.,,13479 - BOXES NEXT DAY,GCMI 33 BLUE,No P.O.,,,
366551,5035492,1,2026-08-25,500,10,69,1,78,1,1500,1.0,0,,Langston Saturn 50x110,10000,6275.0,62750.0,9000.0,11000,16435,,,2026-08-27,0,62750.0,158363,2026-08-27,C,Regular Slotted Carton,L,Plain,0,3,M2201091,1.0,3,1,0,15.12,57.06,0,478.0,"Sorrisa Freedom Master
19-1/4 x 8-3/8 x 7
RSC, Glued, Plain C Flute 32 ECT Kraft
Extended Glue Ta",Scheps Novelties,,0,,,0.6,0,0,0,True,2,,Regular,False,1,0,C32 K,CRB,2026-07-31 09:16:41,,0,False,0,0,200 C,Langston,,1,60,0,12,0,GI,,Tillsonburg,19.04,8.06,7.0,,0.0,0,False,2026-07-31,Glued,No P.O.,L,,,No P.O.,,,669.0
366711,5035478,1,2026-08-12,500,10,69,1,47,1,2400,1.0,0,,Langston Saturn 50x110,1000,4827.0,4827.0,900.0,1100,10001,,,2026-08-13,1,4827.0,158843,2026-08-13,C,Regular Slotted Carton,L,Plain,0,3,,1.0,3,1,0,16.08,42.02,0,72.0,"W120808
12 x 8 x 8
32C Kraft RSC 750/sk",Moyy|WB,,0,,,0.6,10,0,0,True,2,,Stock & Release,False,1,0,C32 K,OT,2026-07-30 13:26:34,,0,False,0,0,200 C,Langston,,1,60,0,12,0,GI,,Hamilton,12.0,8.0,8.0,,0.0,0,False,2026-07-30,Glued,08/04-MONT01,L,,,08/04-MONT01,,,70.0
366712,5035478,1,2026-08-11,500,1,234,0,0,0,0,1.0,0,,Corrugator,1000,4827.0,4827.0,900.0,1100,10001,,,2026-08-13,1,4827.0,158843,2026-08-13,C,Regular Slotted Carton,,Plain,0,3,,1.0,0,1,0,16.08,42.02,0,0.0,"W120808
12 x 8 x 8
32C Kraft RSC 750/sk",Moyy|WB,,0,,,1.0,10,0,0,True,0,,Stock & Release,False,234,0,C32 K,OT,2026-07-30 13:26:34,,0,False,0,0,200 C,,,1,60,0,12,0,GI,,Hamilton,12.0,8.0,8.0,,0.0,0,False,2026-07-30,Glued,08/04-MONT01,L,,,08/04-MONT01,69.0,2026-08-12,
337662,5032195,2,2027-01-05,500,10,69,1,24,1,4200,1.0,0,,Langston Saturn 50x110,8160,6433.0,52493.28,7344.0,8976,12170,,,2027-01-06,0,52493.28,158846,2027-01-06,C,Regular Slotted Carton,L,Flexo 1 Colour Print,1,3,,1.0,3,1,0,17.12,52.03,0,141.0,"12-1/2 x 12-1/2 x 4-3/4
32C Kraft RSC 1C - logo 1 side
680/Unit",Mitchell's,,0,,,0.6,0,0,0,True,2,,Regular,False,1,0,C32 K,CRB,2026-03-20 14:11:41,,0,False,0,0,200 C,Langston,,1,60,0,12,0,GI,GCMI 90 BLACK HK (15%),Aylmer,12.08,12.08,4.12,,0.0,0,False,2026-03-20,Glued,No P.O.,L,12979 - LANGSTON,GCMI 90 BLACK HK,No P.O.,,,293.0
337635,5032192,2,2026-10-06,500,10,69,1,24,1,4200,1.0,0,,Langston Saturn 50x110,8160,6433.0,52493.28,7344.0,8976,12170,,,2026-10-07,0,52493.28,158846,2026-10-07,C,Regular Slotted Carton,L,Flexo 1 Colour Print,1,3,,1.0,3,1,0,17.12,52.03,0,141.0,"12-1/2 x 12-1/2 x 4-3/4
32C Kraft RSC 1C - logo 1 side
680/Unit",Mitchell's,,0,,,0.6,0,0,0,True,2,,Regular,False,1,0,C32 K,CRB,2026-03-20 14:04:19,,0,False,0,0,200 C,Langston,,1,60,0,12,0,GI,GCMI 90 BLACK HK (15%),Aylmer,12.08,12.08,4.12,,0.0,0,False,2026-03-20,Glued,No P.O.,L,12979 - LANGSTON,GCMI 90 BLACK HK,No P.O.,,,293.0
337689,5032198,2,2027-04-06,500,10,69,1,24,1,4200,1.0,0,,Langston Saturn 50x110,8160,6433.0,52493.28,7344.0,8976,12170,,,2027-04-07,0,52493.28,158846,2027-04-07,C,Regular Slotted Carton,L,Flexo 1 Colour Print,1,3,,1.0,3,1,0,17.12,52.03,0,141.0,"12-1/2 x 12-1/2 x 4-3/4
32C Kraft RSC 1C - logo 1 side
680/Unit",Mitchell's,,0,,,0.6,0,0,0,True,2,,Regular,False,1,0,C32 K,CRB,2026-03-20 14:17:58,,0,False,0,0,200 C,Langston,,1,60,0,12,0,GI,GCMI 90 BLACK HK (15%),Aylmer,12.08,12.08,4.12,,0.0,0,False,2026-03-20,Glued,No P.O.,L,12979 - LANGSTON,GCMI 90 BLACK HK,No P.O.,,,293.0
337680,5032197,2,2027-03-02,500,10,69,1,24,1,4200,1.0,0,,Langston Saturn 50x110,8160,6433.0,52493.28,7344.0,8976,12170,,,2027-03-03,0,52493.28,158846,2027-03-03,C,Regular Slotted Carton,L,Flexo 1 Colour Print,1,3,,1.0,3,1,0,17.12,52.03,0,141.0,"12-1/2 x 12-1/2 x 4-3/4
32C Kraft RSC 1C - logo 1 side
680/Unit",Mitchell's,,0,,,0.6,0,0,0,True,2,,Regular,False,1,0,C32 K,CRB,2026-03-20 14:15:52,,0,False,0,0,200 C,Langston,,1,60,0,12,0,GI,GCMI 90 BLACK HK (15%),Aylmer,12.08,12.08,4.12,,0.0,0,False,2026-03-20,Glued,No P.O.,L,12979 - LANGSTON,GCMI 90 BLACK HK,No P.O.,,,293.0
337671,5032196,2,2027-02-02,500,10,69,1,24,1,4200,1.0,0,,Langston Saturn 50x110,8160,6433.0,52493.28,7344.0,8976,12170,,,2027-02-03,0,52493.28,158846,2027-02-03,C,Regular Slotted Carton,L,Flexo 1 Colour Print,1,3,,1.0,3,1,0,17.12,52.03,0,141.0,"12-1/2 x 12-1/2 x 4-3/4
32C Kraft RSC 1C - logo 1 side
680/Unit",Mitchell's,,0,,,0.6,0,0,0,True,2,,Regular,False,1,0,C32 K,CRB,2026-03-20 14:13:51,,0,False,0,0,200 C,Langston,,1,60,0,12,0,GI,GCMI 90 BLACK HK (15%),Aylmer,12.08,12.08,4.12,,0.0,0,False,2026-03-20,Glued,No P.O.,L,12979 - LANGSTON,GCMI 90 BLACK HK,No P.O.,,,293.0
337653,5032194,2,2026-12-01,500,10,69,1,24,1,4200,1.0,0,,Langston Saturn 50x110,8160,6433.0,52493.28,7344.0,8976,12170,,,2026-12-02,0,52493.28,158846,2026-12-02,C,Regular Slotted Carton,L,Flexo 1 Colour Print,1,3,,1.0,3,1,0,17.12,52.03,0,141.0,"12-1/2 x 12-1/2 x 4-3/4
32C Kraft RSC 1C - logo 1 side
680/Unit",Mitchell's,,0,,,0.6,0,0,0,True,2,,Regular,False,1,0,C32 K,CRB,2026-03-20 14:09:25,,0,False,0,0,200 C,Langston,,1,60,0,12,0,GI,GCMI 90 BLACK HK (15%),Aylmer,12.08,12.08,4.12,,0.0,0,False,2026-03-20,Glued,No P.O.,L,12979 - LANGSTON,GCMI 90 BLACK HK,No P.O.,,,293.0
337644,5032193,2,2026-11-03,500,10,69,1,24,1,4200,1.0,0,,Langston Saturn 50x110,8160,6433.0,52493.28,7344.0,8976,12170,,,2026-11-04,0,52493.28,158846,2026-11-04,C,Regular Slotted Carton,L,Flexo 1 Colour Print,1,3,,1.0,3,1,0,17.12,52.03,0,141.0,"12-1/2 x 12-1/2 x 4-3/4
32C Kraft RSC 1C - logo 1 side
680/Unit",Mitchell's,,0,,,0.6,0,0,0,True,2,,Regular,False,1,0,C32 K,CRB,2026-03-20 14:07:21,,0,False,0,0,200 C,Langston,,1,60,0,12,0,GI,GCMI 90 BLACK HK (15%),Aylmer,12.08,12.08,4.12,,0.0,0,False,2026-03-20,Glued,No P.O.,L,12979 - LANGSTON,GCMI 90 BLACK HK,No P.O.,,,293.0
337626,5032191,2,2026-09-01,500,10,69,1,24,1,4200,1.0,0,,Langston Saturn 50x110,8160,6433.0,52493.28,7344.0,8976,12170,,,2026-09-02,0,52493.28,158846,2026-09-02,C,Regular Slotted Carton,L,Flexo 1 Colour Print,1,3,,1.0,3,1,0,17.12,52.03,0,141.0,"12-1/2 x 12-1/2 x 4-3/4
32C Kraft RSC 1C - logo 1 side
680/Unit",Mitchell's,,0,,,0.6,0,0,0,True,2,,Regular,False,1,0,C32 K,CRB,2026-03-20 14:01:37,,0,False,0,0,200 C,Langston,,1,60,0,12,0,GI,GCMI 90 BLACK HK (15%),Aylmer,12.08,12.08,4.12,,0.0,0,False,2026-03-20,Glued,08/24-Moyy,L,12979 - LANGSTON,GCMI 90 BLACK HK,08/24-Moyy,,,293.0
>>>>>>> 3d7f0d50c55d01c676d7c4bff56f84cbc3a91754
366131,5035475,2,2026-08-24,500,10,168,1,0,1,0,1.0,0,,Farm Out,1800,4831.0,8695.8,1620.0,1980,10015,,,2026-08-25,0,8695.8,162849,2026-08-25,B,Full Overlap,,Flexo 2 Colour Printing,2,3,,1.0,7,1,0,20.11,33.1,0,0.0,"# 16 NS Flexo Print
11-3/4 x 4-3/16 x 11-13/16
FOL, Glued Inside,  2C Flexo
32 B Oyster 900/sk",Nexal,,0,,,1.0,5,0,0,True,0,,Regular,False,4,0,B32 OY,OT,2026-07-29 16:23:42,,0,False,0,0,200 B Oys,Farm Out,,1,70,0,12,0,GI,"GCMI 90 BLACK AU (0%), PMS 021C Orange (0%)",MISSISSAUGA,11.12,4.03,11.13,,0.0,0,False,2026-07-29,Glued,08/21-ROYA01,,13680 - ROYAL,"GCMI 90 BLACK AU
PMS 021C Orange",08/21-ROYA01,,,
<<<<<<< HEAD
368448,5035542,1,2026-08-17,500,1,256,0,0,0,0,1.0,0,,Interpac Corrugator,2000,3495.0,6990.0,1800.0,2200,18597,,,2026-08-24,1,6990.0,164085,2026-08-24,B,Flat Bed Die Cut,,Nozomi Digital 1 Side Print,1,3,,2.0,1,1,0,30.08,33.0,0,0.0,"16 x 1/2 lb Beef box
14-1/4 x 30-3/4
FBDC, Glued, 20/Bundle
Nozomi Digital 1 Side Print 
B Flute",Healthy,,0,,,1.0,0,0,0,True,0,,Stock & Release,False,0,0,B32 Coated White 1S,OT,2026-08-10 18:35:32,,0,False,0,0,,,,1,65,0,12,0,GI,"Dig Ink Med Intensity (40%), Coated Digital (0%)",Smithville,30.12,14.04,0.0,,1.0,0,False,2026-08-07,Glued,08/14-Moyy,"N,E,BobstGluer",13730 - C3-A,"Dig Ink Med Intensity
Coated Digital",08/14-Moyy,189.0,2026-08-18,
368449,5035542,1,2026-08-18,500,10,189,1,10,1,13090,1.0,0,,Nozomi Digital Printer,2000,3495.0,6990.0,1800.0,2200,18597,,,2026-08-24,1,6990.0,164085,2026-08-24,B,Flat Bed Die Cut,N,Nozomi Digital 1 Side Print,1,3,,2.0,3,1,0,30.08,33.0,0,19.0,"16 x 1/2 lb Beef box
14-1/4 x 30-3/4
FBDC, Glued, 20/Bundle
Nozomi Digital 1 Side Print 
B Flute",Healthy,,0,,,1.0,0,0,0,True,1,,Stock & Release,False,1,0,B32 Coated White 1S,OT,2026-08-10 18:35:32,,0,False,0,0,,NAZ,,1,65,0,12,0,GI,"Dig Ink Med Intensity (40%), Coated Digital (0%)",Smithville,30.12,14.04,0.0,,1.0,0,False,2026-08-07,Glued,08/14-Moyy,"N,E,BobstGluer",13730 - C3-A,"Dig Ink Med Intensity
Coated Digital",08/14-Moyy,213.0,2026-08-21,-477.0
368450,5035542,1,2026-08-21,500,20,213,1,25,1,7000,1.0,0,,Eterna,2000,3495.0,6990.0,1800.0,2200,18597,,,2026-08-24,1,6990.0,164085,2026-08-24,B,Flat Bed Die Cut,E,Nozomi Digital 1 Side Print,1,3,,2.0,3,1,0,30.08,33.0,0,42.0,"16 x 1/2 lb Beef box
14-1/4 x 30-3/4
FBDC, Glued, 20/Bundle
Nozomi Digital 1 Side Print 
B Flute",Healthy,,0,,,1.0,0,0,0,True,0,,Stock & Release,False,3,0,B32 Coated White 1S,OT,2026-08-10 18:35:32,,0,False,0,0,,Eterna,,1,65,0,12,0,GI,"Dig Ink Med Intensity (40%), Coated Digital (0%)",Smithville,30.12,14.04,0.0,,1.0,0,False,2026-08-07,Glued,08/14-Moyy,"N,E,BobstGluer",13730 - C3-A,"Dig Ink Med Intensity
Coated Digital",08/14-Moyy,167.0,2026-08-20,149.0
368451,5035542,1,2026-08-20,500,30,167,1,15,1,6500,1.0,0,,"Bobst Specialty Gluer 115""",2000,3495.0,6990.0,1800.0,2200,18597,,,2026-08-24,1,6990.0,164085,2026-08-24,B,Flat Bed Die Cut,Bobst Gluer,Nozomi Digital 1 Side Print,1,3,,2.0,3,1,0,30.08,33.0,0,33.0,"16 x 1/2 lb Beef box
14-1/4 x 30-3/4
FBDC, Glued, 20/Bundle
Nozomi Digital 1 Side Print 
B Flute",Healthy,,0,,,1.0,0,0,0,True,0,,Stock & Release,False,6,0,B32 Coated White 1S,OT,2026-08-10 18:35:32,,0,False,0,0,,Bobst Gluer,,1,65,0,12,0,GI,"Dig Ink Med Intensity (40%), Coated Digital (0%)",Smithville,30.12,14.04,0.0,,1.0,0,False,2026-08-07,Glued,08/14-Moyy,"N,E,BobstGluer",13730 - C3-A,"Dig Ink Med Intensity
Coated Digital",08/14-Moyy,,,56.0
368452,5035543,1,2026-08-14,500,1,234,0,0,0,0,1.0,0,,Corrugator,600,3495.0,2097.0,540.0,660,18597,,,2026-08-21,1,2097.0,164094,2026-08-20,B,Flat Bed Die Cut,,Nozomi Digital 1 Side Print,1,3,,2.0,0,1,0,30.08,33.0,0,0.0,"16 x 1/2 lb Variety box
14-1/4 x 30-3/4
FBDC, Glued, 20/Bundle
Nozomi Digital 1 Side Print 
B Fl",Healthy,,0,,,1.0,0,0,0,True,0,,Stock & Release,False,234,0,B32 Coated White 1S,OT,2026-08-10 18:35:40,,0,False,0,0,,,,1,65,0,12,0,GI,"Dig Ink Med Intensity (40%), Coated Digital (0%)",Smithville,30.12,14.04,0.0,,1.0,0,False,2026-08-07,Glued,No P.O.,"N,E,BobstGluer",13730 - C3-A,"Dig Ink Med Intensity
Coated Digital",No P.O.,189.0,2026-08-17,
368455,5035543,1,2026-08-19,500,30,167,1,15,1,6500,1.0,0,,"Bobst Specialty Gluer 115""",600,3495.0,2097.0,540.0,660,18597,,,2026-08-21,1,2097.0,164094,2026-08-20,B,Flat Bed Die Cut,Bobst Gluer,Nozomi Digital 1 Side Print,1,3,,2.0,3,1,0,30.08,33.0,0,21.0,"16 x 1/2 lb Variety box
14-1/4 x 30-3/4
FBDC, Glued, 20/Bundle
Nozomi Digital 1 Side Print 
B Fl",Healthy,,0,,,1.0,0,0,0,True,0,,Stock & Release,False,6,0,B32 Coated White 1S,OT,2026-08-10 18:35:40,,0,False,0,0,,Bobst Gluer,,1,65,0,12,0,GI,"Dig Ink Med Intensity (40%), Coated Digital (0%)",Smithville,30.12,14.04,0.0,,1.0,0,False,2026-08-07,Glued,No P.O.,"N,E,BobstGluer",13730 - C3-A,"Dig Ink Med Intensity
Coated Digital",No P.O.,,,32.0
368464,5035544,1,2026-08-17,500,1,256,0,0,0,0,1.0,0,,Interpac Corrugator,1000,6620.0,6620.0,900.0,1100,18597,,,2026-08-21,1,6620.0,164616,2026-08-20,B,Flat Bed Die Cut,,Nozomi Digital 1 Side Print,1,3,,2.0,1,1,0,32.05,59.0,0,0.0,"16 x 1 lb Big Box Chicken box
15-3/16 x 57
FBDC, Glued, 20/Bundle
Nozomi Digital 1 Side Print 
B",Healthy,,0,,,1.0,0,0,0,True,0,,Stock & Release,False,0,0,B32 Coated White 1S,OT,2026-08-10 18:37:59,,0,False,0,0,,,,1,65,0,12,0,GI,"Dig Ink Med Intensity (40%), Coated Digital (0%)",Smithville,57.0,15.03,0.0,,0.0,0,False,2026-08-07,Glued,08/11-Moyy,"N,E,BobstGluer",13750 - C4 E,"Dig Ink Med Intensity
Coated Digital",08/11-Moyy,189.0,2026-08-17,
368465,5035544,1,2026-08-17,500,10,189,1,1,1,0,1.0,0,,Nozomi Digital Printer,1000,6620.0,6620.0,900.0,1100,18597,,,2026-08-21,1,6620.0,164616,2026-08-20,B,Flat Bed Die Cut,N,Nozomi Digital 1 Side Print,1,3,,2.0,3,1,0,32.05,59.0,0,1.0,"16 x 1 lb Big Box Chicken box
15-3/16 x 57
FBDC, Glued, 20/Bundle
Nozomi Digital 1 Side Print 
B",Healthy,,0,,,1.0,0,0,0,True,1,,Stock & Release,False,1,0,B32 Coated White 1S,OT,2026-08-10 18:37:59,,0,False,0,0,,NAZ,,1,65,0,12,0,GI,"Dig Ink Med Intensity (40%), Coated Digital (0%)",Smithville,57.0,15.03,0.0,,0.0,0,False,2026-08-07,Glued,08/11-Moyy,"N,E,BobstGluer",13750 - C4 E,"Dig Ink Med Intensity
Coated Digital",08/11-Moyy,213.0,2026-08-18,20.0
368466,5035544,1,2026-08-18,500,20,213,1,25,1,7000,1.0,0,,Eterna,1000,6620.0,6620.0,900.0,1100,18597,,,2026-08-21,1,6620.0,164616,2026-08-20,B,Flat Bed Die Cut,E,Nozomi Digital 1 Side Print,1,3,,2.0,3,1,0,32.05,59.0,0,34.0,"16 x 1 lb Big Box Chicken box
15-3/16 x 57
FBDC, Glued, 20/Bundle
Nozomi Digital 1 Side Print 
B",Healthy,,0,,,1.0,0,0,0,True,0,,Stock & Release,False,3,0,B32 Coated White 1S,OT,2026-08-10 18:37:59,,0,False,0,0,,Eterna,,1,65,0,12,0,GI,"Dig Ink Med Intensity (40%), Coated Digital (0%)",Smithville,57.0,15.03,0.0,,0.0,0,False,2026-08-07,Glued,08/11-Moyy,"N,E,BobstGluer",13750 - C4 E,"Dig Ink Med Intensity
Coated Digital",08/11-Moyy,167.0,2026-08-19,108.0
368467,5035544,1,2026-08-19,500,30,167,1,31,1,6500,1.0,0,,"Bobst Specialty Gluer 115""",1000,6620.0,6620.0,900.0,1100,18597,,,2026-08-21,1,6620.0,164616,2026-08-20,B,Flat Bed Die Cut,Bobst Gluer,Nozomi Digital 1 Side Print,1,3,,2.0,3,1,0,32.05,59.0,0,40.0,"16 x 1 lb Big Box Chicken box
15-3/16 x 57
FBDC, Glued, 20/Bundle
Nozomi Digital 1 Side Print 
B",Healthy,,0,,,1.0,0,0,0,True,0,,Stock & Release,False,6,0,B32 Coated White 1S,OT,2026-08-10 18:37:59,,0,False,0,0,,Bobst Gluer,,1,65,0,12,0,GI,"Dig Ink Med Intensity (40%), Coated Digital (0%)",Smithville,57.0,15.03,0.0,,0.0,0,False,2026-08-07,Glued,08/11-Moyy,"N,E,BobstGluer",13750 - C4 E,"Dig Ink Med Intensity
Coated Digital",08/11-Moyy,,,80.0
368668,5035584,1,2026-08-18,500,1,234,0,0,0,0,1.0,0,,Corrugator,1000,20426.0,20426.0,900.0,1100,18675,,,2026-08-21,0,20426.0,165266,2026-08-21,C,Regular Slotted Carton,,Plain,0,3,,1.0,0,1,0,35.1,82.09,0,0.0,"B029261321
26-3/4 x 13-3/8 x 21-5/8
RSC, Glued, Plain 
C Flute 32 ECT Kraft
115/unit",HC,,0,,,1.0,0,0,0,True,0,,Regular,False,234,0,C32 K,OT,2026-08-12 06:53:35,,0,False,0,0,200 C,,,1,60,0,14,0,GI,,Burlington,26.12,13.06,21.1,,0.0,0,False,2026-08-12,Glued,08/18-MONT01,L,,,08/18-MONT01,69.0,2026-08-19,
368669,5035584,1,2026-08-19,500,10,69,1,33,1,1500,1.0,0,,Langston Saturn 50x110,1000,20426.0,20426.0,900.0,1100,18675,,,2026-08-21,0,20426.0,165266,2026-08-21,C,Regular Slotted Carton,L,Plain,0,3,,1.0,3,1,0,35.1,82.09,0,73.0,"B029261321
26-3/4 x 13-3/8 x 21-5/8
RSC, Glued, Plain 
C Flute 32 ECT Kraft
115/unit",HC,,0,,,0.6,0,0,0,True,2,,Regular,False,1,0,C32 K,OT,2026-08-12 06:53:35,,0,False,0,0,200 C,Langston,,1,60,0,14,0,GI,,Burlington,26.12,13.06,21.1,,0.0,0,False,2026-08-12,Glued,08/18-MONT01,L,,,08/18-MONT01,,,73.0
368440,5035540,1,2026-08-14,500,1,1,0,0,0,0,1.0,0,,"Slitter 90""",600,2065.0,1239.0,540.0,660,18597,,,2026-08-20,1,1239.0,165661,2026-08-20,B,Flat Bed Die Cut,Slitter,Nozomi Digital 1 Side Print,1,3,,4.0,8,1,0,36.14,32.04,0,0.0,"12x100g Pork Box
8-1/2 x 29-15/16
FBDC, Glued, 20/Bundle
Nozomi Digital 1 Side Print 
B Flute 32",Healthy,,0,,,1.0,0,0,0,True,1,,Stock & Release,False,14,0,B32 Coated White 1S,OT,2026-08-10 18:35:14,,0,False,0,0,,Slitter,,1,62,0,12,0,GI,"Dig Ink Med Intensity (40%), Coated Digital (0%)",Smithville,8.08,29.15,0.0,,0.0,0,False,2026-08-07,Glued,08/12-BOXE03,"Slitter,N,E",13731 - C4F,"Dig Ink Med Intensity
Coated Digital",08/12-BOXE03,189.0,2026-08-17,
368441,5035540,1,2026-08-17,500,10,189,1,10,1,53932,1.0,0,,Nozomi Digital Printer,600,2065.0,1239.0,540.0,660,18597,,,2026-08-20,1,1239.0,165661,2026-08-20,B,Flat Bed Die Cut,N,Nozomi Digital 1 Side Print,1,3,,4.0,3,1,0,36.14,32.04,0,11.0,"12x100g Pork Box
8-1/2 x 29-15/16
FBDC, Glued, 20/Bundle
Nozomi Digital 1 Side Print 
B Flute 32",Healthy,,0,,,1.0,0,0,0,True,1,,Stock & Release,False,1,0,B32 Coated White 1S,OT,2026-08-10 18:35:14,,0,False,0,0,,NAZ,,1,62,0,12,0,GI,"Dig Ink Med Intensity (40%), Coated Digital (0%)",Smithville,8.08,29.15,0.0,,0.0,0,False,2026-08-07,Glued,08/12-BOXE03,"Slitter,N,E",13731 - C4F,"Dig Ink Med Intensity
Coated Digital",08/12-BOXE03,213.0,2026-08-18,19.0
368442,5035540,1,2026-08-18,500,20,213,1,25,1,14000,1.0,0,,Eterna,600,2065.0,1239.0,540.0,660,18597,,,2026-08-20,1,1239.0,165661,2026-08-20,B,Flat Bed Die Cut,E,Nozomi Digital 1 Side Print,1,3,,4.0,3,1,0,36.14,32.04,0,28.0,"12x100g Pork Box
8-1/2 x 29-15/16
FBDC, Glued, 20/Bundle
Nozomi Digital 1 Side Print 
B Flute 32",Healthy,,0,,,1.0,0,0,0,True,0,,Stock & Release,False,3,0,B32 Coated White 1S,OT,2026-08-10 18:35:14,,0,False,0,0,,Eterna,,1,62,0,12,0,GI,"Dig Ink Med Intensity (40%), Coated Digital (0%)",Smithville,8.08,29.15,0.0,,0.0,0,False,2026-08-07,Glued,08/12-BOXE03,"Slitter,N,E",13731 - C4F,"Dig Ink Med Intensity
Coated Digital",08/12-BOXE03,236.0,2026-08-19,69.0
368443,5035540,1,2026-08-19,500,30,236,1,0,1,0,1.0,0,,Boxxer - James - co-packing,600,2065.0,1239.0,540.0,660,18597,,,2026-08-20,1,1239.0,165661,2026-08-20,B,Flat Bed Die Cut,,Nozomi Digital 1 Side Print,1,3,,4.0,0,1,0,36.14,32.04,0,0.0,"12x100g Pork Box
8-1/2 x 29-15/16
FBDC, Glued, 20/Bundle
Nozomi Digital 1 Side Print 
B Flute 32",Healthy,,0,,,1.0,0,0,0,True,0,,Stock & Release,False,0,0,B32 Coated White 1S,OT,2026-08-10 18:35:14,,0,False,0,0,,,,1,62,0,12,0,GI,"Dig Ink Med Intensity (40%), Coated Digital (0%)",Smithville,8.08,29.15,0.0,,0.0,0,False,2026-08-07,Glued,08/12-BOXE03,"Slitter,N,E",13731 - C4F,"Dig Ink Med Intensity
Coated Digital",08/12-BOXE03,,,
368084,5035539,1,2026-08-18,500,1,256,0,0,0,0,1.0,0,,Interpac Corrugator,1680,2065.0,3469.2,1512.0,1848,18597,,,2026-08-24,1,3469.2,167112,2026-08-24,B,Flat Bed Die Cut,,Nozomi Digital 1 Side Print,1,3,,4.0,1,1,0,36.14,32.04,0,0.0,"12x100g Dog Salmon
8-1/2 x 29-15/16
FBDC, Glued, 20/Bundle 
Nozomi Digital 1 Side Print 
B Flute",Healthy,,0,,,1.0,0,0,0,True,0,,Stock & Release,False,0,0,B32 Coated White 1S,OT,2026-08-10 12:36:11,,0,False,0,0,,,,1,62,0,12,0,GI,"Dig Ink Med Intensity (40%), Coated Digital (0%)",Smithville,8.08,29.15,0.0,,0.0,0,False,2026-08-07,Glued,08/14-Moyy,"N,E",13731 - C4F,"Dig Ink Med Intensity
Coated Digital",08/14-Moyy,189.0,2026-08-19,
368085,5035539,1,2026-08-19,500,10,189,1,10,1,53932,1.0,0,,Nozomi Digital Printer,1680,2065.0,3469.2,1512.0,1848,18597,,,2026-08-24,1,3469.2,167112,2026-08-24,B,Flat Bed Die Cut,N,Nozomi Digital 1 Side Print,1,3,,4.0,3,1,0,36.14,32.04,0,12.0,"12x100g Dog Salmon
8-1/2 x 29-15/16
FBDC, Glued, 20/Bundle 
Nozomi Digital 1 Side Print 
B Flute",Healthy,,0,,,1.0,0,0,0,True,1,,Stock & Release,False,1,0,B32 Coated White 1S,OT,2026-08-10 12:36:11,,0,False,0,0,,NAZ,,1,62,0,12,0,GI,"Dig Ink Med Intensity (40%), Coated Digital (0%)",Smithville,8.08,29.15,0.0,,0.0,0,False,2026-08-07,Glued,08/14-Moyy,"N,E",13731 - C4F,"Dig Ink Med Intensity
Coated Digital",08/14-Moyy,213.0,2026-08-20,28.0
368086,5035539,1,2026-08-20,500,20,213,1,25,1,14000,1.0,0,,Eterna,1680,2065.0,3469.2,1512.0,1848,18597,,,2026-08-24,1,3469.2,167112,2026-08-24,B,Flat Bed Die Cut,E,Nozomi Digital 1 Side Print,1,3,,4.0,3,1,0,36.14,32.04,0,32.0,"12x100g Dog Salmon
8-1/2 x 29-15/16
FBDC, Glued, 20/Bundle 
Nozomi Digital 1 Side Print 
B Flute",Healthy,,0,,,1.0,0,0,0,True,0,,Stock & Release,False,3,0,B32 Coated White 1S,OT,2026-08-10 12:36:11,,0,False,0,0,,Eterna,,1,62,0,12,0,GI,"Dig Ink Med Intensity (40%), Coated Digital (0%)",Smithville,8.08,29.15,0.0,,0.0,0,False,2026-08-07,Glued,08/14-Moyy,"N,E",13731 - C4F,"Dig Ink Med Intensity
Coated Digital",08/14-Moyy,236.0,2026-08-21,103.0
368087,5035539,1,2026-08-21,500,30,236,1,0,1,0,1.0,0,,Boxxer - James - co-packing,1680,2065.0,3469.2,1512.0,1848,18597,,,2026-08-24,1,3469.2,167112,2026-08-24,B,Flat Bed Die Cut,,Nozomi Digital 1 Side Print,1,3,,4.0,0,1,0,36.14,32.04,0,0.0,"12x100g Dog Salmon
8-1/2 x 29-15/16
FBDC, Glued, 20/Bundle 
Nozomi Digital 1 Side Print 
B Flute",Healthy,,0,,,1.0,0,0,0,True,0,,Stock & Release,False,0,0,B32 Coated White 1S,OT,2026-08-10 12:36:11,,0,False,0,0,,,,1,62,0,12,0,GI,"Dig Ink Med Intensity (40%), Coated Digital (0%)",Smithville,8.08,29.15,0.0,,0.0,0,False,2026-08-07,Glued,08/14-Moyy,"N,E",13731 - C4F,"Dig Ink Med Intensity
Coated Digital",08/14-Moyy,,,
365175,5035440,1,2026-08-14,-200,1,234,0,0,0,0,1.0,0,,Corrugator,800,2065.0,1652.0,720.0,880,18597,,,2026-08-11,1,1652.0,167114,2026-08-11,B,Flat Bed Die Cut,,Nozomi Digital 1 Side Print,1,3,,4.0,0,1,0,36.14,32.04,0,0.0,"12x100g Dog Rabbit
8-1/2 x 29-15/16
FBDC, Glued, 20/Bundle
Nozomi Digital 1 Side Print 
B Flute",Healthy,,0,,,1.0,0,0,0,True,0,,Stock & Release,False,234,0,B32 Coated White 1S,OT,2026-07-28 11:15:52,,0,False,0,0,,,,1,62,0,12,0,GI,"Dig Ink Med Intensity (40%), Coated Digital (0%)",Smithville,8.08,29.15,0.0,,1.0,0,False,2026-07-27,Glued,08/12-BOXE03,"N,E",13731 - C4F,"Dig Ink Med Intensity
Coated Digital",08/12-BOXE03,189.0,2026-08-06,
365178,5035440,1,2026-08-14,100,30,236,1,0,1,0,1.0,0,,Boxxer - James - co-packing,800,2065.0,1652.0,720.0,880,18597,,,2026-08-11,1,1652.0,167114,2026-08-11,B,Flat Bed Die Cut,,Nozomi Digital 1 Side Print,1,3,,4.0,0,1,0,36.14,32.04,0,0.0,"12x100g Dog Rabbit
8-1/2 x 29-15/16
FBDC, Glued, 20/Bundle
Nozomi Digital 1 Side Print 
B Flute",Healthy,,0,,,1.0,0,0,0,True,0,,Stock & Release,False,0,0,B32 Coated White 1S,OT,2026-07-28 11:15:52,,0,False,0,0,,,,1,62,0,12,0,GI,"Dig Ink Med Intensity (40%), Coated Digital (0%)",Smithville,8.08,29.15,0.0,,1.0,0,False,2026-07-27,Glued,08/12-BOXE03,"N,E",13731 - C4F,"Dig Ink Med Intensity
Coated Digital",08/12-BOXE03,,,
368444,5035541,1,2026-08-17,500,1,234,0,0,0,0,1.0,0,,Corrugator,800,2065.0,1652.0,720.0,880,18597,,,2026-08-21,1,1652.0,167116,2026-08-19,B,Flat Bed Die Cut,,Nozomi Digital 1 Side Print,1,3,,4.0,0,1,0,36.14,32.04,0,0.0,"12x100g Cat Salmon
8-1/2 x 29-15/16
FBDC, Glued, 20/Bundle
Nozomi Digital 1 Side Print 
B Flute",Healthy,,0,,,1.0,0,0,0,True,0,,Stock & Release,False,234,0,B32 Coated White 1S,OT,2026-08-10 18:35:24,,0,False,0,0,,,,1,62,0,12,0,GI,"Dig Ink Med Intensity (40%), Coated Digital (0%)",Smithville,8.08,29.15,0.0,,1.0,0,False,2026-08-07,Glued,08/12-BOXE03,"N,E",13731 - C4F,"Dig Ink Med Intensity
Coated Digital",08/12-BOXE03,189.0,2026-08-18,
368445,5035541,1,2026-08-18,500,10,189,1,10,1,53932,1.0,0,,Nozomi Digital Printer,800,2065.0,1652.0,720.0,880,18597,,,2026-08-21,1,1652.0,167116,2026-08-19,B,Flat Bed Die Cut,N,Nozomi Digital 1 Side Print,1,3,,4.0,3,1,0,36.14,32.04,0,11.0,"12x100g Cat Salmon
8-1/2 x 29-15/16
FBDC, Glued, 20/Bundle
Nozomi Digital 1 Side Print 
B Flute",Healthy,,0,,,1.0,0,0,0,True,1,,Stock & Release,False,1,0,B32 Coated White 1S,OT,2026-08-10 18:35:24,,0,False,0,0,,NAZ,,1,62,0,12,0,GI,"Dig Ink Med Intensity (40%), Coated Digital (0%)",Smithville,8.08,29.15,0.0,,1.0,0,False,2026-08-07,Glued,08/12-BOXE03,"N,E",13731 - C4F,"Dig Ink Med Intensity
Coated Digital",08/12-BOXE03,213.0,2026-08-21,20.0
368446,5035541,1,2026-08-21,500,20,213,1,25,1,14000,1.0,0,,Eterna,800,2065.0,1652.0,720.0,880,18597,,,2026-08-21,1,1652.0,167116,2026-08-19,B,Flat Bed Die Cut,E,Nozomi Digital 1 Side Print,1,3,,4.0,3,1,0,36.14,32.04,0,28.0,"12x100g Cat Salmon
8-1/2 x 29-15/16
FBDC, Glued, 20/Bundle
Nozomi Digital 1 Side Print 
B Flute",Healthy,,0,,,1.0,0,0,0,True,0,,Stock & Release,False,3,0,B32 Coated White 1S,OT,2026-08-10 18:35:24,,0,False,0,0,,Eterna,,1,62,0,12,0,GI,"Dig Ink Med Intensity (40%), Coated Digital (0%)",Smithville,8.08,29.15,0.0,,1.0,0,False,2026-08-07,Glued,08/12-BOXE03,"N,E",13731 - C4F,"Dig Ink Med Intensity
Coated Digital",08/12-BOXE03,236.0,2026-08-20,61.0
368447,5035541,1,2026-08-20,500,30,236,1,0,1,0,1.0,0,,Boxxer - James - co-packing,800,2065.0,1652.0,720.0,880,18597,,,2026-08-21,1,1652.0,167116,2026-08-19,B,Flat Bed Die Cut,,Nozomi Digital 1 Side Print,1,3,,4.0,0,1,0,36.14,32.04,0,0.0,"12x100g Cat Salmon
8-1/2 x 29-15/16
FBDC, Glued, 20/Bundle
Nozomi Digital 1 Side Print 
B Flute",Healthy,,0,,,1.0,0,0,0,True,0,,Stock & Release,False,0,0,B32 Coated White 1S,OT,2026-08-10 18:35:24,,0,False,0,0,,,,1,62,0,12,0,GI,"Dig Ink Med Intensity (40%), Coated Digital (0%)",Smithville,8.08,29.15,0.0,,1.0,0,False,2026-08-07,Glued,08/12-BOXE03,"N,E",13731 - C4F,"Dig Ink Med Intensity
Coated Digital",08/12-BOXE03,,,
365193,5035444,1,2026-08-14,-500,1,234,0,0,0,0,1.0,0,,Corrugator,480,3495.0,1677.6,432.0,528,18597,,,2026-08-21,1,1677.6,167339,2026-08-21,B,Flat Bed Die Cut,,Nozomi Digital 1 Side Print,1,3,,2.0,0,1,0,30.08,33.0,0,0.0,"16 x 1/2 lb Variety Chicken/Beef box
14-1/4 x 30-3/4
FBDC, Glued, 20/Bundle
Nozomi Digital 1 Side",Healthy,,0,,,1.0,0,0,0,True,0,,Stock & Release,False,234,0,B32 Coated White 1S,OT,2026-07-28 11:26:44,,500,False,0,0,,,,1,65,500,12,0,GI,"Dig Ink Med Intensity (40%), Coated Digital (0%)",Smithville,30.12,14.04,0.0,,1.0,0,False,2026-07-27,Glued,No P.O.,"N,E,BobstGluer",13730 - C3-A,"Dig Ink Med Intensity
Coated Digital",No P.O.,189.0,2026-08-04,
365196,5035444,1,2026-08-14,50,30,167,1,15,1,6500,1.0,0,,"Bobst Specialty Gluer 115""",480,3495.0,1677.6,432.0,528,18597,,,2026-08-21,1,1677.6,167339,2026-08-21,B,Flat Bed Die Cut,Bobst Gluer,Nozomi Digital 1 Side Print,1,3,,2.0,3,1,0,30.08,33.0,0,19.0,"16 x 1/2 lb Variety Chicken/Beef box
14-1/4 x 30-3/4
FBDC, Glued, 20/Bundle
Nozomi Digital 1 Side",Healthy,,0,,,1.0,0,0,0,True,0,,Stock & Release,False,6,0,B32 Coated White 1S,OT,2026-07-28 11:26:44,,500,False,0,0,,Bobst Gluer,,1,65,500,12,0,GI,"Dig Ink Med Intensity (40%), Coated Digital (0%)",Smithville,30.12,14.04,0.0,,1.0,0,False,2026-07-27,Glued,No P.O.,"N,E,BobstGluer",13730 - C3-A,"Dig Ink Med Intensity
Coated Digital",No P.O.,,,36.0
359760,5034210,1,2026-08-14,-300,10,208,1,0,1,0,1.0,0,,Finished Good,4480,28000.0,125440.0,4032.0,4928,11770,,,2026-09-18,0,125440.0,167499,2026-09-18,N/A,Sheet,,Plain,0,3,,1.0,8,1,0,56.0,72.0,0,0.0,"56 x 72
Sheet, Plain 
0.040"" Chipboard
560/ Unit",Arcelor,,0,,,1.0,0,0,0,True,0,,Regular,False,0,0,Not Applicable,CRB,2026-07-09 07:44:30,,0,False,0,0,,,,1,66,0,12,0,N,,Hamilton,56.0,72.0,0.0,,0.0,0,False,2026-07-09,No Closure,09/18-HAMM01,,,,09/18-HAMM01,,,
364912,5035431,1,2026-08-14,200,10,166,1,33,1,2000,1.0,0,,United Rotary 66x113 4 Colour,15000,17627.0,264405.0,13500.0,16500,12811,,,2026-08-19,0,264405.0,168116,2026-08-19,C,RDC - Rotary Die Cut,R,Plain,0,3,,1.0,3,1,0,47.08,53.07,0,483.0,"90-67Plain
22-3/16 x 17-7/8 x 5-1/4
RDC, No Closure, 
Plain 
C Flute 32 ECT Oyster
265/Unit",Mory,,0,,,1.0,0,0,0,True,2,,Regular,True,2,0,C32 OY,OT,2026-07-27 09:41:20,,0,False,0,0,200 C Oys,Prospect Rotary,,1,63,0,12,0,N,,MISSISSAUGA,52.07,46.08,0.0,,1.0,0,False,2026-07-27,No Closure,08/11-MONT01,R,13865 - J-6,,08/11-MONT01,,,737.0
367048,5035505,1,2026-08-23,500,1,256,1,0,1,0,0.0,0,,Interpac Corrugator,20000,17627.0,352540.0,18000.0,22000,12811,,,2026-08-28,0,352540.0,168116,2026-08-28,C,RDC - Rotary Die Cut,,Plain,0,3,,1.0,1,1,0,47.08,53.07,0,0.0,"90-67Plain
22-3/16 x 17-7/8 x 5-1/4
RDC, No Closure, 
Plain 
C Flute 32 ECT Oyster
265/Unit",Mory,,0,,,1.0,0,0,0,True,0,,Regular,True,0,0,C32 OY,CRB,2026-08-05 13:22:44,,0,False,0,0,200 C Oys,,,1,63,0,12,0,N,,Concord,52.07,46.08,0.0,,1.0,0,False,2026-08-05,No Closure,08/24-Moyy,R,13865 - J-6,,08/24-Moyy,166.0,2026-08-26,
366913,5035505,1,2026-08-26,500,10,166,1,33,1,2000,1.0,0,,United Rotary 66x113 4 Colour,20000,17627.0,352540.0,18000.0,22000,12811,,,2026-08-28,0,352540.0,168116,2026-08-28,C,RDC - Rotary Die Cut,R,Plain,0,3,,1.0,3,1,0,47.08,53.07,0,633.0,"90-67Plain
22-3/16 x 17-7/8 x 5-1/4
RDC, No Closure, 
Plain 
C Flute 32 ECT Oyster
265/Unit",Mory,,0,,,1.0,0,0,0,True,2,,Regular,True,2,0,C32 OY,CRB,2026-08-05 13:22:44,,0,False,0,0,200 C Oys,Prospect Rotary,,1,63,0,12,0,N,,Concord,52.07,46.08,0.0,,1.0,0,False,2026-08-05,No Closure,08/24-Moyy,R,13865 - J-6,,08/24-Moyy,,,971.0
366317,5035477,3,2026-08-14,200,1,234,0,0,0,0,1.0,0,,Corrugator,8000,2680.0,21440.0,8000.0,8800,14304,,,2026-08-17,0,21440.0,170032,2026-08-17,E,Flat Bed Die Cut,,Nozomi Digital 1 Side Print,1,3,,4.0,0,1,0,36.0,42.14,0,0.0,"NP 3PK-20-2714
5-1/4 x 6 x 2-3/4
FBDC, No Closure, 
Nozomi Digital 1 Side Print 
E32 Oyster 1S",Innovative,,0,,,1.0,0,0,0,True,0,,Regular,False,234,0,E32 OY,CRB,2026-07-30 07:04:27,,0,False,0,0,200 E Oys,,,1,65,0,12,0,N,"Dig Ink Med Intensity (100%), Non-Coated Digital (0%)",Kenmore,5.04,6.0,2.12,,1.0,0,False,2026-07-30,No Closure,No P.O.,"N,E,PP",14025 - ETERNA C2-B,"Dig Ink Med Intensity
Non-Coated Digital",No P.O.,189.0,2026-08-06,
366319,5035477,3,2026-08-14,170,20,213,1,25,1,14000,1.0,0,,Eterna,8000,2680.0,21440.0,8000.0,8800,14304,,,2026-08-17,0,21440.0,170032,2026-08-17,E,Flat Bed Die Cut,E,Nozomi Digital 1 Side Print,1,3,,4.0,3,1,0,36.0,42.14,0,59.0,"NP 3PK-20-2714
5-1/4 x 6 x 2-3/4
FBDC, No Closure, 
Nozomi Digital 1 Side Print 
E32 Oyster 1S",Innovative,,0,,,1.0,0,0,0,True,0,,Regular,False,3,0,E32 OY,CRB,2026-07-30 07:04:27,,0,False,0,0,200 E Oys,Eterna,,1,65,0,12,0,N,"Dig Ink Med Intensity (100%), Non-Coated Digital (0%)",Kenmore,5.04,6.0,2.12,,1.0,0,False,2026-07-30,No Closure,No P.O.,"N,E,PP",14025 - ETERNA C2-B,"Dig Ink Med Intensity
Non-Coated Digital",No P.O.,237.0,2026-08-14,956.0
366320,5035477,3,2026-08-14,500,30,237,1,0,1,0,1.0,0,,Pack & Protect A-1,8000,2680.0,21440.0,8000.0,8800,14304,,,2026-08-17,0,21440.0,170032,2026-08-17,E,Flat Bed Die Cut,PP,Nozomi Digital 1 Side Print,1,3,,4.0,5,1,0,36.0,42.14,0,0.0,"NP 3PK-20-2714
5-1/4 x 6 x 2-3/4
FBDC, No Closure, 
Nozomi Digital 1 Side Print 
E32 Oyster 1S",Innovative,,0,,,1.0,0,0,0,True,0,,Regular,False,6,0,E32 OY,CRB,2026-07-30 07:04:27,,0,False,0,0,200 E Oys,,,1,65,0,12,0,N,"Dig Ink Med Intensity (100%), Non-Coated Digital (0%)",Kenmore,5.04,6.0,2.12,,1.0,0,False,2026-07-30,No Closure,No P.O.,"N,E,PP",14025 - ETERNA C2-B,"Dig Ink Med Intensity
Non-Coated Digital",No P.O.,,,
369396,5035620,1,2026-08-20,500,10,168,1,0,1,0,1.0,0,,Farm Out,500,2667.0,1333.5,450.0,550,11677,,,2026-08-21,0,2226.945,170703,2026-08-21,DW,Scored Sheet,,Plain,0,3,M2400920,1.0,7,1,0,48.0,8.0,0,0.0,"Scored Sheet  48 x 8
48BC Kraft 
Scores:  2"" x 2"" x 2"" x 2",Unique,,0,,,1.0,0,0,0,True,0,,Regular,False,4,0,BC48 K,OT,2026-08-13 15:39:57,,0,False,0,0,275 BC,Farm Out,,1,66,0,12,0,N,,Beamsville,48.0,8.0,0.0,,0.0,0,False,2026-08-13,No Closure,08/18-INDE02,,,,08/18-INDE02,,,
368665,5035583,1,2026-08-21,500,10,208,1,0,1,0,1.0,0,,Finished Good,11750,3207.0,37682.25,10575.0,12925,10027,,,2026-08-25,0,37682.25,170906,2026-08-25,C,Regular Slotted Carton,,Flexo 1 Colour Print,1,3,,1.0,8,1,0,14.06,32.02,0,0.0,"HoneyStinger 9 x 6 x 8
RSC 32C Kraft 1Col
1/4"" Gap Top/Btm
1125/unit",Scheps,,0,,,1.0,0,0,0,True,0,,Regular,False,0,0,C32 K,OT,2026-08-12 06:50:12,,0,False,0,0,200 C,,,1,61,0,12,0,GI,GCMI 90 BLACK AU (10%),Tillsonburg,9.0,6.0,8.0,,0.0,0,False,2026-08-12,Glued,08/20-FLIN01,,13977 - COLEMAN,GCMI 90 BLACK AU,08/20-FLIN01,,,
369159,5032131,1,2026-08-30,500,1,256,1,0,1,0,0.0,0,,Interpac Corrugator,9000,13158.0,118422.0,8100.0,9900,18299,,,2026-09-07,0,118422.0,172368,2026-09-07,C,Regular Slotted Carton,,Flexo 1 Colour Print,1,3,M2400829,1.0,1,1,0,30.08,62.02,0,0.0,"15 x 15 x 15
RSC, Glued, Flexo 1Col 
C Flute 32 ECT Kraft
240 / units per pallet 

strapped bun",Intelcom,,0,,,1.0,0,0,0,True,0,,Regular,False,0,0,C32 K,CRB,2026-03-16 07:44:50,,0,False,0,0,200 C,,,1,61,0,12,0,GI,PMS 2400C (10%),Vaughan,15.0,15.0,15.0,,1.0,0,False,2026-03-16,Glued,08/19-Moyy,L,"13992 - LANGSTON
14042 - JAMESTOWN CONTAINERS",PMS 2400C,08/19-Moyy,69.0,2026-08-28,341.0
336008,5032131,1,2026-08-28,500,10,69,1,24,1,4200,1.0,0,,Langston Saturn 50x110,9000,13158.0,118422.0,8100.0,9900,18299,,,2026-09-07,0,118422.0,172368,2026-09-07,C,Regular Slotted Carton,L,Flexo 1 Colour Print,1,3,M2400829,1.0,3,1,0,30.08,62.02,0,153.0,"15 x 15 x 15
=======
365179,5035441,1,2026-08-05,500,1,234,0,0,0,0,1.0,0,,Corrugator,1500,3495.0,5242.5,1350.0,1650,18597,,,2026-08-12,1,5242.5,164084,2026-08-12,B,Flat Bed Die Cut,,Nozomi Digital 1 Side Print,1,3,,2.0,0,1,0,30.08,33.0,0,0.0,"16 x 1/2 lb Chicken box
14-1/4 x 30-3/4
FBDC, Glued, 20/Bundle
Nozomi Digital 1 Side Print 
B Fl",Healthy,,0,,,1.0,0,0,0,True,0,,Stock & Release,False,234,0,B32 Coated White 1S,OT,2026-07-28 11:18:52,,0,False,0,0,,,,1,65,0,12,0,GI,"Dig Ink Med Intensity (40%), Coated Digital (0%)",SMITHVILLE,30.12,14.04,0.0,,0.0,0,False,2026-07-27,Glued,08/05-MONT01,"N,E,BobstGluer",13730 - C3-A,"Dig Ink Med Intensity
Coated Digital",08/05-MONT01,189.0,2026-08-06,
365181,5035441,1,2026-08-10,500,20,213,1,25,1,7000,1.0,0,,Eterna,1500,3495.0,5242.5,1350.0,1650,18597,,,2026-08-12,1,5242.5,164084,2026-08-12,B,Flat Bed Die Cut,E,Nozomi Digital 1 Side Print,1,3,,2.0,3,1,0,30.08,33.0,0,38.0,"16 x 1/2 lb Chicken box
14-1/4 x 30-3/4
FBDC, Glued, 20/Bundle
Nozomi Digital 1 Side Print 
B Fl",Healthy,,0,,,1.0,0,0,0,True,0,,Stock & Release,False,3,0,B32 Coated White 1S,OT,2026-07-28 11:18:52,,0,False,0,0,,Eterna,,1,65,0,12,0,GI,"Dig Ink Med Intensity (40%), Coated Digital (0%)",SMITHVILLE,30.12,14.04,0.0,,0.0,0,False,2026-07-27,Glued,08/05-MONT01,"N,E,BobstGluer",13730 - C3-A,"Dig Ink Med Intensity
Coated Digital",08/05-MONT01,167.0,2026-08-10,135.0
365182,5035441,1,2026-08-10,500,30,167,1,15,1,6500,1.0,0,,"Bobst Specialty Gluer 115""",1500,3495.0,5242.5,1350.0,1650,18597,,,2026-08-12,1,5242.5,164084,2026-08-12,B,Flat Bed Die Cut,Bobst Gluer,Nozomi Digital 1 Side Print,1,3,,2.0,3,1,0,30.08,33.0,0,29.0,"16 x 1/2 lb Chicken box
14-1/4 x 30-3/4
FBDC, Glued, 20/Bundle
Nozomi Digital 1 Side Print 
B Fl",Healthy,,0,,,1.0,0,0,0,True,0,,Stock & Release,False,6,0,B32 Coated White 1S,OT,2026-07-28 11:18:52,,0,False,0,0,,Bobst Gluer,,1,65,0,12,0,GI,"Dig Ink Med Intensity (40%), Coated Digital (0%)",SMITHVILLE,30.12,14.04,0.0,,0.0,0,False,2026-07-27,Glued,08/05-MONT01,"N,E,BobstGluer",13730 - C3-A,"Dig Ink Med Intensity
Coated Digital",08/05-MONT01,,,74.0
365197,5035445,1,2026-08-07,500,1,234,0,0,0,0,1.0,0,,Corrugator,1000,6620.0,6620.0,900.0,1100,18597,,,2026-08-14,1,6620.0,164617,2026-08-14,B,Flat Bed Die Cut,,Nozomi Digital 1 Side Print,1,3,,2.0,0,1,0,32.05,59.0,0,0.0,"16 x 1 lb Big Box Beef box
15-3/16 x 57
FBDC, Glued, 20/Bundle
Nozomi Digital 1 Side Print 
B Fl",Healthy,,0,,,1.0,0,0,0,True,0,,Stock & Release,False,234,0,B32 Coated White 1S,OT,2026-07-28 11:32:19,,0,False,0,0,,,,1,65,0,12,0,GI,"Dig Ink Med Intensity (40%), Coated Digital (0%)",SMITHVILLE,57.0,15.03,0.0,,0.0,0,False,2026-07-27,Glued,08/06-MONT01,"N,E,BobstGluer",13750 - C4 E,"Dig Ink Med Intensity
Coated Digital",08/06-MONT01,189.0,2026-08-10,
365198,5035445,1,2026-08-10,500,10,189,1,1,1,0,1.0,0,,Nozomi Digital Printer,1000,6620.0,6620.0,900.0,1100,18597,,,2026-08-14,1,6620.0,164617,2026-08-14,B,Flat Bed Die Cut,N,Nozomi Digital 1 Side Print,1,3,,2.0,3,1,0,32.05,59.0,0,1.0,"16 x 1 lb Big Box Beef box
15-3/16 x 57
FBDC, Glued, 20/Bundle
Nozomi Digital 1 Side Print 
B Fl",Healthy,,0,,,1.0,0,0,0,True,1,,Stock & Release,False,1,0,B32 Coated White 1S,OT,2026-07-28 11:32:19,,0,False,0,0,,NAZ,,1,65,0,12,0,GI,"Dig Ink Med Intensity (40%), Coated Digital (0%)",SMITHVILLE,57.0,15.03,0.0,,0.0,0,False,2026-07-27,Glued,08/06-MONT01,"N,E,BobstGluer",13750 - C4 E,"Dig Ink Med Intensity
Coated Digital",08/06-MONT01,213.0,2026-08-11,18.0
365199,5035445,1,2026-08-11,500,20,213,1,25,1,7000,1.0,0,,Eterna,1000,6620.0,6620.0,900.0,1100,18597,,,2026-08-14,1,6620.0,164617,2026-08-14,B,Flat Bed Die Cut,E,Nozomi Digital 1 Side Print,1,3,,2.0,3,1,0,32.05,59.0,0,34.0,"16 x 1 lb Big Box Beef box
15-3/16 x 57
FBDC, Glued, 20/Bundle
Nozomi Digital 1 Side Print 
B Fl",Healthy,,0,,,1.0,0,0,0,True,0,,Stock & Release,False,3,0,B32 Coated White 1S,OT,2026-07-28 11:32:19,,0,False,0,0,,Eterna,,1,65,0,12,0,GI,"Dig Ink Med Intensity (40%), Coated Digital (0%)",SMITHVILLE,57.0,15.03,0.0,,0.0,0,False,2026-07-27,Glued,08/06-MONT01,"N,E,BobstGluer",13750 - C4 E,"Dig Ink Med Intensity
Coated Digital",08/06-MONT01,167.0,2026-08-12,113.0
365200,5035445,1,2026-08-12,500,30,167,1,31,1,6500,1.0,0,,"Bobst Specialty Gluer 115""",1000,6620.0,6620.0,900.0,1100,18597,,,2026-08-14,1,6620.0,164617,2026-08-14,B,Flat Bed Die Cut,Bobst Gluer,Nozomi Digital 1 Side Print,1,3,,2.0,3,1,0,32.05,59.0,0,40.0,"16 x 1 lb Big Box Beef box
15-3/16 x 57
FBDC, Glued, 20/Bundle
Nozomi Digital 1 Side Print 
B Fl",Healthy,,0,,,1.0,0,0,0,True,0,,Stock & Release,False,6,0,B32 Coated White 1S,OT,2026-07-28 11:32:19,,0,False,0,0,,Bobst Gluer,,1,65,0,12,0,GI,"Dig Ink Med Intensity (40%), Coated Digital (0%)",SMITHVILLE,57.0,15.03,0.0,,0.0,0,False,2026-07-27,Glued,08/06-MONT01,"N,E,BobstGluer",13750 - C4 E,"Dig Ink Med Intensity
Coated Digital",08/06-MONT01,,,62.0
366520,5035489,1,2026-08-14,500,10,69,1,78,1,1440,1.0,0,,Langston Saturn 50x110,2500,5632.0,14080.0,2250.0,2750,16435,,,2026-08-18,0,14080.0,167090,2026-08-18,C,Regular Slotted Carton,L,Plain,0,3,M2302063B,1.0,3,1,0,16.14,48.01,0,182.0,"Metro Macaron Master
15-3/8 x 7-9/16 x 9
RSC, Glued, Plain 
C Flute 32 ECT Kraft WRA 
Extended G",Scheps Novelties,,0,,,0.6,0,0,0,True,2,,Regular,False,1,0,C32 K,CRB,2026-07-31 07:32:10,,0,False,0,0,200 C,Langston,,1,60,0,12,0,GI,,Tillsonburg,15.06,7.09,9.0,,0.0,0,False,2026-07-31,Glued,No P.O.,L,,,No P.O.,,,133.0
365175,5035440,1,2026-08-05,500,1,234,0,0,0,0,1.0,0,,Corrugator,800,2065.0,1652.0,720.0,880,18597,,,2026-08-11,1,1652.0,167114,2026-08-11,B,Flat Bed Die Cut,,Nozomi Digital 1 Side Print,1,3,,4.0,0,1,0,36.14,32.04,0,0.0,"12x100g Dog Rabbit
8-1/2 x 29-15/16
FBDC, Glued, 20/Bundle
Nozomi Digital 1 Side Print 
B Flute",Healthy,,0,,,1.0,0,0,0,True,0,,Stock & Release,False,234,0,B32 Coated White 1S,OT,2026-07-28 11:15:52,,0,False,0,0,,,,1,62,0,12,0,GI,"Dig Ink Med Intensity (40%), Coated Digital (0%)",SMITHVILLE,8.08,29.15,0.0,,0.0,0,False,2026-07-27,Glued,08/04-MONT01,"N,E",13731 - C4F,"Dig Ink Med Intensity
Coated Digital",08/04-MONT01,189.0,2026-08-06,
365177,5035440,1,2026-08-10,500,20,213,1,25,1,14000,1.0,0,,Eterna,800,2065.0,1652.0,720.0,880,18597,,,2026-08-11,1,1652.0,167114,2026-08-11,B,Flat Bed Die Cut,E,Nozomi Digital 1 Side Print,1,3,,4.0,3,1,0,36.14,32.04,0,28.0,"12x100g Dog Rabbit
8-1/2 x 29-15/16
FBDC, Glued, 20/Bundle
Nozomi Digital 1 Side Print 
B Flute",Healthy,,0,,,1.0,0,0,0,True,0,,Stock & Release,False,3,0,B32 Coated White 1S,OT,2026-07-28 11:15:52,,0,False,0,0,,Eterna,,1,62,0,12,0,GI,"Dig Ink Med Intensity (40%), Coated Digital (0%)",SMITHVILLE,8.08,29.15,0.0,,0.0,0,False,2026-07-27,Glued,08/04-MONT01,"N,E",13731 - C4F,"Dig Ink Med Intensity
Coated Digital",08/04-MONT01,236.0,2026-08-10,83.0
365178,5035440,1,2026-08-10,500,30,236,1,0,1,0,1.0,0,,Boxxer - James - co-packing,800,2065.0,1652.0,720.0,880,18597,,,2026-08-11,1,1652.0,167114,2026-08-11,B,Flat Bed Die Cut,,Nozomi Digital 1 Side Print,1,3,,4.0,0,1,0,36.14,32.04,0,0.0,"12x100g Dog Rabbit
8-1/2 x 29-15/16
FBDC, Glued, 20/Bundle
Nozomi Digital 1 Side Print 
B Flute",Healthy,,0,,,1.0,0,0,0,True,0,,Stock & Release,False,0,0,B32 Coated White 1S,OT,2026-07-28 11:15:52,,0,False,0,0,,,,1,62,0,12,0,GI,"Dig Ink Med Intensity (40%), Coated Digital (0%)",SMITHVILLE,8.08,29.15,0.0,,0.0,0,False,2026-07-27,Glued,08/04-MONT01,"N,E",13731 - C4F,"Dig Ink Med Intensity
Coated Digital",08/04-MONT01,,,
366515,5035487,1,2026-08-10,500,1,234,0,0,0,0,1.0,0,,Corrugator,10000,6605.0,66050.0,9000.0,11000,10043,,,2026-08-13,0,66050.0,169447,2026-08-13,C,Regular Slotted Carton,,Flexo 1 Colour Print,1,3,M2400558A,1.0,0,1,0,21.05,44.1,0,0.0,"12-1/16 x 9-3/16 x 11-3/4
RSC, Glued, Flexo 1 Col. Print 
C Flute 32 ECT Oyster
1/4"" Gap Top/ Btm",Stoney,,0,,,1.0,0,0,0,True,0,,Regular,False,234,0,C32 OY,OT,2026-07-31 07:26:31,,0,False,0,0,200 C Oys,,,1,60,0,12,0,GI,GCMI 90 BLACK AU (10%),Hamilton,12.01,9.03,11.12,,0.0,0,False,2026-07-31,Glued,No P.O.,L,13904 - LANGSTON,GCMI 90 BLACK AU,No P.O.,69.0,2026-08-11,
366516,5035487,1,2026-08-11,500,10,69,1,40,1,2520,1.0,0,,Langston Saturn 50x110,10000,6605.0,66050.0,9000.0,11000,10043,,,2026-08-13,0,66050.0,169447,2026-08-13,C,Regular Slotted Carton,L,Flexo 1 Colour Print,1,3,M2400558A,1.0,3,1,0,21.05,44.1,0,278.0,"12-1/16 x 9-3/16 x 11-3/4
RSC, Glued, Flexo 1 Col. Print 
C Flute 32 ECT Oyster
1/4"" Gap Top/ Btm",Stoney,,0,,,0.6,0,0,0,True,2,,Regular,False,1,0,C32 OY,OT,2026-07-31 07:26:31,,0,False,0,0,200 C Oys,Langston,,1,60,0,12,0,GI,GCMI 90 BLACK AU (10%),Hamilton,12.01,9.03,11.12,,0.0,0,False,2026-07-31,Glued,No P.O.,L,13904 - LANGSTON,GCMI 90 BLACK AU,No P.O.,,,270.0
336008,5032131,1,2026-08-21,500,10,69,1,24,1,4200,1.0,0,,Langston Saturn 50x110,9000,13158.0,118422.0,8100.0,9900,18299,,,2026-09-07,0,118422.0,172368,2026-09-07,C,Regular Slotted Carton,L,Flexo 1 Colour Print,1,3,M2400829,1.0,3,1,0,30.08,62.02,0,153.0,"15 x 15 x 15
>>>>>>> 3d7f0d50c55d01c676d7c4bff56f84cbc3a91754
RSC, Glued, Flexo 1Col 
C Flute 32 ECT Kraft
240 / units per pallet 

<<<<<<< HEAD
strapped bun",Intelcom,,0,,,0.6,0,0,0,True,2,,Regular,False,1,0,C32 K,CRB,2026-03-16 07:44:50,,0,False,0,0,200 C,Langston,,1,61,0,12,0,GI,PMS 2400C (10%),Vaughan,15.0,15.0,15.0,,1.0,0,False,2026-03-16,Glued,08/19-Moyy,L,"13992 - LANGSTON
14042 - JAMESTOWN CONTAINERS",PMS 2400C,08/19-Moyy,,,421.0
369161,5032132,1,2026-09-12,500,1,256,1,0,1,0,0.0,0,,Interpac Corrugator,10000,13158.0,131580.0,9000.0,11000,18299,,,2026-09-21,0,131580.0,172368,2026-09-21,C,Regular Slotted Carton,,Flexo 1 Colour Print,1,3,M2400829,1.0,1,1,0,30.08,62.02,0,0.0,"15 x 15 x 15
=======
strapped bun",Intelcom,,0,,,0.6,0,0,0,True,2,,Regular,False,1,0,C32 K,CRB,2026-03-16 07:44:50,,0,False,0,0,200 C,Langston,,1,61,0,12,0,GI,PMS 2400C (10%),Vaughan,15.0,15.0,15.0,,0.0,0,False,2026-03-16,Glued,08/19-Moyy,L,"13992 - LANGSTON
14042 - JAMESTOWN CONTAINERS",PMS 2400C,08/19-Moyy,,,421.0
336012,5032132,1,2026-09-04,500,10,69,1,24,1,4200,1.0,0,,Langston Saturn 50x110,10000,13158.0,131580.0,9000.0,11000,18299,,,2026-09-21,0,131580.0,172368,2026-09-21,C,Regular Slotted Carton,L,Flexo 1 Colour Print,1,3,M2400829,1.0,3,1,0,30.08,62.02,0,167.0,"15 x 15 x 15
>>>>>>> 3d7f0d50c55d01c676d7c4bff56f84cbc3a91754
RSC, Glued, Flexo 1Col 
C Flute 32 ECT Kraft
240 / units per pallet 

<<<<<<< HEAD
strapped bun",Intelcom,,0,,,1.0,0,0,0,True,0,,Regular,False,0,0,C32 K,CRB,2026-03-16 07:47:40,,0,False,0,0,200 C,,,1,61,0,12,0,GI,PMS 2400C (10%),Vaughan,15.0,15.0,15.0,,0.0,0,False,2026-03-16,Glued,08/31-Moyy,L,"13992 - LANGSTON
14042 - JAMESTOWN CONTAINERS",PMS 2400C,08/31-Moyy,69.0,2026-09-04,379.0
336012,5032132,1,2026-09-04,500,10,69,1,24,1,4200,1.0,0,,Langston Saturn 50x110,10000,13158.0,131580.0,9000.0,11000,18299,,,2026-09-21,0,131580.0,172368,2026-09-21,C,Regular Slotted Carton,L,Flexo 1 Colour Print,1,3,M2400829,1.0,3,1,0,30.08,62.02,0,167.0,"15 x 15 x 15
RSC, Glued, Flexo 1Col 
C Flute 32 ECT Kraft
240 / units per pallet 

strapped bun",Intelcom,,0,,,0.6,0,0,0,True,2,,Regular,False,1,0,C32 K,CRB,2026-03-16 07:47:40,,0,False,0,0,200 C,Langston,,1,61,0,12,0,GI,PMS 2400C (10%),Vaughan,15.0,15.0,15.0,,0.0,0,False,2026-03-16,Glued,08/31-Moyy,L,"13992 - LANGSTON
14042 - JAMESTOWN CONTAINERS",PMS 2400C,08/31-Moyy,,,465.0
368671,5035585,1,2026-08-19,500,10,208,1,0,1,0,1.0,0,,Finished Good,5000,5131.0,25655.0,4500.0,5500,10010,,,2026-08-21,0,25655.0,173299,2026-08-21,C,SFC - Short Flap Carton,,Plain,0,3,,1.0,8,1,0,16.06,45.02,0,0.0,"16oz BR 12pk SFC Plain 
12-5/16 x 9-3/16 x 6-7/8
40C Kraft GAP TOP/BTM 1/4""
750/unit",Niagara,,0,,,1.0,0,0,0,True,0,,Regular,False,0,0,C40 K,OT,2026-08-12 06:56:32,,0,False,0,0,200 O/T C,,,1,60,0,12,0,GI,,Flamborough,12.05,9.03,6.14,,0.0,0,False,2026-08-12,Glued,08/18-FLIN01,,,,08/18-FLIN01,,,
367771,5035551,1,2026-08-17,200,1,256,0,0,0,0,1.0,0,,Interpac Corrugator,9000,2318.0,20862.0,8100.0,9900,10048,,,2026-08-18,0,20862.0,173378,2026-08-18,B,RDC - Rotary Die Cut,,Plain,0,3,M2401623,3.0,1,1,0,20.12,48.04,0,0.0,"YOS Tray 6 Pack Holder
 Diecut Sheet
Rotary Die Cut, Plain 
B Flute 32 ECT Kraft WRA 
1800/unit",Flamaglo,,0,,,1.0,0,0,0,True,0,,Regular,False,0,0,B32 K,OT,2026-08-07 15:45:58,,0,False,0,0,200 B,,,1,63,0,12,0,N,,Cambridge,15.12,19.12,0.0,,1.0,0,False,2026-08-07,No Closure,08/13-Moyy,R,14032 - B-2,,08/13-Moyy,166.0,2026-08-17,
367772,5035551,1,2026-08-17,500,20,166,1,33,1,6600,1.0,0,,United Rotary 66x113 4 Colour,9000,2318.0,20862.0,8100.0,9900,10048,,,2026-08-18,0,20862.0,173378,2026-08-18,B,RDC - Rotary Die Cut,R,Plain,0,3,M2401623,3.0,3,1,0,20.12,48.04,0,115.0,"YOS Tray 6 Pack Holder
 Diecut Sheet
Rotary Die Cut, Plain 
B Flute 32 ECT Kraft WRA 
1800/unit",Flamaglo,,0,,,1.0,0,0,0,True,2,,Regular,False,2,0,B32 K,OT,2026-08-07 15:45:58,,0,False,0,0,200 B,Prospect Rotary,,1,63,0,12,0,N,,Cambridge,15.12,19.12,0.0,,1.0,0,False,2026-08-07,No Closure,08/13-Moyy,R,14032 - B-2,,08/13-Moyy,,,124.0
367889,5035564,1,2026-08-17,500,10,208,1,0,1,0,1.0,0,,Finished Good,9000,4564.0,41076.0,8100.0,9900,11679,,,2026-08-18,0,41076.0,174466,2026-08-18,B,Full Overlap,,Plain,0,3,M2401820,1.0,8,1,0,22.0,29.14,0,0.0,"MAXBOX7
8-1/2 x 5-1/2 x 10-5/8
FOL 32B Kraft 900/sk",Maxed,,0,,,1.0,0,0,0,True,0,,Regular,False,0,0,B32 K,OT,2026-08-10 10:10:52,,0,False,0,0,200 B,,,1,60,0,12,0,GI,,Markham,8.08,5.08,10.1,,0.0,0,False,2026-08-10,Glued,08/17-FLIN01,,,,08/17-FLIN01,,,
368108,5035568,2,2026-08-31,500,30,167,1,25,1,5625,1.0,0,,"Bobst Specialty Gluer 115""",340,3495.0,1188.3,306.0,374,19336,,,2026-08-31,0,1188.3,177070,2026-08-31,B,Flat Bed Die Cut,Bobst Gluer,Nozomi Digital 1 Side Print,1,3,,2.0,3,1,0,30.08,33.0,0,29.0,"16 x 1/2 lb Rawpatties Rabbit
14-1/4 x 30-3/4
FBDC, Glued, 20/Bundle
Nozomi Digital 1 Side Print",Fish Lake,,0,,,1.0,0,0,0,True,0,,Regular,False,6,0,B32 Coated White 1S,OT,2026-08-10 12:18:23,,340,False,0,0,,Bobst Gluer,,1,65,340,12,0,GI,"Dig Ink Med Intensity (40%), Coated Digital (0%)",Waterloo,30.12,14.04,0.0,,1.0,0,False,2026-08-10,Glued,No P.O.,"N,E,BobstGluer",13730 - C3-A,"Dig Ink Med Intensity
Coated Digital",No P.O.,,,28.0
368655,5035580,1,2026-08-19,500,10,69,1,40,1,720,1.0,0,,Langston Saturn 50x110,7000,29004.0,203028.0,6300.0,7700,18353,,,2026-08-21,0,203028.0,179185,2026-08-21,C,Regular Slotted Carton,L,Flexo 1 Colour Print,1,3,,1.0,3,1,0,52.02,80.02,0,623.0,"23 x 16 x 35-1/2
RSC, Glued, Flexo 1 Col Print -10% coverage 
C Flute 32 ECT Kraft
130/unit",Duvet,,0,,,0.6,0,0,0,True,2,,Regular,False,1,0,C32 K,CRB,2026-08-11 13:51:24,,0,False,0,0,200 C,Langston,,1,60,0,12,0,GI,GCMI 90 BLACK AU (10%),Montreal,23.0,16.0,35.08,,0.0,0,False,2026-08-11,Glued,08/17-MONT01,L,14252 - LANGSTON,GCMI 90 BLACK AU,08/17-MONT01,,,641.0
366325,5035477,5,2026-08-14,200,1,234,0,0,0,0,1.0,0,,Corrugator,4000,2680.0,10720.0,4000.0,4400,14304,,,2026-08-17,0,10720.0,181949,2026-08-17,E,Flat Bed Die Cut,,Nozomi Digital 1 Side Print,1,3,,4.0,0,1,0,36.0,42.14,0,0.0,"NP 3PK - 20-2730-R1
5-1/4 x 6 x 2-3/4
FBDC, No Closure, 
Nozomi Digital 1 Side Print 
E32 Oyster",Innovative,,0,,,1.0,0,0,0,True,0,,Regular,False,234,0,E32 OY,CRB,2026-07-30 07:04:27,,3976,False,0,0,200 E Oys,,,1,65,3976,12,0,N,"Dig Ink Med Intensity (70%), Non-Coated Digital (0%)",Kenmore,5.04,6.0,2.12,,1.0,0,False,2026-07-30,No Closure,No P.O.,"N,E,PP",14025 - ETERNA C2-B,"Dig Ink Med Intensity
Non-Coated Digital",No P.O.,189.0,2026-08-06,
366328,5035477,5,2026-08-14,500,30,237,1,0,1,0,1.0,0,,Pack & Protect A-1,4000,2680.0,10720.0,4000.0,4400,14304,,,2026-08-17,0,10720.0,181949,2026-08-17,E,Flat Bed Die Cut,PP,Nozomi Digital 1 Side Print,1,3,,4.0,5,1,0,36.0,42.14,0,0.0,"NP 3PK - 20-2730-R1
5-1/4 x 6 x 2-3/4
FBDC, No Closure, 
Nozomi Digital 1 Side Print 
E32 Oyster",Innovative,,0,,,1.0,0,0,0,True,0,,Regular,False,6,0,E32 OY,CRB,2026-07-30 07:04:27,,3976,False,0,0,200 E Oys,,,1,65,3976,12,0,N,"Dig Ink Med Intensity (70%), Non-Coated Digital (0%)",Kenmore,5.04,6.0,2.12,,1.0,0,False,2026-07-30,No Closure,No P.O.,"N,E,PP",14025 - ETERNA C2-B,"Dig Ink Med Intensity
Non-Coated Digital",No P.O.,,,
367779,5035553,1,2026-08-17,120,1,256,0,0,0,0,1.0,0,,Interpac Corrugator,7000,6593.0,46151.0,7000.0,7700,18775,,,2026-08-18,0,46151.0,182328,2026-08-18,B,Flat Bed Die Cut,,Plain,0,3,M2400244,1.0,1,1,0,28.08,33.05,0,0.0,"Costco tray - Diecut Version
16 1/2 x 10 1/8 x 3 5/8
FBDC, No Closure, 
Plain B Flute 32 ECT Kraf",Hoya,,0,,,1.0,0,0,0,True,0,,Regular,False,0,0,B32 K,OT,2026-08-07 15:50:42,,0,False,0,0,200 B,,,1,63,0,12,0,N,,MISSISSAUGA,38.06,26.12,0.0,,1.0,0,False,2026-08-07,No Closure,08/13-Moyy,E,13848 - C4-AB,,08/13-Moyy,213.0,2026-08-20,
367780,5035553,1,2026-08-20,500,10,213,1,15,1,4500,1.0,0,,Eterna,7000,6593.0,46151.0,7000.0,7700,18775,,,2026-08-18,0,46151.0,182328,2026-08-18,B,Flat Bed Die Cut,E,Plain,0,3,M2400244,1.0,3,1,0,28.08,33.05,0,108.0,"Costco tray - Diecut Version
16 1/2 x 10 1/8 x 3 5/8
FBDC, No Closure, 
Plain B Flute 32 ECT Kraf",Hoya,,0,,,1.0,0,0,0,True,0,,Regular,False,3,0,B32 K,OT,2026-08-07 15:50:42,,0,False,0,0,200 B,Eterna,,1,63,0,12,0,N,,MISSISSAUGA,38.06,26.12,0.0,,1.0,0,False,2026-08-07,No Closure,08/13-Moyy,E,13848 - C4-AB,,08/13-Moyy,,,387.0
366329,5035477,6,2026-08-14,200,1,234,0,0,0,0,1.0,0,,Corrugator,5000,2680.0,13400.0,5000.0,5500,14304,,,2026-08-17,0,13400.0,182353,2026-08-17,E,Flat Bed Die Cut,,Nozomi Digital 1 Side Print,1,3,,4.0,0,1,0,36.0,42.14,0,0.0,"NP 3PK - 20-2731-R1
5-1/4 x 6 x 2-3/4
FBDC, No Closure, 
Nozomi Digital 1 Side Print 
E32 Oyster",Innovative,,0,,,1.0,0,0,0,True,0,,Regular,False,234,0,E32 OY,CRB,2026-07-30 07:04:27,,0,False,0,0,200 E Oys,,,1,65,0,12,0,N,"Dig Ink Med Intensity (70%), Non-Coated Digital (0%)",Kenmore,5.04,6.0,2.12,,1.0,0,False,2026-07-30,No Closure,No P.O.,"N,E,PP",14025 - ETERNA C2-B,"Dig Ink Med Intensity
Non-Coated Digital",No P.O.,189.0,2026-08-06,
366331,5035477,6,2026-08-14,250,20,213,1,25,1,14000,1.0,0,,Eterna,5000,2680.0,13400.0,5000.0,5500,14304,,,2026-08-17,0,13400.0,182353,2026-08-17,E,Flat Bed Die Cut,E,Nozomi Digital 1 Side Print,1,3,,4.0,3,1,0,36.0,42.14,0,46.0,"NP 3PK - 20-2731-R1
5-1/4 x 6 x 2-3/4
FBDC, No Closure, 
Nozomi Digital 1 Side Print 
E32 Oyster",Innovative,,0,,,1.0,0,0,0,True,0,,Regular,False,3,0,E32 OY,CRB,2026-07-30 07:04:27,,0,False,0,0,200 E Oys,Eterna,,1,65,0,12,0,N,"Dig Ink Med Intensity (70%), Non-Coated Digital (0%)",Kenmore,5.04,6.0,2.12,,1.0,0,False,2026-07-30,No Closure,No P.O.,"N,E,PP",14025 - ETERNA C2-B,"Dig Ink Med Intensity
Non-Coated Digital",No P.O.,237.0,2026-08-14,104.0
366332,5035477,6,2026-08-14,500,30,237,1,0,1,0,1.0,0,,Pack & Protect A-1,5000,2680.0,13400.0,5000.0,5500,14304,,,2026-08-17,0,13400.0,182353,2026-08-17,E,Flat Bed Die Cut,PP,Nozomi Digital 1 Side Print,1,3,,4.0,5,1,0,36.0,42.14,0,0.0,"NP 3PK - 20-2731-R1
5-1/4 x 6 x 2-3/4
FBDC, No Closure, 
Nozomi Digital 1 Side Print 
E32 Oyster",Innovative,,0,,,1.0,0,0,0,True,0,,Regular,False,6,0,E32 OY,CRB,2026-07-30 07:04:27,,0,False,0,0,200 E Oys,,,1,65,0,12,0,N,"Dig Ink Med Intensity (70%), Non-Coated Digital (0%)",Kenmore,5.04,6.0,2.12,,1.0,0,False,2026-07-30,No Closure,No P.O.,"N,E,PP",14025 - ETERNA C2-B,"Dig Ink Med Intensity
Non-Coated Digital",No P.O.,,,
=======
strapped bun",Intelcom,,0,,,0.6,0,0,0,True,2,,Regular,False,1,0,C32 K,CRB,2026-03-16 07:47:40,,0,False,0,0,200 C,Langston,,1,61,0,12,0,GI,PMS 2400C (10%),Vaughan,15.0,15.0,15.0,,0.0,0,False,2026-03-16,Glued,08/31-Moyy,L,"13992 - LANGSTON
14042 - JAMESTOWN CONTAINERS",PMS 2400C,08/31-Moyy,,,465.0
366518,5035488,1,2026-08-10,500,10,208,1,0,1,0,1.0,0,,Finished Good,13500,2942.0,39717.0,12150.0,14850,11679,,,2026-08-11,0,39717.0,174465,2026-08-11,B,Full Overlap,,Plain,0,3,M2401819,1.0,8,1,0,15.01,28.02,0,0.0,"MAXBOX6
9-7/8 x 3-1/4 x 8-3/16
FOL 32B Kraft 1350/sk",Maxed,,0,,,1.0,0,0,0,True,0,,Regular,False,0,0,B32 K,OT,2026-07-31 07:29:19,,0,False,0,0,200 B,,,1,60,0,12,0,GI,,Markham,9.14,3.04,8.03,,0.0,0,False,2026-07-31,Glued,08/10-FLIN01,,,,08/10-FLIN01,,,
366076,5035468,2,2026-08-24,500,1,234,0,0,0,0,1.0,0,,Corrugator,2500,7766.0,19415.0,2250.0,2750,10027,,,2026-08-27,0,19415.0,176722,2026-08-27,C,Regular Slotted Carton,,Plain,0,3,M2500042,1.0,0,1,0,18.0,62.02,0,0.0,"Clamshell 21-1/2 x 8-1/2 x 9
RSC, Glued, Plain
C Flute 32 ECT Kraft
375/unit",Scheps,,0,,,1.0,0,0,0,True,0,,Regular,False,234,0,C32 K,CRB,2026-07-29 14:38:37,,0,False,0,0,200 C,,,1,60,0,12,0,GI,,Tillsonburg,21.08,8.08,9.0,,0.0,0,False,2026-07-29,Glued,07/31-MONT01,L,,,07/31-MONT01,69.0,2026-08-25,
366077,5035468,2,2026-08-25,500,10,69,1,33,1,2520,1.0,0,,Langston Saturn 50x110,2500,7766.0,19415.0,2250.0,2750,10027,,,2026-08-27,0,19415.0,176722,2026-08-27,C,Regular Slotted Carton,L,Plain,0,3,M2500042,1.0,3,1,0,18.0,62.02,0,93.0,"Clamshell 21-1/2 x 8-1/2 x 9
RSC, Glued, Plain
C Flute 32 ECT Kraft
375/unit",Scheps,,0,,,0.6,0,0,0,True,2,,Regular,False,1,0,C32 K,CRB,2026-07-29 14:38:37,,0,False,0,0,200 C,Langston,,1,60,0,12,0,GI,,Tillsonburg,21.08,8.08,9.0,,0.0,0,False,2026-07-29,Glued,07/31-MONT01,L,,,07/31-MONT01,,,127.0
362594,5034333,5,2026-08-05,500,10,208,1,0,1,0,1.0,0,,Finished Good,6500,3379.0,21963.5,5850.0,7150,10048,,,2026-07-31,0,21963.5,181186,2026-07-31,C,Regular Slotted Carton,,Flexo 1 Colour Print,1,3,M2500692_A,1.0,8,1,0,12.02,40.02,0,0.0,"Yogurt 12 Pack - Vanilla 
11-3/8 x 7-5/8 x 3-7/8
RSC, Glued, Flexo 1 Colour Print 
C Flute 32 ECT",Flamaglo,,0,,,1.0,0,0,0,True,0,,Regular,False,0,0,C32 K,CRB,2026-07-17 15:46:46,,0,False,0,0,200 C,,,1,60,0,12,0,GI,GCMI 90 BLACK AU (10%),Kitchener,11.06,7.1,3.14,,0.0,0,False,2026-07-17,Glued,07/28-FLIN01,,"14330 - FLINT
14468 - FLINT",GCMI 90 BLACK AU,07/28-FLIN01,,,
>>>>>>> 3d7f0d50c55d01c676d7c4bff56f84cbc3a91754
321690,5031420,1,2026-09-15,500,1,234,0,0,0,0,1.0,0,,Corrugator,2760,6954.0,19193.04,2484.0,3036,19221,,,2026-09-18,0,19193.04,182386,2026-09-18,C,Regular Slotted Carton,,Flexo 1 Colour Print,1,3,M2500585,1.0,0,1,0,18.08,54.02,0,0.0,"16 x 10 x 8
RSC, Glued, Flexo 1 Col. Print 
C Flute 44 ECT Kraft
2 Hand Flaps
<<<<<<< HEAD
345/unit",Food for Life,,0,,,1.0,0,0,0,True,0,,Regular,False,234,0,C44 K,OT,2025-12-23 16:07:41,,0,False,0,0,275 C,,,1,60,0,12,0,GI,GCMI 90 BLACK AU (10%),Burlington,16.0,10.0,8.0,,0.0,0,False,2025-12-23,Glued,09/14-MONT01,L,14389 - LANGSTON,GCMI 90 BLACK AU,09/14-MONT01,69.0,2026-09-16,
=======
345/unit",Food for Life,,0,,,1.0,0,0,0,True,0,,Regular,False,234,0,C44 K,OT,2025-12-23 16:07:41,,0,False,0,0,275 C,,,1,60,0,12,0,GI,GCMI 90 BLACK AU (10%),BURLINGTON,16.0,10.0,8.0,,0.0,0,False,2025-12-23,Glued,09/14-MONT01,L,14389 - LANGSTON,GCMI 90 BLACK AU,09/14-MONT01,69.0,2026-09-16,
>>>>>>> 3d7f0d50c55d01c676d7c4bff56f84cbc3a91754
321691,5031420,1,2026-09-16,500,10,69,1,60,1,2520,1.0,0,,Langston Saturn 50x110,2760,6954.0,19193.04,2484.0,3036,19221,,,2026-09-18,0,19193.04,182386,2026-09-18,C,Regular Slotted Carton,L,Flexo 1 Colour Print,1,3,M2500585,1.0,3,1,0,18.08,54.02,0,126.0,"16 x 10 x 8
RSC, Glued, Flexo 1 Col. Print 
C Flute 44 ECT Kraft
2 Hand Flaps
<<<<<<< HEAD
345/unit",Food for Life,,0,,,0.6,0,0,0,True,2,,Regular,False,1,0,C44 K,OT,2025-12-23 16:07:41,,0,False,0,0,275 C,Langston,,1,60,0,12,0,GI,GCMI 90 BLACK AU (10%),Burlington,16.0,10.0,8.0,,0.0,0,False,2025-12-23,Glued,09/14-MONT01,L,14389 - LANGSTON,GCMI 90 BLACK AU,09/14-MONT01,,,115.0
=======
345/unit",Food for Life,,0,,,0.6,0,0,0,True,2,,Regular,False,1,0,C44 K,OT,2025-12-23 16:07:41,,0,False,0,0,275 C,Langston,,1,60,0,12,0,GI,GCMI 90 BLACK AU (10%),BURLINGTON,16.0,10.0,8.0,,0.0,0,False,2025-12-23,Glued,09/14-MONT01,L,14389 - LANGSTON,GCMI 90 BLACK AU,09/14-MONT01,,,115.0
>>>>>>> 3d7f0d50c55d01c676d7c4bff56f84cbc3a91754
321769,5031421,1,2026-11-17,500,1,234,0,0,0,0,1.0,0,,Corrugator,2760,6954.0,19193.04,2484.0,3036,19221,,,2026-11-20,0,19193.04,182386,2026-11-20,C,Regular Slotted Carton,,Flexo 1 Colour Print,1,3,M2500585,1.0,0,1,0,18.08,54.02,0,0.0,"16 x 10 x 8
RSC, Glued, Flexo 1 Col. Print 
C Flute 44 ECT Kraft
2 Hand Flaps
<<<<<<< HEAD
345/unit",Food for Life,,0,,,1.0,0,0,0,True,0,,Regular,False,234,0,C44 K,OT,2025-12-23 16:08:56,,0,False,0,0,275 C,,,1,60,0,12,0,GI,GCMI 90 BLACK AU (10%),Burlington,16.0,10.0,8.0,,0.0,0,False,2025-12-23,Glued,11/16-MONT01,L,14389 - LANGSTON,GCMI 90 BLACK AU,11/16-MONT01,69.0,2026-11-18,
=======
345/unit",Food for Life,,0,,,1.0,0,0,0,True,0,,Regular,False,234,0,C44 K,OT,2025-12-23 16:08:56,,0,False,0,0,275 C,,,1,60,0,12,0,GI,GCMI 90 BLACK AU (10%),BURLINGTON,16.0,10.0,8.0,,0.0,0,False,2025-12-23,Glued,11/16-MONT01,L,14389 - LANGSTON,GCMI 90 BLACK AU,11/16-MONT01,69.0,2026-11-18,
>>>>>>> 3d7f0d50c55d01c676d7c4bff56f84cbc3a91754
321768,5031421,1,2026-11-18,500,10,69,1,60,1,2520,1.0,0,,Langston Saturn 50x110,2760,6954.0,19193.04,2484.0,3036,19221,,,2026-11-20,0,19193.04,182386,2026-11-20,C,Regular Slotted Carton,L,Flexo 1 Colour Print,1,3,M2500585,1.0,3,1,0,18.08,54.02,0,126.0,"16 x 10 x 8
RSC, Glued, Flexo 1 Col. Print 
C Flute 44 ECT Kraft
2 Hand Flaps
<<<<<<< HEAD
345/unit",Food for Life,,0,,,0.6,0,0,0,True,2,,Regular,False,1,0,C44 K,OT,2025-12-23 16:08:56,,0,False,0,0,275 C,Langston,,1,60,0,12,0,GI,GCMI 90 BLACK AU (10%),Burlington,16.0,10.0,8.0,,0.0,0,False,2025-12-23,Glued,11/16-MONT01,L,14389 - LANGSTON,GCMI 90 BLACK AU,11/16-MONT01,,,115.0
=======
345/unit",Food for Life,,0,,,0.6,0,0,0,True,2,,Regular,False,1,0,C44 K,OT,2025-12-23 16:08:56,,0,False,0,0,275 C,Langston,,1,60,0,12,0,GI,GCMI 90 BLACK AU (10%),BURLINGTON,16.0,10.0,8.0,,0.0,0,False,2025-12-23,Glued,11/16-MONT01,L,14389 - LANGSTON,GCMI 90 BLACK AU,11/16-MONT01,,,115.0
353972,5032973,1,2026-08-13,500,10,69,1,33,1,2520,1.0,0,,Langston Saturn 50x110,10500,9803.0,102931.5,9450.0,11550,16435,,,2026-08-17,0,102931.5,183213,2026-08-17,C,Regular Slotted Carton,L,Plain,0,3,M2501228,1.0,3,1,0,23.0,61.06,0,283.0,"TraderJoes Gingerbread 
16 7/8 x 12 3/4 x 9 3/4
RSC, Glued, Plain 
C Flute 32 ECT Kraft
Extended",Scheps Novelties,,0,,,0.6,0,0,0,True,2,,Regular,False,1,0,C32 K,CRB,2026-06-10 12:56:20,,0,False,0,0,200 C,Langston,,1,60,0,12,0,GI,,Tillsonburg,16.14,12.12,9.12,,0.0,0,False,2026-06-10,Glued,08/10-Moyy,L,,,08/10-Moyy,,,205.0
>>>>>>> 3d7f0d50c55d01c676d7c4bff56f84cbc3a91754
353975,5032974,1,2026-10-06,500,10,69,1,33,1,2520,1.0,0,,Langston Saturn 50x110,10500,9803.0,102931.5,9450.0,11550,16435,,,2026-10-08,0,102931.5,183213,2026-10-08,C,Regular Slotted Carton,L,Plain,0,3,M2501228,1.0,3,1,0,23.0,61.06,0,283.0,"TraderJoes Gingerbread 
16 7/8 x 12 3/4 x 9 3/4
RSC, Glued, Plain 
C Flute 32 ECT Kraft
Extended",Scheps Novelties,,0,,,0.6,0,0,0,True,2,,Regular,False,1,0,C32 K,CRB,2026-06-10 12:58:02,,0,False,0,0,200 C,Langston,,1,60,0,12,0,GI,,Tillsonburg,16.14,12.12,9.12,,0.0,0,False,2026-06-10,Glued,09/28-Moyy,L,,,09/28-Moyy,,,205.0
<<<<<<< HEAD
367050,5035510,1,2026-09-02,500,10,168,1,0,1,0,1.0,0,,Farm Out,250,6451.0,1612.75,225.0,275,10002,,,2026-09-03,0,1612.75,184505,2026-09-03,C,Sheet,,Plain,0,3,,1.0,7,1,0,22.04,41.12,0,0.0,"KPK582 22-1/4x41-3/4 
Sheet 32C Kraft",Kromet,,0,,,1.0,5,0,0,True,0,,Regular,False,4,0,C32 K,CRB,2026-08-06 07:06:20,,0,False,0,0,200 C,Farm Out,,1,66,0,14,0,,,Cambridge,22.04,41.12,0.0,,0.0,0,False,2026-08-06,Not Applicable,08/31-MONT01,,,,08/31-MONT01,,,
368547,5035573,1,2026-08-18,500,10,208,1,0,1,0,1.0,0,,Finished Good,300,11567.0,3470.1,270.0,330,18972,,,2026-08-24,0,5795.067,185180,2026-08-24,DW,Regular Slotted Carton,,Plain,0,3,M2501602A,1.0,8,1,0,25.0,66.1,0,0.0,"17 x 15 x 9
RSC, Glued, Plain BC Flute 42 ECT Kraft
2 Hand Flaps
140/unit",Synchro,,0,,,1.0,0,0,0,True,0,,Regular,False,0,0,BC42 K,OT,2026-08-11 10:20:31,,0,False,0,0,200 BC,,,1,60,0,12,0,GI,,Niagara Falls,17.0,15.0,9.0,,0.0,0,False,2026-08-11,Glued,08/19-FLIN01,,,,08/19-FLIN01,,,
368437,5035538,1,2026-08-28,500,1,234,0,0,0,0,1.0,0,,Corrugator,18000,7935.0,142830.0,16200.0,19800,11312,,,2026-09-03,1,142830.0,185232,2026-08-21,C,Regular Slotted Carton,,Flexo 1 Colour Print,1,3,M2201171-0,3.0,0,1,0,50.11,67.1,0,0.0,"BCR Shipping Box 24lb 2025
22-1/4x10x6-3/16  44C Kraft
1C Tapered Slots 375/sk",BCR,,0,,,1.0,0,0,0,True,0,,Stock & Release,False,234,0,C44 K,OT,2026-08-10 18:28:32,,0,False,0,0,275 C,,,1,64,0,15,0,GI,GCMI 90 BLACK HK (10%),Smithville,22.04,10.0,6.03,,0.0,0,False,2026-08-07,Glued,08/13-MONT01,"R,L","13566 - P 3 & 4
14558 - UNITED",GCMI 90 BLACK HK,08/13-MONT01,166.0,2026-08-31,
368438,5035538,1,2026-08-31,500,10,166,1,33,1,4800,1.0,0,,United Rotary 66x113 4 Colour,18000,7935.0,142830.0,16200.0,19800,11312,,,2026-09-03,1,142830.0,185232,2026-08-21,C,Regular Slotted Carton,R,Flexo 1 Colour Print,1,3,M2201171-0,3.0,3,1,0,50.11,67.1,0,258.0,"BCR Shipping Box 24lb 2025
22-1/4x10x6-3/16  44C Kraft
1C Tapered Slots 375/sk",BCR,,0,,,1.0,0,0,0,True,2,,Stock & Release,False,2,0,C44 K,OT,2026-08-10 18:28:32,,0,False,0,0,275 C,Prospect Rotary,,1,64,0,15,0,GI,GCMI 90 BLACK HK (10%),Smithville,22.04,10.0,6.03,,0.0,0,False,2026-08-07,Glued,08/13-MONT01,"R,L","13566 - P 3 & 4
14558 - UNITED",GCMI 90 BLACK HK,08/13-MONT01,69.0,2026-09-01,439.0
368439,5035538,1,2026-09-01,500,20,69,1,40,1,4320,1.0,0,,Langston Saturn 50x110,18000,7935.0,142830.0,16200.0,19800,11312,,,2026-09-03,1,142830.0,185232,2026-08-21,C,Regular Slotted Carton,L,Flexo 1 Colour Print,1,3,M2201171-0,3.0,3,1,0,50.11,67.1,0,290.0,"BCR Shipping Box 24lb 2025
22-1/4x10x6-3/16  44C Kraft
1C Tapered Slots 375/sk",BCR,,0,,,0.6,0,0,0,True,2,,Stock & Release,False,1,0,C44 K,OT,2026-08-10 18:28:32,,0,False,0,0,275 C,Langston,,1,64,0,15,0,GI,GCMI 90 BLACK HK (10%),Smithville,22.04,10.0,6.03,,0.0,0,False,2026-08-07,Glued,08/13-MONT01,"R,L","13566 - P 3 & 4
14558 - UNITED",GCMI 90 BLACK HK,08/13-MONT01,,,371.0
361334,5034276,1,2026-08-19,500,1,256,0,0,0,0,1.0,0,,Interpac Corrugator,11500,5385.0,61927.5,11500.0,12650,18006,,,2026-08-24,0,61927.5,186655,2026-08-24,E,RDC - Rotary Die Cut,,Flexo 1 Colour Print,1,3,M2500998,1.0,1,1,0,35.04,22.0,0,0.0,"203833 Aldi Maxx Tray
21 x 34-1/4
RDC, No Closure, 
Flexo 1 Colour Print 
*PMS 422U Gray
E32 Oy",Taste of Nature,,0,,,1.0,0,0,0,True,0,,Regular,False,0,0,E32 OY,CRB,2026-07-15 06:51:34,,0,False,0,0,200 E Oys,,,1,64,0,12,0,N,PMS 422U Gray (50%),Richmond Hill,21.0,34.04,0.0,,1.0,0,False,2026-07-15,No Closure,08/05-Moyy,R,"14371 - A-1
14682 - UNITED",PMS 422U Gray,08/05-Moyy,166.0,2026-08-20,
361335,5034276,1,2026-08-20,500,10,166,1,33,1,2000,1.0,0,,United Rotary 66x113 4 Colour,11500,5385.0,61927.5,11500.0,12650,18006,,,2026-08-24,0,61927.5,186655,2026-08-24,E,RDC - Rotary Die Cut,R,Flexo 1 Colour Print,1,3,M2500998,1.0,3,1,0,35.04,22.0,0,378.0,"203833 Aldi Maxx Tray
21 x 34-1/4
RDC, No Closure, 
Flexo 1 Colour Print 
*PMS 422U Gray
E32 Oy",Taste of Nature,,0,,,1.0,0,0,0,True,2,,Regular,False,2,0,E32 OY,CRB,2026-07-15 06:51:34,,0,False,0,0,200 E Oys,Prospect Rotary,,1,64,0,12,0,N,PMS 422U Gray (50%),Richmond Hill,21.0,34.04,0.0,,1.0,0,False,2026-07-15,No Closure,08/05-Moyy,R,"14371 - A-1
14682 - UNITED",PMS 422U Gray,08/05-Moyy,,,531.0
367120,5035509,1,2026-08-14,100,1,256,0,0,0,0,1.0,0,,Interpac Corrugator,2000,5680.0,11360.0,1800.0,2200,11312,,,2026-08-18,1,11360.0,186888,2026-08-17,C,Flat Bed Die Cut,,Nozomi Digital 1 Side Print,1,3,M2501938,2.0,1,1,0,37.08,43.1,0,0.0,"RED 12s GNG
RDC, Glued, Nozomi Digital 1 Side Print 
32C Coated White 1Side +WRA
NO HANDHOLES
50",BCR,,0,,,1.0,0,0,0,True,0,,Stock & Release,False,0,0,C32 Coated White 1S,OT,2026-08-05 17:24:38,,0,False,0,0,,,,1,62,0,15,0,GI,Dig Ink Med Intensity (80%),Smithville,41.1,17.08,0.0,,1.0,0,False,2026-08-05,Glued,08/11-Moyy,"N,E,BobstGluer","12126 - H -5
14045 - ETERNA C2-D",Dig Ink Med Intensity,08/11-Moyy,189.0,2026-08-18,
367118,5035509,1,2026-08-18,40,10,189,1,10,1,10023,1.0,0,,Nozomi Digital Printer,2000,5680.0,11360.0,1800.0,2200,11312,,,2026-08-18,1,11360.0,186888,2026-08-17,C,Flat Bed Die Cut,N,Nozomi Digital 1 Side Print,1,3,M2501938,2.0,3,1,0,37.08,43.1,0,22.0,"RED 12s GNG
RDC, Glued, Nozomi Digital 1 Side Print 
32C Coated White 1Side +WRA
NO HANDHOLES
50",BCR,,0,,,1.0,0,0,0,True,1,,Stock & Release,False,1,0,C32 Coated White 1S,OT,2026-08-05 17:24:38,,0,False,0,0,,NAZ,,1,62,0,15,0,GI,Dig Ink Med Intensity (80%),Smithville,41.1,17.08,0.0,,1.0,0,False,2026-08-05,Glued,08/11-Moyy,"N,E,BobstGluer","12126 - H -5
14045 - ETERNA C2-D",Dig Ink Med Intensity,08/11-Moyy,213.0,2026-08-17,46.0
367119,5035509,1,2026-08-17,400,20,213,1,25,1,5040,1.0,0,,Eterna,2000,5680.0,11360.0,1800.0,2200,11312,,,2026-08-18,1,11360.0,186888,2026-08-17,C,Flat Bed Die Cut,E,Nozomi Digital 1 Side Print,1,3,M2501938,2.0,3,1,0,37.08,43.1,0,49.0,"RED 12s GNG
RDC, Glued, Nozomi Digital 1 Side Print 
32C Coated White 1Side +WRA
NO HANDHOLES
50",BCR,,0,,,1.0,0,0,0,True,0,,Stock & Release,False,3,0,C32 Coated White 1S,OT,2026-08-05 17:24:38,,0,False,0,0,,Eterna,,1,62,0,15,0,GI,Dig Ink Med Intensity (80%),Smithville,41.1,17.08,0.0,,1.0,0,False,2026-08-05,Glued,08/11-Moyy,"N,E,BobstGluer","12126 - H -5
14045 - ETERNA C2-D",Dig Ink Med Intensity,08/11-Moyy,167.0,2026-08-14,173.0
367117,5035509,1,2026-08-14,500,30,167,1,60,1,1500,1.0,0,,"Bobst Specialty Gluer 115""",2000,5680.0,11360.0,1800.0,2200,11312,,,2026-08-18,1,11360.0,186888,2026-08-17,C,Flat Bed Die Cut,Bobst Gluer,Nozomi Digital 1 Side Print,1,3,M2501938,2.0,3,1,0,37.08,43.1,0,140.0,"RED 12s GNG
RDC, Glued, Nozomi Digital 1 Side Print 
32C Coated White 1Side +WRA
NO HANDHOLES
50",BCR,,0,,,1.0,0,0,0,True,0,,Stock & Release,False,6,0,C32 Coated White 1S,OT,2026-08-05 17:24:38,,0,False,0,0,,Bobst Gluer,,1,62,0,15,0,GI,Dig Ink Med Intensity (80%),Smithville,41.1,17.08,0.0,,1.0,0,False,2026-08-05,Glued,08/11-Moyy,"N,E,BobstGluer","12126 - H -5
14045 - ETERNA C2-D",Dig Ink Med Intensity,08/11-Moyy,,,132.0
366991,5035504,3,2026-08-14,200,1,234,0,0,0,0,1.0,0,,Corrugator,1500,5680.0,8520.0,1350.0,1650,11312,,,2026-08-18,1,8520.0,186889,2026-08-12,C,Flat Bed Die Cut,,Nozomi Digital 1 Side Print,1,3,M2501938,2.0,0,1,0,37.08,43.1,0,0.0,"COUNTRY 12s GNG
RDC, Glued, Nozomi Digital 1 Side Print 
32C Coated White 1Side +WRA
NO HANDHOLES",BCR,,0,,,1.0,0,0,0,True,0,,Stock & Release,False,234,0,C32 Coated White 1S,OT,2026-08-05 14:34:57,,0,False,0,0,,,,1,62,0,15,0,GI,Dig Ink Med Intensity (80%),Smithville,41.1,17.08,0.0,,1.0,0,False,2026-08-05,Glued,No P.O.,"N,E,BobstGluer","12126 - H -5
14045 - ETERNA C2-D",Dig Ink Med Intensity,No P.O.,189.0,2026-08-18,
366992,5035504,3,2026-08-18,20,10,189,1,10,1,10023,1.0,0,,Nozomi Digital Printer,1500,5680.0,8520.0,1350.0,1650,11312,,,2026-08-18,1,8520.0,186889,2026-08-12,C,Flat Bed Die Cut,N,Nozomi Digital 1 Side Print,1,3,M2501938,2.0,3,1,0,37.08,43.1,0,19.0,"COUNTRY 12s GNG
RDC, Glued, Nozomi Digital 1 Side Print 
32C Coated White 1Side +WRA
NO HANDHOLES",BCR,,0,,,1.0,0,0,0,True,1,,Stock & Release,False,1,0,C32 Coated White 1S,OT,2026-08-05 14:34:57,,0,False,0,0,,NAZ,,1,62,0,15,0,GI,Dig Ink Med Intensity (80%),Smithville,41.1,17.08,0.0,,1.0,0,False,2026-08-05,Glued,No P.O.,"N,E,BobstGluer","12126 - H -5
14045 - ETERNA C2-D",Dig Ink Med Intensity,No P.O.,213.0,2026-08-17,29.0
366993,5035504,3,2026-08-17,400,20,213,1,25,1,5040,1.0,0,,Eterna,1500,5680.0,8520.0,1350.0,1650,11312,,,2026-08-18,1,8520.0,186889,2026-08-12,C,Flat Bed Die Cut,E,Nozomi Digital 1 Side Print,1,3,M2501938,2.0,3,1,0,37.08,43.1,0,43.0,"COUNTRY 12s GNG
RDC, Glued, Nozomi Digital 1 Side Print 
32C Coated White 1Side +WRA
NO HANDHOLES",BCR,,0,,,1.0,0,0,0,True,0,,Stock & Release,False,3,0,C32 Coated White 1S,OT,2026-08-05 14:34:57,,0,False,0,0,,Eterna,,1,62,0,15,0,GI,Dig Ink Med Intensity (80%),Smithville,41.1,17.08,0.0,,1.0,0,False,2026-08-05,Glued,No P.O.,"N,E,BobstGluer","12126 - H -5
14045 - ETERNA C2-D",Dig Ink Med Intensity,No P.O.,167.0,2026-08-14,155.0
366994,5035504,3,2026-08-14,500,30,167,1,60,1,1500,1.0,0,,"Bobst Specialty Gluer 115""",1500,5680.0,8520.0,1350.0,1650,11312,,,2026-08-18,1,8520.0,186889,2026-08-12,C,Flat Bed Die Cut,Bobst Gluer,Nozomi Digital 1 Side Print,1,3,M2501938,2.0,3,1,0,37.08,43.1,0,120.0,"COUNTRY 12s GNG
RDC, Glued, Nozomi Digital 1 Side Print 
32C Coated White 1Side +WRA
NO HANDHOLES",BCR,,0,,,1.0,0,0,0,True,0,,Stock & Release,False,6,0,C32 Coated White 1S,OT,2026-08-05 14:34:57,,0,False,0,0,,Bobst Gluer,,1,62,0,15,0,GI,Dig Ink Med Intensity (80%),Smithville,41.1,17.08,0.0,,1.0,0,False,2026-08-05,Glued,No P.O.,"N,E,BobstGluer","12126 - H -5
14045 - ETERNA C2-D",Dig Ink Med Intensity,No P.O.,,,115.0
366983,5035504,1,2026-08-14,200,1,234,0,0,0,0,1.0,0,,Corrugator,2500,5680.0,14200.0,2250.0,2750,11312,,,2026-08-18,1,14200.0,186890,2026-08-17,C,Flat Bed Die Cut,,Nozomi Digital 1 Side Print,1,3,M2501938,2.0,0,1,0,37.08,43.1,0,0.0,"BIG 12s GNG
RDC, Glued, Nozomi Digital 1 Side Print 
32C Coated White 1Side +WRA
NO HANDHOLES
50",BCR,,0,,,1.0,0,0,0,True,0,,Stock & Release,False,234,0,C32 Coated White 1S,OT,2026-08-05 14:34:57,,0,False,0,0,,,,1,62,0,15,0,GI,Dig Ink Med Intensity (80%),Smithville,41.1,17.08,0.0,,1.0,0,False,2026-08-05,Glued,No P.O.,"N,E,BobstGluer","12126 - H -5
14045 - ETERNA C2-D",Dig Ink Med Intensity,No P.O.,189.0,2026-08-18,
366984,5035504,1,2026-08-18,30,10,189,1,10,1,10023,1.0,0,,Nozomi Digital Printer,2500,5680.0,14200.0,2250.0,2750,11312,,,2026-08-18,1,14200.0,186890,2026-08-17,C,Flat Bed Die Cut,N,Nozomi Digital 1 Side Print,1,3,M2501938,2.0,3,1,0,37.08,43.1,0,25.0,"BIG 12s GNG
RDC, Glued, Nozomi Digital 1 Side Print 
32C Coated White 1Side +WRA
NO HANDHOLES
50",BCR,,0,,,1.0,0,0,0,True,1,,Stock & Release,False,1,0,C32 Coated White 1S,OT,2026-08-05 14:34:57,,0,False,0,0,,NAZ,,1,62,0,15,0,GI,Dig Ink Med Intensity (80%),Smithville,41.1,17.08,0.0,,1.0,0,False,2026-08-05,Glued,No P.O.,"N,E,BobstGluer","12126 - H -5
14045 - ETERNA C2-D",Dig Ink Med Intensity,No P.O.,213.0,2026-08-17,59.0
366985,5035504,1,2026-08-17,400,20,213,1,25,1,5040,1.0,0,,Eterna,2500,5680.0,14200.0,2250.0,2750,11312,,,2026-08-18,1,14200.0,186890,2026-08-17,C,Flat Bed Die Cut,E,Nozomi Digital 1 Side Print,1,3,M2501938,2.0,3,1,0,37.08,43.1,0,55.0,"BIG 12s GNG
RDC, Glued, Nozomi Digital 1 Side Print 
32C Coated White 1Side +WRA
NO HANDHOLES
50",BCR,,0,,,1.0,0,0,0,True,0,,Stock & Release,False,3,0,C32 Coated White 1S,OT,2026-08-05 14:34:57,,0,False,0,0,,Eterna,,1,62,0,15,0,GI,Dig Ink Med Intensity (80%),Smithville,41.1,17.08,0.0,,1.0,0,False,2026-08-05,Glued,No P.O.,"N,E,BobstGluer","12126 - H -5
14045 - ETERNA C2-D",Dig Ink Med Intensity,No P.O.,167.0,2026-08-14,241.0
366986,5035504,1,2026-08-14,500,30,167,1,60,1,1500,1.0,0,,"Bobst Specialty Gluer 115""",2500,5680.0,14200.0,2250.0,2750,11312,,,2026-08-18,1,14200.0,186890,2026-08-17,C,Flat Bed Die Cut,Bobst Gluer,Nozomi Digital 1 Side Print,1,3,M2501938,2.0,3,1,0,37.08,43.1,0,160.0,"BIG 12s GNG
RDC, Glued, Nozomi Digital 1 Side Print 
32C Coated White 1Side +WRA
NO HANDHOLES
50",BCR,,0,,,1.0,0,0,0,True,0,,Stock & Release,False,6,0,C32 Coated White 1S,OT,2026-08-05 14:34:57,,0,False,0,0,,Bobst Gluer,,1,62,0,15,0,GI,Dig Ink Med Intensity (80%),Smithville,41.1,17.08,0.0,,1.0,0,False,2026-08-05,Glued,No P.O.,"N,E,BobstGluer","12126 - H -5
14045 - ETERNA C2-D",Dig Ink Med Intensity,No P.O.,,,129.0
367124,5035509,2,2026-08-19,500,1,234,0,0,0,0,1.0,0,,Corrugator,1500,7925.0,11887.5,1350.0,1650,11312,,,2026-08-26,1,11887.5,187011,2026-08-21,C,Regular Slotted Carton,,Nozomi Digital 1 Side Print,1,3,M2200972,2.0,0,1,0,33.12,67.1,0,0.0,"DINNER 18s Tapered Slots 
22-1/4x9-1/2x5-3/4 -  
C40 Kemi Digital RSC + Handhold",BCR,,0,,,1.0,0,0,0,True,0,,Stock & Release,False,234,0,C40 Coated White 1S,OT,2026-08-05 17:24:38,,0,False,0,0,,,,1,62,0,15,0,GI,Dig Ink Med Intensity (50%),Smithville,22.04,9.08,5.12,,1.0,0,False,2026-08-05,Glued,08/11-MONT01,"N,R,L",13438 - J-11,Dig Ink Med Intensity,08/11-MONT01,189.0,2026-08-17,
367123,5035509,2,2026-08-17,400,10,189,1,10,1,6438,1.0,0,,Nozomi Digital Printer,1500,7925.0,11887.5,1350.0,1650,11312,,,2026-08-26,1,11887.5,187011,2026-08-21,C,Regular Slotted Carton,N,Nozomi Digital 1 Side Print,1,3,M2200972,2.0,3,1,0,33.12,67.1,0,18.0,"DINNER 18s Tapered Slots 
22-1/4x9-1/2x5-3/4 -  
C40 Kemi Digital RSC + Handhold",BCR,,650,,,1.0,0,0,0,True,1,,Stock & Release,False,1,0,C40 Coated White 1S,OT,2026-08-05 17:24:38,,0,False,0,0,,NAZ,,1,62,0,15,0,GI,Dig Ink Med Intensity (50%),Smithville,22.04,9.08,5.12,,1.0,0,False,2026-08-05,Glued,08/11-MONT01,"N,R,L",13438 - J-11,Dig Ink Med Intensity,08/11-MONT01,166.0,2026-08-21,75.0
367122,5035509,2,2026-08-21,500,20,166,1,33,1,3760,1.0,0,,United Rotary 66x113 4 Colour,1500,7925.0,11887.5,1350.0,1650,11312,,,2026-08-26,1,11887.5,187011,2026-08-21,C,Regular Slotted Carton,R,Nozomi Digital 1 Side Print,1,3,M2200972,2.0,3,1,0,33.12,67.1,0,47.0,"DINNER 18s Tapered Slots 
22-1/4x9-1/2x5-3/4 -  
C40 Kemi Digital RSC + Handhold",BCR,,610,,,1.0,0,0,0,True,2,,Stock & Release,False,2,0,C40 Coated White 1S,OT,2026-08-05 17:24:38,,0,False,0,0,,Prospect Rotary,,1,62,0,15,0,GI,Dig Ink Med Intensity (50%),Smithville,22.04,9.08,5.12,,1.0,0,False,2026-08-05,Glued,08/11-MONT01,"N,R,L",13438 - J-11,Dig Ink Med Intensity,08/11-MONT01,69.0,2026-08-24,98.0
367121,5035509,2,2026-08-24,500,30,69,1,71,1,3600,1.0,0,,Langston Saturn 50x110,1500,7925.0,11887.5,1350.0,1650,11312,,,2026-08-26,1,11887.5,187011,2026-08-21,C,Regular Slotted Carton,L,Nozomi Digital 1 Side Print,1,3,M2200972,2.0,3,1,0,33.12,67.1,0,96.0,"DINNER 18s Tapered Slots 
22-1/4x9-1/2x5-3/4 -  
C40 Kemi Digital RSC + Handhold",BCR,,0,,,0.6,0,0,0,True,2,,Stock & Release,False,1,0,C40 Coated White 1S,OT,2026-08-05 17:24:38,,0,False,0,0,,Langston,,1,62,0,15,0,GI,Dig Ink Med Intensity (50%),Smithville,22.04,9.08,5.12,,1.0,0,False,2026-08-05,Glued,08/11-MONT01,"N,R,L",13438 - J-11,Dig Ink Med Intensity,08/11-MONT01,,,112.0
368433,5035537,1,2026-08-27,500,1,234,0,0,0,0,1.0,0,,Corrugator,1500,7925.0,11887.5,1350.0,1650,11312,,,2026-09-03,1,11887.5,187012,2026-08-25,C,Regular Slotted Carton,,Nozomi Digital 1 Side Print,1,3,M2200972,2.0,0,1,0,33.12,67.1,0,0.0,"RED 18s Tapered Slots 
22-1/4x9-1/2x5-3/4 -  
C40 Kemi Digital RSC + Handhold",BCR,,0,,,1.0,0,0,0,True,0,,Stock & Release,False,234,0,C40 Coated White 1S,OT,2026-08-10 18:25:46,,0,False,0,0,,,,1,62,0,15,0,GI,Dig Ink Med Intensity (50%),Smithville,22.04,9.08,5.12,,1.0,0,False,2026-08-07,Glued,08/14-MONT01,"N,R,L",13438 - J-11,Dig Ink Med Intensity,08/14-MONT01,189.0,2026-08-17,
368434,5035537,1,2026-08-17,400,10,189,1,10,1,6438,1.0,0,,Nozomi Digital Printer,1500,7925.0,11887.5,1350.0,1650,11312,,,2026-09-03,1,11887.5,187012,2026-08-25,C,Regular Slotted Carton,N,Nozomi Digital 1 Side Print,1,3,M2200972,2.0,3,1,0,33.12,67.1,0,24.0,"RED 18s Tapered Slots 
22-1/4x9-1/2x5-3/4 -  
C40 Kemi Digital RSC + Handhold",BCR,,0,,,1.0,0,0,0,True,1,,Stock & Release,False,1,0,C40 Coated White 1S,OT,2026-08-10 18:25:46,,0,False,0,0,,NAZ,,1,62,0,15,0,GI,Dig Ink Med Intensity (50%),Smithville,22.04,9.08,5.12,,1.0,0,False,2026-08-07,Glued,08/14-MONT01,"N,R,L",13438 - J-11,Dig Ink Med Intensity,08/14-MONT01,166.0,2026-08-31,40.0
368435,5035537,1,2026-08-31,500,20,166,1,33,1,3760,1.0,0,,United Rotary 66x113 4 Colour,1500,7925.0,11887.5,1350.0,1650,11312,,,2026-09-03,1,11887.5,187012,2026-08-25,C,Regular Slotted Carton,R,Nozomi Digital 1 Side Print,1,3,M2200972,2.0,3,1,0,33.12,67.1,0,57.0,"RED 18s Tapered Slots 
22-1/4x9-1/2x5-3/4 -  
C40 Kemi Digital RSC + Handhold",BCR,,0,,,1.0,0,0,0,True,2,,Stock & Release,False,2,0,C40 Coated White 1S,OT,2026-08-10 18:25:46,,0,False,0,0,,Prospect Rotary,,1,62,0,15,0,GI,Dig Ink Med Intensity (50%),Smithville,22.04,9.08,5.12,,1.0,0,False,2026-08-07,Glued,08/14-MONT01,"N,R,L",13438 - J-11,Dig Ink Med Intensity,08/14-MONT01,69.0,2026-09-01,100.0
368436,5035537,1,2026-09-01,500,30,69,1,71,1,3600,1.0,0,,Langston Saturn 50x110,1500,7925.0,11887.5,1350.0,1650,11312,,,2026-09-03,1,11887.5,187012,2026-08-25,C,Regular Slotted Carton,L,Nozomi Digital 1 Side Print,1,3,M2200972,2.0,3,1,0,33.12,67.1,0,96.0,"RED 18s Tapered Slots 
22-1/4x9-1/2x5-3/4 -  
C40 Kemi Digital RSC + Handhold",BCR,,0,,,0.6,0,0,0,True,2,,Stock & Release,False,1,0,C40 Coated White 1S,OT,2026-08-10 18:25:46,,0,False,0,0,,Langston,,1,62,0,15,0,GI,Dig Ink Med Intensity (50%),Smithville,22.04,9.08,5.12,,1.0,0,False,2026-08-07,Glued,08/14-MONT01,"N,R,L",13438 - J-11,Dig Ink Med Intensity,08/14-MONT01,,,112.0
369206,5035600,1,2026-08-27,500,1,234,0,0,0,0,1.0,0,,Corrugator,5000,7576.0,37880.0,4500.0,5500,11312,,,2026-09-02,1,37880.0,187013,2026-08-24,C,Regular Slotted Carton,,Flexo 1 Colour Print,1,3,M2301424,2.0,0,1,0,32.12,66.1,0,0.0,"CND XL Bistro Variety
22-1/4x9-1/2x5-3/4 -  
C40 Kraft +WRA
1 Col Flexo Print
360/ Unit",BCR,,0,,,1.0,0,0,0,True,0,,Stock & Release,False,234,0,C40 K,OT,2026-08-13 10:21:43,,0,False,0,0,200 O/T C,,,1,64,0,15,0,GI,GCMI 90 BLACK AU (10%),Smithville,22.04,9.08,5.12,,0.0,0,False,2026-08-12,Glued,08/18-MONT01,"R,BobstGluer","13438 - J-11
14688 - RACK A",GCMI 90 BLACK AU,08/18-MONT01,166.0,2026-08-28,
369207,5035600,1,2026-08-28,500,10,166,1,100,1,3760,1.0,0,,United Rotary 66x113 4 Colour,5000,7576.0,37880.0,4500.0,5500,11312,,,2026-09-02,1,37880.0,187013,2026-08-24,C,Regular Slotted Carton,R,Flexo 1 Colour Print,1,3,M2301424,2.0,3,1,0,32.12,66.1,0,180.0,"CND XL Bistro Variety
22-1/4x9-1/2x5-3/4 -  
C40 Kraft +WRA
1 Col Flexo Print
360/ Unit",BCR,,0,,,1.0,0,0,0,True,2,,Stock & Release,False,2,0,C40 K,OT,2026-08-13 10:21:43,,0,False,0,0,200 O/T C,Prospect Rotary,,1,64,0,15,0,GI,GCMI 90 BLACK AU (10%),Smithville,22.04,9.08,5.12,,0.0,0,False,2026-08-12,Glued,08/18-MONT01,"R,BobstGluer","13438 - J-11
14688 - RACK A",GCMI 90 BLACK AU,08/18-MONT01,167.0,2026-08-31,165.0
369208,5035600,1,2026-08-31,500,20,167,1,60,1,1500,1.0,0,,"Bobst Specialty Gluer 115""",5000,7576.0,37880.0,4500.0,5500,11312,,,2026-09-02,1,37880.0,187013,2026-08-24,C,Regular Slotted Carton,Bobst Gluer,Flexo 1 Colour Print,1,3,M2301424,2.0,3,1,0,32.12,66.1,0,260.0,"CND XL Bistro Variety
22-1/4x9-1/2x5-3/4 -  
C40 Kraft +WRA
1 Col Flexo Print
360/ Unit",BCR,,0,,,1.0,0,0,0,True,0,,Stock & Release,False,6,0,C40 K,OT,2026-08-13 10:21:43,,0,False,0,0,200 O/T C,Bobst Gluer,,1,64,0,15,0,GI,GCMI 90 BLACK AU (10%),Smithville,22.04,9.08,5.12,,0.0,0,False,2026-08-12,Glued,08/18-MONT01,"R,BobstGluer","13438 - J-11
14688 - RACK A",GCMI 90 BLACK AU,08/18-MONT01,,,184.0
367127,5035509,3,2026-08-20,500,1,234,0,0,0,0,1.0,0,,Corrugator,1350,7576.0,10227.6,1215.0,1485,11312,,,2026-08-26,1,10227.6,187014,2026-08-21,C,Regular Slotted Carton,,Flexo 2 Colour Printing,2,3,M2301424,2.0,0,1,0,32.12,66.1,0,0.0,"CND XL BEEF
22-1/4x9-1/2x5-3/4 -  
C40 Kraft +WRA
2 Col Flexo Print
360/ Unit",BCR,,0,,,1.0,0,0,0,True,0,,Stock & Release,False,234,0,C40 K,OT,2026-08-05 17:24:38,,0,False,0,0,200 O/T C,,,1,64,0,15,0,GI,"GCMI 90 BLACK AU (15%), PMS 731C Brown (15%)",Smithville,22.04,9.08,5.12,,1.0,0,False,2026-08-05,Glued,08/11-MONT01,"R,L","13438 - J-11
14689 -","GCMI 90 BLACK AU
PMS 731C Brown",08/11-MONT01,166.0,2026-08-18,
367126,5035509,3,2026-08-18,500,10,166,1,100,1,3760,1.0,0,,United Rotary 66x113 4 Colour,1350,7576.0,10227.6,1215.0,1485,11312,,,2026-08-26,1,10227.6,187014,2026-08-21,C,Regular Slotted Carton,R,Flexo 2 Colour Printing,2,3,M2301424,2.0,3,1,0,32.12,66.1,0,122.0,"CND XL BEEF
22-1/4x9-1/2x5-3/4 -  
C40 Kraft +WRA
2 Col Flexo Print
360/ Unit",BCR,,0,,,1.0,0,0,0,True,2,,Stock & Release,False,2,0,C40 K,OT,2026-08-05 17:24:38,,0,False,0,0,200 O/T C,Prospect Rotary,,1,64,0,15,0,GI,"GCMI 90 BLACK AU (15%), PMS 731C Brown (15%)",Smithville,22.04,9.08,5.12,,1.0,0,False,2026-08-05,Glued,08/11-MONT01,"R,L","13438 - J-11
14689 -","GCMI 90 BLACK AU
PMS 731C Brown",08/11-MONT01,69.0,2026-08-24,128.0
367125,5035509,3,2026-08-24,500,20,69,1,75,1,4320,1.0,0,,Langston Saturn 50x110,1350,7576.0,10227.6,1215.0,1485,11312,,,2026-08-26,1,10227.6,187014,2026-08-21,C,Regular Slotted Carton,L,Flexo 2 Colour Printing,2,3,M2301424,2.0,3,1,0,32.12,66.1,0,94.0,"CND XL BEEF
22-1/4x9-1/2x5-3/4 -  
C40 Kraft +WRA
2 Col Flexo Print
360/ Unit",BCR,,0,,,0.6,0,0,0,True,2,,Stock & Release,False,1,0,C40 K,OT,2026-08-05 17:24:38,,0,False,0,0,200 O/T C,Langston,,1,64,0,15,0,GI,"GCMI 90 BLACK AU (15%), PMS 731C Brown (15%)",Smithville,22.04,9.08,5.12,,1.0,0,False,2026-08-05,Glued,08/11-MONT01,"R,L","13438 - J-11
14689 -","GCMI 90 BLACK AU
PMS 731C Brown",08/11-MONT01,,,105.0
367130,5035509,4,2026-08-20,500,1,234,0,0,0,0,1.0,0,,Corrugator,1500,7576.0,11364.0,1350.0,1650,11312,,,2026-08-26,1,11364.0,187015,2026-08-21,C,Regular Slotted Carton,,Flexo 2 Colour Printing,2,3,M2301424,2.0,0,1,0,32.12,66.1,0,0.0,"CND XL CHICKEN
22-1/4x9-1/2x5-3/4 -  
C40 Kraft +WRA
2 Col Flexo Print
360/ Unit",BCR,,0,,,1.0,0,0,0,True,0,,Stock & Release,False,234,0,C40 K,OT,2026-08-05 17:24:38,,0,False,0,0,200 O/T C,,,1,64,0,15,0,GI,"GCMI 90 BLACK AU (15%), PMS 7545 Blue C (15%)",Smithville,22.04,9.08,5.12,,1.0,0,False,2026-08-05,Glued,No P.O.,"R,L","13438 - J-11
14690 - RACK A","GCMI 90 BLACK AU
PMS 7545 Blue C",No P.O.,166.0,2026-08-18,
367129,5035509,4,2026-08-18,500,10,166,1,100,1,3760,1.0,0,,United Rotary 66x113 4 Colour,1500,7576.0,11364.0,1350.0,1650,11312,,,2026-08-26,1,11364.0,187015,2026-08-21,C,Regular Slotted Carton,R,Flexo 2 Colour Printing,2,3,M2301424,2.0,3,1,0,32.12,66.1,0,124.0,"CND XL CHICKEN
22-1/4x9-1/2x5-3/4 -  
C40 Kraft +WRA
2 Col Flexo Print
360/ Unit",BCR,,0,,,1.0,0,0,0,True,2,,Stock & Release,False,2,0,C40 K,OT,2026-08-05 17:24:38,,0,False,0,0,200 O/T C,Prospect Rotary,,1,64,0,15,0,GI,"GCMI 90 BLACK AU (15%), PMS 7545 Blue C (15%)",Smithville,22.04,9.08,5.12,,1.0,0,False,2026-08-05,Glued,No P.O.,"R,L","13438 - J-11
14690 - RACK A","GCMI 90 BLACK AU
PMS 7545 Blue C",No P.O.,69.0,2026-08-24,146.0
367128,5035509,4,2026-08-24,500,20,69,1,75,1,4320,1.0,0,,Langston Saturn 50x110,1500,7576.0,11364.0,1350.0,1650,11312,,,2026-08-26,1,11364.0,187015,2026-08-21,C,Regular Slotted Carton,L,Flexo 2 Colour Printing,2,3,M2301424,2.0,3,1,0,32.12,66.1,0,96.0,"CND XL CHICKEN
22-1/4x9-1/2x5-3/4 -  
C40 Kraft +WRA
2 Col Flexo Print
360/ Unit",BCR,,0,,,0.6,0,0,0,True,2,,Stock & Release,False,1,0,C40 K,OT,2026-08-05 17:24:38,,0,False,0,0,200 O/T C,Langston,,1,64,0,15,0,GI,"GCMI 90 BLACK AU (15%), PMS 7545 Blue C (15%)",Smithville,22.04,9.08,5.12,,1.0,0,False,2026-08-05,Glued,No P.O.,"R,L","13438 - J-11
14690 - RACK A","GCMI 90 BLACK AU
PMS 7545 Blue C",No P.O.,,,105.0
369209,5035600,2,2026-08-27,500,1,234,0,0,0,0,1.0,0,,Corrugator,4000,7576.0,30304.0,3600.0,4400,11312,,,2026-09-02,1,30304.0,187016,2026-08-24,C,Regular Slotted Carton,,Flexo 1 Colour Print,1,3,M2301424,2.0,0,1,0,32.12,66.1,0,0.0,"CND XL Feast
22-1/4x9-1/2x5-3/4 -  
C40 Kraft +WRA
2 Col Flexo Print
360/ Unit",BCR,,0,,,1.0,0,0,0,True,0,,Stock & Release,False,234,0,C40 K,OT,2026-08-13 10:21:43,,0,False,0,0,200 O/T C,,,1,64,0,15,0,GI,"GCMI 90 BLACK AU (10%), Pantone 364 C Green (15%)",Smithville,22.04,9.08,5.12,,0.0,0,False,2026-08-12,Glued,No P.O.,"R,BobstGluer","13438 - J-11
14691 - RACK A","GCMI 90 BLACK AU
Pantone 364 C Green",No P.O.,166.0,2026-08-28,
369210,5035600,2,2026-08-28,500,10,166,1,100,1,3760,1.0,0,,United Rotary 66x113 4 Colour,4000,7576.0,30304.0,3600.0,4400,11312,,,2026-09-02,1,30304.0,187016,2026-08-24,C,Regular Slotted Carton,R,Flexo 1 Colour Print,1,3,M2301424,2.0,3,1,0,32.12,66.1,0,164.0,"CND XL Feast
22-1/4x9-1/2x5-3/4 -  
C40 Kraft +WRA
2 Col Flexo Print
360/ Unit",BCR,,0,,,1.0,0,0,0,True,2,,Stock & Release,False,2,0,C40 K,OT,2026-08-13 10:21:43,,0,False,0,0,200 O/T C,Prospect Rotary,,1,64,0,15,0,GI,"GCMI 90 BLACK AU (10%), Pantone 364 C Green (15%)",Smithville,22.04,9.08,5.12,,0.0,0,False,2026-08-12,Glued,No P.O.,"R,BobstGluer","13438 - J-11
14691 - RACK A","GCMI 90 BLACK AU
Pantone 364 C Green",No P.O.,167.0,2026-08-31,189.0
369211,5035600,2,2026-08-31,500,20,167,1,60,1,1500,1.0,0,,"Bobst Specialty Gluer 115""",4000,7576.0,30304.0,3600.0,4400,11312,,,2026-09-02,1,30304.0,187016,2026-08-24,C,Regular Slotted Carton,Bobst Gluer,Flexo 1 Colour Print,1,3,M2301424,2.0,3,1,0,32.12,66.1,0,220.0,"CND XL Feast
22-1/4x9-1/2x5-3/4 -  
C40 Kraft +WRA
2 Col Flexo Print
360/ Unit",BCR,,0,,,1.0,0,0,0,True,0,,Stock & Release,False,6,0,C40 K,OT,2026-08-13 10:21:43,,0,False,0,0,200 O/T C,Bobst Gluer,,1,64,0,15,0,GI,"GCMI 90 BLACK AU (10%), Pantone 364 C Green (15%)",Smithville,22.04,9.08,5.12,,0.0,0,False,2026-08-12,Glued,No P.O.,"R,BobstGluer","13438 - J-11
14691 - RACK A","GCMI 90 BLACK AU
Pantone 364 C Green",No P.O.,,,177.0
369212,5035600,3,2026-08-27,500,1,234,0,0,0,0,1.0,0,,Corrugator,2000,7576.0,15152.0,1800.0,2200,11312,,,2026-09-02,1,15152.0,187017,2026-08-24,C,Regular Slotted Carton,,Flexo 2 Colour Printing,2,3,M2301424,2.0,0,1,0,32.12,66.1,0,0.0,"CND XL RED
22-1/4x9-1/2x5-3/4 -  
C40 Kraft +MRA
1-2 Col Flexo Print",BCR,,0,,,1.0,0,0,0,True,0,,Stock & Release,False,234,0,C40 K,OT,2026-08-13 10:21:43,,0,False,0,0,200 O/T C,,,1,62,0,15,0,GI,"GCMI 90 BLACK AU (15%), PMS 1815 RED (20%)",Smithville,22.04,9.08,5.12,,0.0,0,False,2026-08-12,Glued,No P.O.,"R,BobstGluer","13438 - J-11
14692 - RACK A","GCMI 90 BLACK AU
PMS 1815 RED",No P.O.,166.0,2026-08-28,
369213,5035600,3,2026-08-28,500,10,166,1,100,1,3760,1.0,0,,United Rotary 66x113 4 Colour,2000,7576.0,15152.0,1800.0,2200,11312,,,2026-09-02,1,15152.0,187017,2026-08-24,C,Regular Slotted Carton,R,Flexo 2 Colour Printing,2,3,M2301424,2.0,3,1,0,32.12,66.1,0,132.0,"CND XL RED
22-1/4x9-1/2x5-3/4 -  
C40 Kraft +MRA
1-2 Col Flexo Print",BCR,,0,,,1.0,0,0,0,True,2,,Stock & Release,False,2,0,C40 K,OT,2026-08-13 10:21:43,,0,False,0,0,200 O/T C,Prospect Rotary,,1,62,0,15,0,GI,"GCMI 90 BLACK AU (15%), PMS 1815 RED (20%)",Smithville,22.04,9.08,5.12,,0.0,0,False,2026-08-12,Glued,No P.O.,"R,BobstGluer","13438 - J-11
14692 - RACK A","GCMI 90 BLACK AU
PMS 1815 RED",No P.O.,167.0,2026-08-31,132.0
369214,5035600,3,2026-08-31,500,20,167,1,60,1,1500,1.0,0,,"Bobst Specialty Gluer 115""",2000,7576.0,15152.0,1800.0,2200,11312,,,2026-09-02,1,15152.0,187017,2026-08-24,C,Regular Slotted Carton,Bobst Gluer,Flexo 2 Colour Printing,2,3,M2301424,2.0,3,1,0,32.12,66.1,0,140.0,"CND XL RED
22-1/4x9-1/2x5-3/4 -  
C40 Kraft +MRA
1-2 Col Flexo Print",BCR,,0,,,1.0,0,0,0,True,0,,Stock & Release,False,6,0,C40 K,OT,2026-08-13 10:21:43,,0,False,0,0,200 O/T C,Bobst Gluer,,1,62,0,15,0,GI,"GCMI 90 BLACK AU (15%), PMS 1815 RED (20%)",Smithville,22.04,9.08,5.12,,0.0,0,False,2026-08-12,Glued,No P.O.,"R,BobstGluer","13438 - J-11
14692 - RACK A","GCMI 90 BLACK AU
PMS 1815 RED",No P.O.,,,110.0
369018,5035598,2,2026-08-25,500,1,234,0,0,0,0,1.0,0,,Corrugator,5000,4716.0,23580.0,5000.0,5500,12811,,,2026-08-31,0,23580.0,187195,2026-08-31,B,Flat Bed Die Cut,,Nozomi Digital 1 Side Print,1,3,M2401180B,2.0,0,1,0,26.06,51.08,0,0.0,"90-58QAPB
24-3/8 x 24-3/4
Die-Cut, No Closure, 
Nozomi Digital 1 Side Print 
B32 Coated White 1S",Mory,,0,,,1.0,0,0,0,True,0,,Regular,False,234,0,B32 Coated White 1S,CRB,2026-08-12 14:16:08,,0,False,0,0,,,,1,65,0,12,0,N,"Dig Ink Med Intensity (90%), Coated Digital (0%)",MISSISSAUGA,24.12,24.06,0.0,,0.0,0,False,2026-08-12,No Closure,08/18-MONT01,"N,R",14122 - O-8,"Dig Ink Med Intensity
Coated Digital",08/18-MONT01,189.0,2026-08-26,
369019,5035598,2,2026-08-26,500,10,189,1,10,1,16914,1.0,0,,Nozomi Digital Printer,5000,4716.0,23580.0,5000.0,5500,12811,,,2026-08-31,0,23580.0,187195,2026-08-31,B,Flat Bed Die Cut,N,Nozomi Digital 1 Side Print,1,3,M2401180B,2.0,3,1,0,26.06,51.08,0,28.0,"90-58QAPB
24-3/8 x 24-3/4
Die-Cut, No Closure, 
Nozomi Digital 1 Side Print 
B32 Coated White 1S",Mory,,0,,,1.0,0,0,0,True,1,,Regular,False,1,0,B32 Coated White 1S,CRB,2026-08-12 14:16:08,,0,False,0,0,,NAZ,,1,65,0,12,0,N,"Dig Ink Med Intensity (90%), Coated Digital (0%)",MISSISSAUGA,24.12,24.06,0.0,,0.0,0,False,2026-08-12,No Closure,08/18-MONT01,"N,R",14122 - O-8,"Dig Ink Med Intensity
Coated Digital",08/18-MONT01,166.0,2026-08-27,242.0
369020,5035598,2,2026-08-27,500,20,166,1,33,1,7200,1.0,0,,United Rotary 66x113 4 Colour,5000,4716.0,23580.0,5000.0,5500,12811,,,2026-08-31,0,23580.0,187195,2026-08-31,B,Flat Bed Die Cut,R,Nozomi Digital 1 Side Print,1,3,M2401180B,2.0,3,1,0,26.06,51.08,0,75.0,"90-58QAPB
24-3/8 x 24-3/4
Die-Cut, No Closure, 
Nozomi Digital 1 Side Print 
B32 Coated White 1S",Mory,,0,,,1.0,0,0,0,True,2,,Regular,False,2,0,B32 Coated White 1S,CRB,2026-08-12 14:16:08,,0,False,0,0,,Prospect Rotary,,1,65,0,12,0,N,"Dig Ink Med Intensity (90%), Coated Digital (0%)",MISSISSAUGA,24.12,24.06,0.0,,0.0,0,False,2026-08-12,No Closure,08/18-MONT01,"N,R",14122 - O-8,"Dig Ink Med Intensity
Coated Digital",08/18-MONT01,238.0,2026-08-28,278.0
369021,5035598,2,2026-08-28,500,30,238,1,0,1,0,1.0,0,,Pack & Protect A-2,5000,4716.0,23580.0,5000.0,5500,12811,,,2026-08-31,0,23580.0,187195,2026-08-31,B,Flat Bed Die Cut,,Nozomi Digital 1 Side Print,1,3,M2401180B,2.0,5,1,0,26.06,51.08,0,0.0,"90-58QAPB
24-3/8 x 24-3/4
Die-Cut, No Closure, 
Nozomi Digital 1 Side Print 
B32 Coated White 1S",Mory,,0,,,1.0,0,0,0,True,0,,Regular,False,6,0,B32 Coated White 1S,CRB,2026-08-12 14:16:08,,0,False,0,0,,,,1,65,0,12,0,N,"Dig Ink Med Intensity (90%), Coated Digital (0%)",MISSISSAUGA,24.12,24.06,0.0,,0.0,0,False,2026-08-12,No Closure,08/18-MONT01,"N,R",14122 - O-8,"Dig Ink Med Intensity
Coated Digital",08/18-MONT01,,,429.0
367703,5035546,1,2026-08-14,500,10,208,1,0,1,0,1.0,0,,Finished Good,3000,2124.0,6372.0,2700.0,3300,18416,,,2026-08-19,0,6372.0,188868,2026-08-19,C,Regular Slotted Carton,,Plain,0,3,M2600405,1.0,8,1,0,9.12,31.06,0,0.0,"8-3/4 x 5-7/8 x 3-3/8
RSC, Glued, Plain 
C Flute 32 ECT Kraft
1500 /unit",Zing,,0,,,1.0,0,0,0,True,0,,Regular,False,0,0,C32 K,OT,2026-08-07 10:38:16,,0,False,0,0,200 C,,,1,60,0,12,0,GI,,MISSISSAUGA,8.12,5.14,3.06,,0.0,0,False,2026-08-07,Glued,08/14-FLIN01,,,,08/14-FLIN01,,,
361420,5034281,1,2026-08-18,500,1,234,0,0,0,0,1.0,0,,Corrugator,14400,11859.0,170769.6,12960.0,15120,18578,,,2026-08-21,0,170769.6,188950,2026-08-21,C,Regular Slotted Carton,,Plain,0,3,,1.0,0,1,0,22.04,76.12,0,0.0,"PK-000046 
22-1/2 x 14-13/16 x 7-1/4
RSC, Glued, PLAIN 
C Flute 32 ECT Kraft
Extended Glue Lug",Grisson,,0,,,1.0,0,0,0,True,0,,Regular,False,234,0,C32 K,CRB,2026-07-15 10:57:15,,0,False,0,0,200 C,,,1,61,0,12,0,GI,,Brantford,22.08,14.13,7.04,,1.0,0,False,2026-07-15,Glued,08/17-MONT01,L,,,08/17-MONT01,69.0,2026-08-18,
361421,5034281,1,2026-08-18,500,10,69,1,40,1,2520,1.0,0,,Langston Saturn 50x110,14400,11859.0,170769.6,12960.0,15120,18578,,,2026-08-21,0,170769.6,188950,2026-08-21,C,Regular Slotted Carton,L,Plain,0,3,,1.0,3,1,0,22.04,76.12,0,383.0,"PK-000046 
22-1/2 x 14-13/16 x 7-1/4
RSC, Glued, PLAIN 
C Flute 32 ECT Kraft
Extended Glue Lug",Grisson,,0,,,0.6,0,0,0,True,2,,Regular,False,1,0,C32 K,CRB,2026-07-15 10:57:15,,0,False,0,0,200 C,Langston,,1,61,0,12,0,GI,,Brantford,22.08,14.13,7.04,,1.0,0,False,2026-07-15,Glued,08/17-MONT01,L,,,08/17-MONT01,,,536.0
369394,5035619,3,2026-09-09,500,10,208,1,0,1,0,1.0,0,,Finished Good,900,27167.0,24450.3,810.0,990,10041,,,2026-09-10,0,24450.3,189531,2026-09-10,C,Sheet,,Plain,0,3,,1.0,8,1,0,81.08,48.0,0,0.0,"81 1/2 x 48"" Sheet
23C Kraft
310/UNIT",Jake,,0,,,1.0,0,0,0,True,0,,Regular,False,0,0,C23 K,CRB,2026-08-13 15:37:41,,0,False,0,0,125 C,,,1,66,0,12,0,,,Kitchener,81.08,48.0,0.0,,0.0,0,False,2026-08-13,Not Applicable,No P.O.,,,,No P.O.,,,
369387,5035617,2,2026-08-20,500,10,208,1,0,1,0,1.0,0,,Finished Good,600,27167.0,16300.2,540.0,660,10041,,,2026-08-21,0,16300.2,189531,2026-08-21,C,Sheet,,Plain,0,3,,1.0,8,1,0,81.08,48.0,0,0.0,"81 1/2 x 48"" Sheet
23C Kraft
310/UNIT",Jake,,0,,,1.0,0,0,0,True,0,,Regular,False,0,0,C23 K,OT,2026-08-13 15:10:53,,0,False,0,0,125 C,,,1,66,0,12,0,,,Kitchener,81.08,48.0,0.0,,0.0,0,False,2026-08-13,Not Applicable,08/18-MONT01,,,,08/18-MONT01,,,
365826,5035455,8,2026-08-14,100,1,178,0,0,0,0,1.0,0,,Container Corp,500,5484.0,2742.0,500.0,550,12853,,,2026-08-21,0,2742.0,189611,2026-08-21,E,Flat Bed Die Cut,Container Corp,Nozomi Digital 1 Side Print,1,3,,2.0,7,1,0,39.0,40.08,0,0.0,"PKG-CNPS12
11-3/16 x 7-9/16 x 6-1/2
Flat Bed Die Cut, Glued, 
Digital 1 Side 
E32 Coated White 1",Iron,,0,,,1.0,0,0,0,True,0,,Regular,False,0,0,E32 Coated White 1S,CRB,2026-07-28 12:47:26,,0,False,0,0,,,,1,65,0,12,0,GI,"Dig Ink Med Intensity (50%), Coated Digital (0%)",St. Catharines,11.03,7.09,6.08,,1.0,0,False,2026-07-28,Glued,08/18-ASTR01,"ContainerCorp,N,E",14830 - ETERNA C3-E,"Dig Ink Med Intensity
Coated Digital",08/18-ASTR01,189.0,2026-08-10,
365828,5035455,8,2026-08-17,500,20,213,1,25,1,5040,2.0,0,,Eterna,500,5484.0,2742.0,250.0,550,12853,,,2026-08-21,0,2742.0,189611,2026-08-21,E,Flat Bed Die Cut,E,Nozomi Digital 1 Side Print,1,3,,2.0,3,1,0,39.0,40.08,0,31.0,"PKG-CNPS12
11-3/16 x 7-9/16 x 6-1/2
Flat Bed Die Cut, Glued, 
Digital 1 Side 
E32 Coated White 1",Iron,,0,,,1.0,0,0,0,True,0,,Regular,False,3,0,E32 Coated White 1S,CRB,2026-07-28 12:47:26,,0,False,0,0,,Eterna,,1,65,0,12,0,GI,"Dig Ink Med Intensity (50%), Coated Digital (0%)",St. Catharines,11.03,7.09,6.08,,1.0,0,False,2026-07-28,Glued,08/18-ASTR01,"ContainerCorp,N,E",14830 - ETERNA C3-E,"Dig Ink Med Intensity
Coated Digital",08/18-ASTR01,257.0,2026-08-20,76.0
365829,5035455,8,2026-08-20,500,40,257,1,0,1,0,1.0,0,,Astrapac - Glue,500,5484.0,2742.0,500.0,550,12853,,,2026-08-21,0,2742.0,189611,2026-08-21,E,Flat Bed Die Cut,,Nozomi Digital 1 Side Print,1,3,,2.0,0,1,0,39.0,40.08,0,0.0,"PKG-CNPS12
11-3/16 x 7-9/16 x 6-1/2
Flat Bed Die Cut, Glued, 
Digital 1 Side 
E32 Coated White 1",Iron,,0,,,1.0,0,0,0,True,0,,Regular,False,0,0,E32 Coated White 1S,CRB,2026-07-28 12:47:26,,0,False,0,0,,,,1,65,0,12,0,GI,"Dig Ink Med Intensity (50%), Coated Digital (0%)",St. Catharines,11.03,7.09,6.08,,1.0,0,False,2026-07-28,Glued,08/18-ASTR01,"ContainerCorp,N,E",14830 - ETERNA C3-E,"Dig Ink Med Intensity
Coated Digital",08/18-ASTR01,238.0,2026-08-20,
365830,5035455,8,2026-08-20,500,50,238,1,0,1,0,1.0,0,,Pack & Protect A-2,500,5484.0,2742.0,500.0,550,12853,,,2026-08-21,0,2742.0,189611,2026-08-21,E,Flat Bed Die Cut,,Nozomi Digital 1 Side Print,1,3,,2.0,5,1,0,39.0,40.08,0,0.0,"PKG-CNPS12
11-3/16 x 7-9/16 x 6-1/2
Flat Bed Die Cut, Glued, 
Digital 1 Side 
E32 Coated White 1",Iron,,0,,,1.0,0,0,0,True,0,,Regular,False,6,0,E32 Coated White 1S,CRB,2026-07-28 12:47:26,,0,False,0,0,,,,1,65,0,12,0,GI,"Dig Ink Med Intensity (50%), Coated Digital (0%)",St. Catharines,11.03,7.09,6.08,,1.0,0,False,2026-07-28,Glued,08/18-ASTR01,"ContainerCorp,N,E",14830 - ETERNA C3-E,"Dig Ink Med Intensity
Coated Digital",08/18-ASTR01,,,
365821,5035455,7,2026-08-14,100,1,178,0,0,0,0,1.0,0,,Container Corp,1000,5484.0,5484.0,1000.0,1100,12853,,,2026-08-21,0,5484.0,189612,2026-08-21,E,Flat Bed Die Cut,Container Corp,Nozomi Digital 1 Side Print,1,3,,2.0,7,1,0,39.0,40.08,0,0.0,"PKG-CNCD12
11-3/16 x 7-9/16 x 6-1/2
Flat Bed Die Cut, Glued, 
Digital 1 Side 
E32 Coated White 1",Iron,,0,,,1.0,0,0,0,True,0,,Regular,False,0,0,E32 Coated White 1S,CRB,2026-07-28 12:47:26,,0,False,0,0,,,,1,65,0,12,0,GI,"Dig Ink Med Intensity (50%), Coated Digital (0%)",St. Catharines,11.03,7.09,6.08,,1.0,0,False,2026-07-28,Glued,08/18-ASTR01,"ContainerCorp,N,E",14830 - ETERNA C3-E,"Dig Ink Med Intensity
Coated Digital",08/18-ASTR01,189.0,2026-08-10,
365823,5035455,7,2026-08-14,400,20,213,1,25,1,5040,2.0,0,,Eterna,1000,5484.0,5484.0,500.0,1100,12853,,,2026-08-21,0,5484.0,189612,2026-08-21,E,Flat Bed Die Cut,E,Nozomi Digital 1 Side Print,1,3,,2.0,3,1,0,39.0,40.08,0,37.0,"PKG-CNCD12
11-3/16 x 7-9/16 x 6-1/2
Flat Bed Die Cut, Glued, 
Digital 1 Side 
E32 Coated White 1",Iron,,0,,,1.0,0,0,0,True,0,,Regular,False,3,0,E32 Coated White 1S,CRB,2026-07-28 12:47:26,,0,False,0,0,,Eterna,,1,65,0,12,0,GI,"Dig Ink Med Intensity (50%), Coated Digital (0%)",St. Catharines,11.03,7.09,6.08,,1.0,0,False,2026-07-28,Glued,08/18-ASTR01,"ContainerCorp,N,E",14830 - ETERNA C3-E,"Dig Ink Med Intensity
Coated Digital",08/18-ASTR01,257.0,2026-08-20,61.0
=======
364894,5035429,1,2026-08-05,400,10,208,1,0,1,0,1.0,0,,Finished Good,5000,34900.0,174500.0,4500.0,5500,18717,,,2026-08-12,0,174500.0,183422,2026-08-12,C,Regular Slotted Carton,,Plain,0,3,,1.0,8,1,0,53.12,93.08,0,0.0,"PO21284
23-5/8 x 22-1/16 x 31-1/8
29C Kraft RSC 2 Hand Holes
125/sk",Spicers,,0,,,1.0,0,0,0,True,0,,Regular,False,0,0,C29 K,OT,2026-07-27 07:32:43,,0,False,0,0,175 C,,,1,60,0,12,0,GI,,Kitchener,23.1,22.01,31.02,,0.0,0,False,2026-07-27,Glued,08/07-COLE01,,,,08/07-COLE01,,,
362593,5034333,4,2026-08-05,500,10,208,1,0,1,0,1.0,0,,Finished Good,6500,3379.0,21963.5,5850.0,7150,10048,,,2026-07-31,0,21963.5,183788,2026-07-31,C,Regular Slotted Carton,,Flexo 1 Colour Print,1,3,M2500692,1.0,8,1,0,12.02,40.02,0,0.0,"Yogurt 12 Pack - Strawberry
11-3/8 x 7-5/8 x 3-7/8
RSC, Glued, Flexo 1 Colour Print 
C Flute 32 E",Flamaglo,,0,,,1.0,0,0,0,True,0,,Regular,False,0,0,C32 K,CRB,2026-07-17 15:46:46,,0,False,0,0,200 C,,,1,60,0,12,0,GI,GCMI 90 BLACK AU (10%),Kitchener,11.06,7.1,3.14,,0.0,0,False,2026-07-17,Glued,07/28-FLIN01,,"14468 - FLINT
14469 - FLINT",GCMI 90 BLACK AU,07/28-FLIN01,,,
362592,5034333,3,2026-08-05,500,10,208,1,0,1,0,1.0,0,,Finished Good,2000,3379.0,6758.0,1800.0,2200,10048,,,2026-07-31,0,6758.0,183789,2026-07-31,C,Regular Slotted Carton,,Flexo 1 Colour Print,1,3,M2500692,1.0,8,1,0,12.02,40.02,0,0.0,"Yogurt 12 Pack - Plain & Simple
11-3/8 x 7-5/8 x 3-7/8
RSC, Glued, Flexo 1 Colour Print 
C Flute",Flamaglo,,0,,,1.0,0,0,0,True,0,,Regular,False,0,0,C32 K,CRB,2026-07-17 15:46:46,,0,False,0,0,200 C,,,1,60,0,12,0,GI,GCMI 90 BLACK AU (10%),Kitchener,11.06,7.1,3.14,,0.0,0,False,2026-07-17,Glued,07/28-FLIN01,,"14468 - FLINT
14470 - FLINT",GCMI 90 BLACK AU,07/28-FLIN01,,,
362591,5034333,2,2026-08-05,500,10,208,1,0,1,0,1.0,0,,Finished Good,3500,3379.0,11826.5,3150.0,3850,10048,,,2026-07-31,0,11826.5,183790,2026-07-31,C,Regular Slotted Carton,,Flexo 1 Colour Print,1,3,M2500692,1.0,8,1,0,12.02,40.02,0,0.0,"Yogurt 12 Pack - Blueberry
11-3/8 x 7-5/8 x 3-7/8
RSC, Glued, Flexo 1 Colour Print 
C Flute 32 EC",Flamaglo,,0,,,1.0,0,0,0,True,0,,Regular,False,0,0,C32 K,CRB,2026-07-17 15:46:46,,0,False,0,0,200 C,,,1,60,0,12,0,GI,GCMI 90 BLACK AU (10%),Kitchener,11.06,7.1,3.14,,0.0,0,False,2026-07-17,Glued,07/28-FLIN01,,"14468 - FLINT
14471 - FLINT",GCMI 90 BLACK AU,07/28-FLIN01,,,
366553,5035493,1,2026-08-10,500,10,208,1,0,1,0,1.0,0,,Finished Good,5000,3123.0,15615.0,4500.0,5500,16170,,,2026-08-12,0,15615.0,184203,2026-08-12,C,Regular Slotted Carton,,Plain,0,3,M2501654,1.0,8,1,0,14.0,32.02,0,0.0,"454g wholesale shipping box
8-1/2 x 6-1/2 x 7
RSC, Glued, 
Plain 
C Flute 40 ECT Oyster
WRA Sin",Tom,,0,,,1.0,0,0,0,True,0,,Regular,False,0,0,C40 OY,OT,2026-07-31 09:23:34,,0,False,0,0,200 O/TCOy,,,1,60,0,12,0,GI,,Richmond Hill,8.08,6.08,7.0,,0.0,0,False,2026-07-31,Glued,08/07-FLIN01,,,,08/07-FLIN01,,,
366151,5035476,1,2026-08-10,500,10,69,1,40,1,2520,1.0,0,,Langston Saturn 50x110,1000,8188.0,8188.0,900.0,1100,19359,,,2026-08-12,0,8188.0,184551,2026-08-12,C,Regular Slotted Carton,L,Flexo 1 Colour Print,1,3,M2501667,1.0,3,1,0,24.03,48.12,0,64.0,"4x4L
11-3/4 x 11-1/2 x 12-1/2
RSC, Glued, 1 Col
44C ECT Kraft
500/unit - 2 bales of 250 / skid",Hawco,,0,,,0.6,0,0,0,True,2,,Regular,False,1,0,C44 K,OT,2026-07-29 16:38:30,,0,False,0,0,275 C,Langston,,1,61,0,12,0,GI,GCMI 90 BLACK AU (10%),Branford,11.12,11.08,12.08,,0.0,0,False,2026-07-29,Glued,07/31-MONT01,L,14585 - LANGSTON,GCMI 90 BLACK AU,07/31-MONT01,,,41.0
364377,5035377,1,2026-08-11,500,10,208,1,0,1,0,1.0,0,,Finished Good,10000,4767.0,47670.0,9000.0,11000,19151,,,2026-08-12,0,47670.0,184997,2026-08-12,C,Regular Slotted Carton,,Plain,0,3,,1.0,8,1,0,14.1,46.15,0,0.0,"RIPCW003 Wafel 4x32ct- 2403003
12-7/16 x 9-15/16 x 4-1/4
RSC, ExtGlued, 3/16Gap T+B
32 C  Kraft P",Scheps-RipVan,,0,,,1.0,0,0,0,True,0,,Regular,False,0,0,C32 K,CRB,2026-07-22 14:07:57,,0,False,0,0,200 C,,,1,61,0,12,0,GI,,Norwich,12.07,9.15,4.04,,0.0,0,False,2026-07-22,Glued,08/10-FLIN01,,,,08/10-FLIN01,,,
366127,5035475,1,2026-08-19,500,1,234,0,0,0,0,1.0,0,,Corrugator,1500,7120.0,10680.0,1500.0,1650,10015,,,2026-08-25,0,10680.0,185397,2026-08-25,B,RDC - Rotary Die Cut,,Nozomi Digital 1 Side Print,1,3,,1.0,0,1,0,27.04,37.1,0,0.0,"20 x 1 Weldcote Digital
8-5/16 x 8-5/16 x 9-1/2
RDC Carton - Glued In
32 B Oyster 1 side
Digital",Nexal,,0,,,1.0,5,0,0,True,0,,Regular,False,234,0,B32 OY,CRB,2026-07-29 16:23:42,,0,False,0,0,200 B Oys,,,1,65,0,12,0,GI,Dig Ink Med Intensity (40%),MISSISSAUGA,8.05,8.05,9.08,,0.0,0,False,2026-07-29,Glued,08/04-MONT01,"N,R",13682 - O-7,Dig Ink Med Intensity,08/04-MONT01,189.0,2026-08-20,
366128,5035475,1,2026-08-20,500,10,189,1,10,1,2911,1.0,0,,Nozomi Digital Printer,1500,7120.0,10680.0,1500.0,1650,10015,,,2026-08-25,0,10680.0,185397,2026-08-25,B,RDC - Rotary Die Cut,N,Nozomi Digital 1 Side Print,1,3,,1.0,3,1,0,27.04,37.1,0,41.0,"20 x 1 Weldcote Digital
8-5/16 x 8-5/16 x 9-1/2
RDC Carton - Glued In
32 B Oyster 1 side
Digital",Nexal,,0,,,1.0,5,0,0,True,1,,Regular,False,1,0,B32 OY,CRB,2026-07-29 16:23:42,,0,False,0,0,200 B Oys,NAZ,,1,65,0,12,0,GI,Dig Ink Med Intensity (40%),MISSISSAUGA,8.05,8.05,9.08,,0.0,0,False,2026-07-29,Glued,08/04-MONT01,"N,R",13682 - O-7,Dig Ink Med Intensity,08/04-MONT01,166.0,2026-08-21,127.0
366129,5035475,1,2026-08-21,500,20,166,1,33,1,2400,1.0,0,,United Rotary 66x113 4 Colour,1500,7120.0,10680.0,1500.0,1650,10015,,,2026-08-25,0,10680.0,185397,2026-08-25,B,RDC - Rotary Die Cut,R,Nozomi Digital 1 Side Print,1,3,,1.0,3,1,0,27.04,37.1,0,71.0,"20 x 1 Weldcote Digital
8-5/16 x 8-5/16 x 9-1/2
RDC Carton - Glued In
32 B Oyster 1 side
Digital",Nexal,,0,,,1.0,5,0,0,True,2,,Regular,False,2,0,B32 OY,CRB,2026-07-29 16:23:42,,0,False,0,0,200 B Oys,Prospect Rotary,,1,65,0,12,0,GI,Dig Ink Med Intensity (40%),MISSISSAUGA,8.05,8.05,9.08,,0.0,0,False,2026-07-29,Glued,08/04-MONT01,"N,R",13682 - O-7,Dig Ink Med Intensity,08/04-MONT01,236.0,2026-08-24,98.0
366130,5035475,1,2026-08-24,500,30,236,1,0,1,0,1.0,0,,Boxxer - James - co-packing,1500,7120.0,10680.0,1500.0,1650,10015,,,2026-08-25,0,10680.0,185397,2026-08-25,B,RDC - Rotary Die Cut,,Nozomi Digital 1 Side Print,1,3,,1.0,0,1,0,27.04,37.1,0,0.0,"20 x 1 Weldcote Digital
8-5/16 x 8-5/16 x 9-1/2
RDC Carton - Glued In
32 B Oyster 1 side
Digital",Nexal,,0,,,1.0,5,0,0,True,0,,Regular,False,0,0,B32 OY,CRB,2026-07-29 16:23:42,,0,False,0,0,200 B Oys,,,1,65,0,12,0,GI,Dig Ink Med Intensity (40%),MISSISSAUGA,8.05,8.05,9.08,,0.0,0,False,2026-07-29,Glued,08/04-MONT01,"N,R",13682 - O-7,Dig Ink Med Intensity,08/04-MONT01,,,
360625,5034244,1,2026-08-11,500,1,234,0,0,0,0,1.0,0,,Corrugator,14400,11859.0,170769.6,12960.0,15120,18578,,,2026-08-14,0,170769.6,188950,2026-08-14,C,Regular Slotted Carton,,Plain,0,3,,1.0,0,1,0,22.04,76.12,0,0.0,"PK-000046 
22-1/2 x 14-13/16 x 7-1/4
RSC, Glued, PLAIN 
C Flute 32 ECT Kraft
Extended Glue Lug",Grisson,,0,,,1.0,0,0,0,True,0,,Regular,False,234,0,C32 K,CRB,2026-07-13 09:28:25,,0,False,0,0,200 C,,,1,61,0,12,0,GI,,BRANTFORD,22.08,14.13,7.04,,0.0,0,False,2026-07-13,Glued,08/07-Moyy,L,,,08/07-Moyy,69.0,2026-08-12,
360626,5034244,1,2026-08-12,500,10,69,1,40,1,2520,1.0,0,,Langston Saturn 50x110,14400,11859.0,170769.6,12960.0,15120,18578,,,2026-08-14,0,170769.6,188950,2026-08-14,C,Regular Slotted Carton,L,Plain,0,3,,1.0,3,1,0,22.04,76.12,0,383.0,"PK-000046 
22-1/2 x 14-13/16 x 7-1/4
RSC, Glued, PLAIN 
C Flute 32 ECT Kraft
Extended Glue Lug",Grisson,,0,,,0.6,0,0,0,True,2,,Regular,False,1,0,C32 K,CRB,2026-07-13 09:28:25,,0,False,0,0,200 C,Langston,,1,61,0,12,0,GI,,BRANTFORD,22.08,14.13,7.04,,0.0,0,False,2026-07-13,Glued,08/07-Moyy,L,,,08/07-Moyy,,,562.0
361420,5034281,1,2026-08-18,500,1,234,0,0,0,0,1.0,0,,Corrugator,14400,11859.0,170769.6,12960.0,15120,18578,,,2026-08-21,0,170769.6,188950,2026-08-21,C,Regular Slotted Carton,,Plain,0,3,,1.0,0,1,0,22.04,76.12,0,0.0,"PK-000046 
22-1/2 x 14-13/16 x 7-1/4
RSC, Glued, PLAIN 
C Flute 32 ECT Kraft
Extended Glue Lug",Grisson,,0,,,1.0,0,0,0,True,0,,Regular,False,234,0,C32 K,CRB,2026-07-15 10:57:15,,0,False,0,0,200 C,,,1,61,0,12,0,GI,,BRANTFORD,22.08,14.13,7.04,,0.0,0,False,2026-07-15,Glued,08/17-Moyy,L,,,08/17-Moyy,69.0,2026-08-19,
361421,5034281,1,2026-08-19,500,10,69,1,40,1,2520,1.0,0,,Langston Saturn 50x110,14400,11859.0,170769.6,12960.0,15120,18578,,,2026-08-21,0,170769.6,188950,2026-08-21,C,Regular Slotted Carton,L,Plain,0,3,,1.0,3,1,0,22.04,76.12,0,383.0,"PK-000046 
22-1/2 x 14-13/16 x 7-1/4
RSC, Glued, PLAIN 
C Flute 32 ECT Kraft
Extended Glue Lug",Grisson,,0,,,0.6,0,0,0,True,2,,Regular,False,1,0,C32 K,CRB,2026-07-15 10:57:15,,0,False,0,0,200 C,Langston,,1,61,0,12,0,GI,,BRANTFORD,22.08,14.13,7.04,,0.0,0,False,2026-07-15,Glued,08/17-Moyy,L,,,08/17-Moyy,,,562.0
365829,5035455,8,2026-08-20,500,40,257,1,0,1,0,1.0,0,,Astrapac - Glue,500,5484.0,2742.0,500.0,550,12853,,,2026-08-21,0,2742.0,189611,2026-08-21,E,Flat Bed Die Cut,,Nozomi Digital 1 Side Print,1,3,,2.0,0,1,0,39.0,40.08,0,0.0,"PKG-CNPS12
11-3/16 x 7-9/16 x 6-1/2
Flat Bed Die Cut, Glued, 
Digital 1 Side 
E32 Coated White 1",Iron,,0,,,1.0,0,0,0,True,0,,Regular,False,0,0,E32 Coated White 1S,CRB,2026-07-28 12:47:26,,0,False,0,0,,,,1,65,0,12,0,GI,"Dig Ink Med Intensity (50%), Coated Digital (0%)",St. Catharines,11.03,7.09,6.08,,0.0,0,False,2026-07-28,Glued,08/18-ASTR01,"N,E",14830 - ETERNA C3-E,"Dig Ink Med Intensity
Coated Digital",08/18-ASTR01,238.0,2026-08-20,
365826,5035455,8,2026-08-18,500,1,256,0,0,0,0,1.0,0,,Interpac Corrugator,500,5484.0,2742.0,500.0,550,12853,,,2026-08-21,0,2742.0,189611,2026-08-21,E,Flat Bed Die Cut,,Nozomi Digital 1 Side Print,1,3,,2.0,1,1,0,39.0,40.08,0,0.0,"PKG-CNPS12
11-3/16 x 7-9/16 x 6-1/2
Flat Bed Die Cut, Glued, 
Digital 1 Side 
E32 Coated White 1",Iron,,0,,,1.0,0,0,0,True,0,,Regular,False,0,0,E32 Coated White 1S,CRB,2026-07-28 12:47:26,,0,False,0,0,,,,1,65,0,12,0,GI,"Dig Ink Med Intensity (50%), Coated Digital (0%)",St. Catharines,11.03,7.09,6.08,,0.0,0,False,2026-07-28,Glued,08/18-ASTR01,"N,E",14830 - ETERNA C3-E,"Dig Ink Med Intensity
Coated Digital",08/18-ASTR01,189.0,2026-08-18,
365827,5035455,8,2026-08-18,500,10,189,1,10,1,10778,1.0,0,,Nozomi Digital Printer,500,5484.0,2742.0,500.0,550,12853,,,2026-08-21,0,2742.0,189611,2026-08-21,E,Flat Bed Die Cut,N,Nozomi Digital 1 Side Print,1,3,,2.0,3,1,0,39.0,40.08,0,13.0,"PKG-CNPS12
11-3/16 x 7-9/16 x 6-1/2
Flat Bed Die Cut, Glued, 
Digital 1 Side 
E32 Coated White 1",Iron,,0,,,1.0,0,0,0,True,1,,Regular,False,1,0,E32 Coated White 1S,CRB,2026-07-28 12:47:26,,0,False,0,0,,NAZ,,1,65,0,12,0,GI,"Dig Ink Med Intensity (50%), Coated Digital (0%)",St. Catharines,11.03,7.09,6.08,,0.0,0,False,2026-07-28,Glued,08/18-ASTR01,"N,E",14830 - ETERNA C3-E,"Dig Ink Med Intensity
Coated Digital",08/18-ASTR01,213.0,2026-08-19,20.0
365828,5035455,8,2026-08-19,500,20,213,1,25,1,5040,2.0,0,,Eterna,500,5484.0,2742.0,250.0,550,12853,,,2026-08-21,0,2742.0,189611,2026-08-21,E,Flat Bed Die Cut,E,Nozomi Digital 1 Side Print,1,3,,2.0,3,1,0,39.0,40.08,0,31.0,"PKG-CNPS12
11-3/16 x 7-9/16 x 6-1/2
Flat Bed Die Cut, Glued, 
Digital 1 Side 
E32 Coated White 1",Iron,,0,,,1.0,0,0,0,True,0,,Regular,False,3,0,E32 Coated White 1S,CRB,2026-07-28 12:47:26,,0,False,0,0,,Eterna,,1,65,0,12,0,GI,"Dig Ink Med Intensity (50%), Coated Digital (0%)",St. Catharines,11.03,7.09,6.08,,0.0,0,False,2026-07-28,Glued,08/18-ASTR01,"N,E",14830 - ETERNA C3-E,"Dig Ink Med Intensity
Coated Digital",08/18-ASTR01,257.0,2026-08-20,76.0
365830,5035455,8,2026-08-20,500,50,238,1,0,1,0,1.0,0,,Pack & Protect A-2,500,5484.0,2742.0,500.0,550,12853,,,2026-08-21,0,2742.0,189611,2026-08-21,E,Flat Bed Die Cut,,Nozomi Digital 1 Side Print,1,3,,2.0,5,1,0,39.0,40.08,0,0.0,"PKG-CNPS12
11-3/16 x 7-9/16 x 6-1/2
Flat Bed Die Cut, Glued, 
Digital 1 Side 
E32 Coated White 1",Iron,,0,,,1.0,0,0,0,True,0,,Regular,False,6,0,E32 Coated White 1S,CRB,2026-07-28 12:47:26,,0,False,0,0,,,,1,65,0,12,0,GI,"Dig Ink Med Intensity (50%), Coated Digital (0%)",St. Catharines,11.03,7.09,6.08,,0.0,0,False,2026-07-28,Glued,08/18-ASTR01,"N,E",14830 - ETERNA C3-E,"Dig Ink Med Intensity
Coated Digital",08/18-ASTR01,,,
365822,5035455,7,2026-08-18,500,10,189,1,10,1,10778,1.0,0,,Nozomi Digital Printer,1000,5484.0,5484.0,1000.0,1100,12853,,,2026-08-21,0,5484.0,189612,2026-08-21,E,Flat Bed Die Cut,N,Nozomi Digital 1 Side Print,1,3,,2.0,3,1,0,39.0,40.08,0,16.0,"PKG-CNCD12
11-3/16 x 7-9/16 x 6-1/2
Flat Bed Die Cut, Glued, 
Digital 1 Side 
E32 Coated White 1",Iron,,0,,,1.0,0,0,0,True,1,,Regular,False,1,0,E32 Coated White 1S,CRB,2026-07-28 12:47:26,,0,False,0,0,,NAZ,,1,65,0,12,0,GI,"Dig Ink Med Intensity (50%), Coated Digital (0%)",St. Catharines,11.03,7.09,6.08,,0.0,0,False,2026-07-28,Glued,08/18-ASTR01,"N,E",14830 - ETERNA C3-E,"Dig Ink Med Intensity
Coated Digital",08/18-ASTR01,213.0,2026-08-19,36.0
>>>>>>> 3d7f0d50c55d01c676d7c4bff56f84cbc3a91754
365824,5035455,7,2026-08-20,500,40,257,1,0,1,0,1.0,0,,Astrapac - Glue,1000,5484.0,5484.0,1000.0,1100,12853,,,2026-08-21,0,5484.0,189612,2026-08-21,E,Flat Bed Die Cut,,Nozomi Digital 1 Side Print,1,3,,2.0,0,1,0,39.0,40.08,0,0.0,"PKG-CNCD12
11-3/16 x 7-9/16 x 6-1/2
Flat Bed Die Cut, Glued, 
Digital 1 Side 
<<<<<<< HEAD
E32 Coated White 1",Iron,,0,,,1.0,0,0,0,True,0,,Regular,False,0,0,E32 Coated White 1S,CRB,2026-07-28 12:47:26,,0,False,0,0,,,,1,65,0,12,0,GI,"Dig Ink Med Intensity (50%), Coated Digital (0%)",St. Catharines,11.03,7.09,6.08,,1.0,0,False,2026-07-28,Glued,08/18-ASTR01,"ContainerCorp,N,E",14830 - ETERNA C3-E,"Dig Ink Med Intensity
=======
E32 Coated White 1",Iron,,0,,,1.0,0,0,0,True,0,,Regular,False,0,0,E32 Coated White 1S,CRB,2026-07-28 12:47:26,,0,False,0,0,,,,1,65,0,12,0,GI,"Dig Ink Med Intensity (50%), Coated Digital (0%)",St. Catharines,11.03,7.09,6.08,,0.0,0,False,2026-07-28,Glued,08/18-ASTR01,"N,E",14830 - ETERNA C3-E,"Dig Ink Med Intensity
>>>>>>> 3d7f0d50c55d01c676d7c4bff56f84cbc3a91754
Coated Digital",08/18-ASTR01,238.0,2026-08-20,
365825,5035455,7,2026-08-20,500,50,238,1,0,1,0,1.0,0,,Pack & Protect A-2,1000,5484.0,5484.0,1000.0,1100,12853,,,2026-08-21,0,5484.0,189612,2026-08-21,E,Flat Bed Die Cut,,Nozomi Digital 1 Side Print,1,3,,2.0,5,1,0,39.0,40.08,0,0.0,"PKG-CNCD12
11-3/16 x 7-9/16 x 6-1/2
Flat Bed Die Cut, Glued, 
Digital 1 Side 
<<<<<<< HEAD
E32 Coated White 1",Iron,,0,,,1.0,0,0,0,True,0,,Regular,False,6,0,E32 Coated White 1S,CRB,2026-07-28 12:47:26,,0,False,0,0,,,,1,65,0,12,0,GI,"Dig Ink Med Intensity (50%), Coated Digital (0%)",St. Catharines,11.03,7.09,6.08,,1.0,0,False,2026-07-28,Glued,08/18-ASTR01,"ContainerCorp,N,E",14830 - ETERNA C3-E,"Dig Ink Med Intensity
Coated Digital",08/18-ASTR01,,,
365801,5035455,3,2026-08-14,100,1,178,0,0,0,0,1.0,0,,Container Corp,500,5484.0,2742.0,500.0,550,12853,,,2026-08-21,0,2742.0,190612,2026-08-21,E,Flat Bed Die Cut,Container Corp,Nozomi Digital 1 Side Print,1,3,,2.0,7,1,0,39.0,40.08,0,0.0,"PKG-CNBSP12
11-3/16 x 7-9/16 x 6-1/2
Flat Bed Die Cut, Glued, 
Digital 1 Side 
E32 Coated White",Iron,,0,,,1.0,0,0,0,True,0,,Regular,False,0,0,E32 Coated White 1S,CRB,2026-07-28 12:47:26,,0,False,0,0,,,,1,65,0,12,0,GI,"Dig Ink Med Intensity (50%), Coated Digital (0%)",St. Catharines,11.03,7.09,6.08,,1.0,0,False,2026-07-28,Glued,08/18-ASTR01,"ContainerCorp,N,E",14830 - ETERNA C3-E,"Dig Ink Med Intensity
Coated Digital",08/18-ASTR01,189.0,2026-08-10,
365803,5035455,3,2026-08-17,400,20,213,1,25,1,5040,2.0,0,,Eterna,500,5484.0,2742.0,250.0,550,12853,,,2026-08-21,0,2742.0,190612,2026-08-21,E,Flat Bed Die Cut,E,Nozomi Digital 1 Side Print,1,3,,2.0,3,1,0,39.0,40.08,0,31.0,"PKG-CNBSP12
11-3/16 x 7-9/16 x 6-1/2
Flat Bed Die Cut, Glued, 
Digital 1 Side 
E32 Coated White",Iron,,0,,,1.0,0,0,0,True,0,,Regular,False,3,0,E32 Coated White 1S,CRB,2026-07-28 12:47:26,,0,False,0,0,,Eterna,,1,65,0,12,0,GI,"Dig Ink Med Intensity (50%), Coated Digital (0%)",St. Catharines,11.03,7.09,6.08,,1.0,0,False,2026-07-28,Glued,08/18-ASTR01,"ContainerCorp,N,E",14830 - ETERNA C3-E,"Dig Ink Med Intensity
Coated Digital",08/18-ASTR01,257.0,2026-08-20,43.0
365804,5035455,3,2026-08-20,500,40,257,1,0,1,0,1.0,0,,Astrapac - Glue,500,5484.0,2742.0,500.0,550,12853,,,2026-08-21,0,2742.0,190612,2026-08-21,E,Flat Bed Die Cut,,Nozomi Digital 1 Side Print,1,3,,2.0,0,1,0,39.0,40.08,0,0.0,"PKG-CNBSP12
11-3/16 x 7-9/16 x 6-1/2
Flat Bed Die Cut, Glued, 
Digital 1 Side 
E32 Coated White",Iron,,0,,,1.0,0,0,0,True,0,,Regular,False,0,0,E32 Coated White 1S,CRB,2026-07-28 12:47:26,,0,False,0,0,,,,1,65,0,12,0,GI,"Dig Ink Med Intensity (50%), Coated Digital (0%)",St. Catharines,11.03,7.09,6.08,,1.0,0,False,2026-07-28,Glued,08/18-ASTR01,"ContainerCorp,N,E",14830 - ETERNA C3-E,"Dig Ink Med Intensity
Coated Digital",08/18-ASTR01,238.0,2026-08-20,
=======
E32 Coated White 1",Iron,,0,,,1.0,0,0,0,True,0,,Regular,False,6,0,E32 Coated White 1S,CRB,2026-07-28 12:47:26,,0,False,0,0,,,,1,65,0,12,0,GI,"Dig Ink Med Intensity (50%), Coated Digital (0%)",St. Catharines,11.03,7.09,6.08,,0.0,0,False,2026-07-28,Glued,08/18-ASTR01,"N,E",14830 - ETERNA C3-E,"Dig Ink Med Intensity
Coated Digital",08/18-ASTR01,,,
365821,5035455,7,2026-08-18,500,1,256,0,0,0,0,1.0,0,,Interpac Corrugator,1000,5484.0,5484.0,1000.0,1100,12853,,,2026-08-21,0,5484.0,189612,2026-08-21,E,Flat Bed Die Cut,,Nozomi Digital 1 Side Print,1,3,,2.0,1,1,0,39.0,40.08,0,0.0,"PKG-CNCD12
11-3/16 x 7-9/16 x 6-1/2
Flat Bed Die Cut, Glued, 
Digital 1 Side 
E32 Coated White 1",Iron,,0,,,1.0,0,0,0,True,0,,Regular,False,0,0,E32 Coated White 1S,CRB,2026-07-28 12:47:26,,0,False,0,0,,,,1,65,0,12,0,GI,"Dig Ink Med Intensity (50%), Coated Digital (0%)",St. Catharines,11.03,7.09,6.08,,0.0,0,False,2026-07-28,Glued,08/18-ASTR01,"N,E",14830 - ETERNA C3-E,"Dig Ink Med Intensity
Coated Digital",08/18-ASTR01,189.0,2026-08-18,
365823,5035455,7,2026-08-19,500,20,213,1,25,1,5040,2.0,0,,Eterna,1000,5484.0,5484.0,500.0,1100,12853,,,2026-08-21,0,5484.0,189612,2026-08-21,E,Flat Bed Die Cut,E,Nozomi Digital 1 Side Print,1,3,,2.0,3,1,0,39.0,40.08,0,37.0,"PKG-CNCD12
11-3/16 x 7-9/16 x 6-1/2
Flat Bed Die Cut, Glued, 
Digital 1 Side 
E32 Coated White 1",Iron,,0,,,1.0,0,0,0,True,0,,Regular,False,3,0,E32 Coated White 1S,CRB,2026-07-28 12:47:26,,0,False,0,0,,Eterna,,1,65,0,12,0,GI,"Dig Ink Med Intensity (50%), Coated Digital (0%)",St. Catharines,11.03,7.09,6.08,,0.0,0,False,2026-07-28,Glued,08/18-ASTR01,"N,E",14830 - ETERNA C3-E,"Dig Ink Med Intensity
Coated Digital",08/18-ASTR01,257.0,2026-08-20,61.0
365791,5035455,1,2026-08-18,500,1,256,0,0,0,0,1.0,0,,Interpac Corrugator,1000,5484.0,5484.0,1000.0,1100,12853,,,2026-08-21,0,5484.0,189613,2026-08-21,E,Flat Bed Die Cut,,Nozomi Digital 1 Side Print,1,3,,2.0,1,1,0,39.0,40.08,0,0.0,"PKG-CNBS12
11-3/16 x 7-9/16 x 6-1/2
Flat Bed Die Cut, Glued, 
Digital 1 Side 
E32 Coated White 1",Iron,,0,,,1.0,0,0,0,True,0,,Regular,False,0,0,E32 Coated White 1S,CRB,2026-07-28 12:47:26,,0,False,0,0,,,,1,65,0,12,0,GI,"Dig Ink Med Intensity (50%), Coated Digital (0%)",St. Catharines,11.03,7.09,6.08,,0.0,0,False,2026-07-28,Glued,08/10-Moyy,"N,E",14830 - ETERNA C3-E,"Dig Ink Med Intensity
Coated Digital",08/10-Moyy,189.0,2026-08-18,
365792,5035455,1,2026-08-18,500,10,189,1,10,1,10778,1.0,0,,Nozomi Digital Printer,1000,5484.0,5484.0,1000.0,1100,12853,,,2026-08-21,0,5484.0,189613,2026-08-21,E,Flat Bed Die Cut,N,Nozomi Digital 1 Side Print,1,3,,2.0,3,1,0,39.0,40.08,0,16.0,"PKG-CNBS12
11-3/16 x 7-9/16 x 6-1/2
Flat Bed Die Cut, Glued, 
Digital 1 Side 
E32 Coated White 1",Iron,,0,,,1.0,0,0,0,True,1,,Regular,False,1,0,E32 Coated White 1S,CRB,2026-07-28 12:47:26,,0,False,0,0,,NAZ,,1,65,0,12,0,GI,"Dig Ink Med Intensity (50%), Coated Digital (0%)",St. Catharines,11.03,7.09,6.08,,0.0,0,False,2026-07-28,Glued,08/10-Moyy,"N,E",14830 - ETERNA C3-E,"Dig Ink Med Intensity
Coated Digital",08/10-Moyy,213.0,2026-08-19,28.0
365793,5035455,1,2026-08-19,500,20,213,1,25,1,5040,2.0,0,,Eterna,1000,5484.0,5484.0,500.0,1100,12853,,,2026-08-21,0,5484.0,189613,2026-08-21,E,Flat Bed Die Cut,E,Nozomi Digital 1 Side Print,1,3,,2.0,3,1,0,39.0,40.08,0,37.0,"PKG-CNBS12
11-3/16 x 7-9/16 x 6-1/2
Flat Bed Die Cut, Glued, 
Digital 1 Side 
E32 Coated White 1",Iron,,0,,,1.0,0,0,0,True,0,,Regular,False,3,0,E32 Coated White 1S,CRB,2026-07-28 12:47:26,,0,False,0,0,,Eterna,,1,65,0,12,0,GI,"Dig Ink Med Intensity (50%), Coated Digital (0%)",St. Catharines,11.03,7.09,6.08,,0.0,0,False,2026-07-28,Glued,08/10-Moyy,"N,E",14830 - ETERNA C3-E,"Dig Ink Med Intensity
Coated Digital",08/10-Moyy,257.0,2026-08-20,69.0
365794,5035455,1,2026-08-20,500,40,257,1,0,1,0,1.0,0,,Astrapac - Glue,1000,5484.0,5484.0,1000.0,1100,12853,,,2026-08-21,0,5484.0,189613,2026-08-21,E,Flat Bed Die Cut,,Nozomi Digital 1 Side Print,1,3,,2.0,0,1,0,39.0,40.08,0,0.0,"PKG-CNBS12
11-3/16 x 7-9/16 x 6-1/2
Flat Bed Die Cut, Glued, 
Digital 1 Side 
E32 Coated White 1",Iron,,0,,,1.0,0,0,0,True,0,,Regular,False,0,0,E32 Coated White 1S,CRB,2026-07-28 12:47:26,,0,False,0,0,,,,1,65,0,12,0,GI,"Dig Ink Med Intensity (50%), Coated Digital (0%)",St. Catharines,11.03,7.09,6.08,,0.0,0,False,2026-07-28,Glued,08/10-Moyy,"N,E",14830 - ETERNA C3-E,"Dig Ink Med Intensity
Coated Digital",08/10-Moyy,238.0,2026-08-20,
365795,5035455,1,2026-08-20,500,50,238,1,0,1,0,1.0,0,,Pack & Protect A-2,1000,5484.0,5484.0,1000.0,1100,12853,,,2026-08-21,0,5484.0,189613,2026-08-21,E,Flat Bed Die Cut,,Nozomi Digital 1 Side Print,1,3,,2.0,5,1,0,39.0,40.08,0,0.0,"PKG-CNBS12
11-3/16 x 7-9/16 x 6-1/2
Flat Bed Die Cut, Glued, 
Digital 1 Side 
E32 Coated White 1",Iron,,0,,,1.0,0,0,0,True,0,,Regular,False,6,0,E32 Coated White 1S,CRB,2026-07-28 12:47:26,,0,False,0,0,,,,1,65,0,12,0,GI,"Dig Ink Med Intensity (50%), Coated Digital (0%)",St. Catharines,11.03,7.09,6.08,,0.0,0,False,2026-07-28,Glued,08/10-Moyy,"N,E",14830 - ETERNA C3-E,"Dig Ink Med Intensity
Coated Digital",08/10-Moyy,,,
365801,5035455,3,2026-08-18,500,1,256,0,0,0,0,1.0,0,,Interpac Corrugator,500,5484.0,2742.0,500.0,550,12853,,,2026-08-21,0,2742.0,190612,2026-08-21,E,Flat Bed Die Cut,,Nozomi Digital 1 Side Print,1,3,,2.0,1,1,0,39.0,40.08,0,0.0,"PKG-CNBSP12
11-3/16 x 7-9/16 x 6-1/2
Flat Bed Die Cut, Glued, 
Digital 1 Side 
E32 Coated White",Iron,,0,,,1.0,0,0,0,True,0,,Regular,False,0,0,E32 Coated White 1S,CRB,2026-07-28 12:47:26,,0,False,0,0,,,,1,65,0,12,0,GI,"Dig Ink Med Intensity (50%), Coated Digital (0%)",St. Catharines,11.03,7.09,6.08,,0.0,0,False,2026-07-28,Glued,08/18-ASTR01,"N,E",14830 - ETERNA C3-E,"Dig Ink Med Intensity
Coated Digital",08/18-ASTR01,189.0,2026-08-18,
365802,5035455,3,2026-08-18,500,10,189,1,10,1,10778,1.0,0,,Nozomi Digital Printer,500,5484.0,2742.0,500.0,550,12853,,,2026-08-21,0,2742.0,190612,2026-08-21,E,Flat Bed Die Cut,N,Nozomi Digital 1 Side Print,1,3,,2.0,3,1,0,39.0,40.08,0,13.0,"PKG-CNBSP12
11-3/16 x 7-9/16 x 6-1/2
Flat Bed Die Cut, Glued, 
Digital 1 Side 
E32 Coated White",Iron,,0,,,1.0,0,0,0,True,1,,Regular,False,1,0,E32 Coated White 1S,CRB,2026-07-28 12:47:26,,0,False,0,0,,NAZ,,1,65,0,12,0,GI,"Dig Ink Med Intensity (50%), Coated Digital (0%)",St. Catharines,11.03,7.09,6.08,,0.0,0,False,2026-07-28,Glued,08/18-ASTR01,"N,E",14830 - ETERNA C3-E,"Dig Ink Med Intensity
Coated Digital",08/18-ASTR01,213.0,2026-08-19,24.0
365803,5035455,3,2026-08-19,500,20,213,1,25,1,5040,2.0,0,,Eterna,500,5484.0,2742.0,250.0,550,12853,,,2026-08-21,0,2742.0,190612,2026-08-21,E,Flat Bed Die Cut,E,Nozomi Digital 1 Side Print,1,3,,2.0,3,1,0,39.0,40.08,0,31.0,"PKG-CNBSP12
11-3/16 x 7-9/16 x 6-1/2
Flat Bed Die Cut, Glued, 
Digital 1 Side 
E32 Coated White",Iron,,0,,,1.0,0,0,0,True,0,,Regular,False,3,0,E32 Coated White 1S,CRB,2026-07-28 12:47:26,,0,False,0,0,,Eterna,,1,65,0,12,0,GI,"Dig Ink Med Intensity (50%), Coated Digital (0%)",St. Catharines,11.03,7.09,6.08,,0.0,0,False,2026-07-28,Glued,08/18-ASTR01,"N,E",14830 - ETERNA C3-E,"Dig Ink Med Intensity
Coated Digital",08/18-ASTR01,257.0,2026-08-20,43.0
>>>>>>> 3d7f0d50c55d01c676d7c4bff56f84cbc3a91754
365805,5035455,3,2026-08-20,500,50,238,1,0,1,0,1.0,0,,Pack & Protect A-2,500,5484.0,2742.0,500.0,550,12853,,,2026-08-21,0,2742.0,190612,2026-08-21,E,Flat Bed Die Cut,,Nozomi Digital 1 Side Print,1,3,,2.0,5,1,0,39.0,40.08,0,0.0,"PKG-CNBSP12
11-3/16 x 7-9/16 x 6-1/2
Flat Bed Die Cut, Glued, 
Digital 1 Side 
<<<<<<< HEAD
E32 Coated White",Iron,,0,,,1.0,0,0,0,True,0,,Regular,False,6,0,E32 Coated White 1S,CRB,2026-07-28 12:47:26,,0,False,0,0,,,,1,65,0,12,0,GI,"Dig Ink Med Intensity (50%), Coated Digital (0%)",St. Catharines,11.03,7.09,6.08,,1.0,0,False,2026-07-28,Glued,08/18-ASTR01,"ContainerCorp,N,E",14830 - ETERNA C3-E,"Dig Ink Med Intensity
Coated Digital",08/18-ASTR01,,,
365871,5035455,17,2026-08-14,100,1,178,0,0,0,0,1.0,0,,Container Corp,1000,5484.0,5484.0,1000.0,1100,12853,,,2026-08-21,0,5484.0,190613,2026-08-21,E,Flat Bed Die Cut,Container Corp,Nozomi Digital 1 Side Print,1,3,,2.0,7,1,0,39.0,40.08,0,0.0,"PKG-CNTSP12
11-3/16 x 7-9/16 x 6-1/2
Flat Bed Die Cut, Glued, 
Digital 1 Side 
E32 Coated White",Iron,,0,,,1.0,0,0,0,True,0,,Regular,False,0,0,E32 Coated White 1S,CRB,2026-07-28 12:47:26,,0,False,0,0,,,,1,65,0,12,0,GI,"Dig Ink Med Intensity (50%), Coated Digital (0%)",St. Catharines,11.03,7.09,6.08,,1.0,0,False,2026-07-28,Glued,08/18-ASTR01,"ContainerCorp,N,E",14830 - ETERNA C3-E,"Dig Ink Med Intensity
Coated Digital",08/18-ASTR01,189.0,2026-08-10,
365873,5035455,17,2026-08-17,400,20,213,1,25,1,5040,2.0,0,,Eterna,1000,5484.0,5484.0,500.0,1100,12853,,,2026-08-21,0,5484.0,190613,2026-08-21,E,Flat Bed Die Cut,E,Nozomi Digital 1 Side Print,1,3,,2.0,3,1,0,39.0,40.08,0,37.0,"PKG-CNTSP12
11-3/16 x 7-9/16 x 6-1/2
Flat Bed Die Cut, Glued, 
Digital 1 Side 
E32 Coated White",Iron,,0,,,1.0,0,0,0,True,0,,Regular,False,3,0,E32 Coated White 1S,CRB,2026-07-28 12:47:26,,0,False,0,0,,Eterna,,1,65,0,12,0,GI,"Dig Ink Med Intensity (50%), Coated Digital (0%)",St. Catharines,11.03,7.09,6.08,,1.0,0,False,2026-07-28,Glued,08/18-ASTR01,"ContainerCorp,N,E",14830 - ETERNA C3-E,"Dig Ink Med Intensity
=======
E32 Coated White",Iron,,0,,,1.0,0,0,0,True,0,,Regular,False,6,0,E32 Coated White 1S,CRB,2026-07-28 12:47:26,,0,False,0,0,,,,1,65,0,12,0,GI,"Dig Ink Med Intensity (50%), Coated Digital (0%)",St. Catharines,11.03,7.09,6.08,,0.0,0,False,2026-07-28,Glued,08/18-ASTR01,"N,E",14830 - ETERNA C3-E,"Dig Ink Med Intensity
Coated Digital",08/18-ASTR01,,,
365804,5035455,3,2026-08-20,500,40,257,1,0,1,0,1.0,0,,Astrapac - Glue,500,5484.0,2742.0,500.0,550,12853,,,2026-08-21,0,2742.0,190612,2026-08-21,E,Flat Bed Die Cut,,Nozomi Digital 1 Side Print,1,3,,2.0,0,1,0,39.0,40.08,0,0.0,"PKG-CNBSP12
11-3/16 x 7-9/16 x 6-1/2
Flat Bed Die Cut, Glued, 
Digital 1 Side 
E32 Coated White",Iron,,0,,,1.0,0,0,0,True,0,,Regular,False,0,0,E32 Coated White 1S,CRB,2026-07-28 12:47:26,,0,False,0,0,,,,1,65,0,12,0,GI,"Dig Ink Med Intensity (50%), Coated Digital (0%)",St. Catharines,11.03,7.09,6.08,,0.0,0,False,2026-07-28,Glued,08/18-ASTR01,"N,E",14830 - ETERNA C3-E,"Dig Ink Med Intensity
Coated Digital",08/18-ASTR01,238.0,2026-08-20,
365871,5035455,17,2026-08-18,500,1,256,0,0,0,0,1.0,0,,Interpac Corrugator,1000,5484.0,5484.0,1000.0,1100,12853,,,2026-08-21,0,5484.0,190613,2026-08-21,E,Flat Bed Die Cut,,Nozomi Digital 1 Side Print,1,3,,2.0,1,1,0,39.0,40.08,0,0.0,"PKG-CNTSP12
11-3/16 x 7-9/16 x 6-1/2
Flat Bed Die Cut, Glued, 
Digital 1 Side 
E32 Coated White",Iron,,0,,,1.0,0,0,0,True,0,,Regular,False,0,0,E32 Coated White 1S,CRB,2026-07-28 12:47:26,,0,False,0,0,,,,1,65,0,12,0,GI,"Dig Ink Med Intensity (50%), Coated Digital (0%)",St. Catharines,11.03,7.09,6.08,,0.0,0,False,2026-07-28,Glued,08/18-ASTR01,"N,E",14830 - ETERNA C3-E,"Dig Ink Med Intensity
Coated Digital",08/18-ASTR01,189.0,2026-08-18,
365872,5035455,17,2026-08-18,500,10,189,1,10,1,10778,1.0,0,,Nozomi Digital Printer,1000,5484.0,5484.0,1000.0,1100,12853,,,2026-08-21,0,5484.0,190613,2026-08-21,E,Flat Bed Die Cut,N,Nozomi Digital 1 Side Print,1,3,,2.0,3,1,0,39.0,40.08,0,16.0,"PKG-CNTSP12
11-3/16 x 7-9/16 x 6-1/2
Flat Bed Die Cut, Glued, 
Digital 1 Side 
E32 Coated White",Iron,,0,,,1.0,0,0,0,True,1,,Regular,False,1,0,E32 Coated White 1S,CRB,2026-07-28 12:47:26,,0,False,0,0,,NAZ,,1,65,0,12,0,GI,"Dig Ink Med Intensity (50%), Coated Digital (0%)",St. Catharines,11.03,7.09,6.08,,0.0,0,False,2026-07-28,Glued,08/18-ASTR01,"N,E",14830 - ETERNA C3-E,"Dig Ink Med Intensity
Coated Digital",08/18-ASTR01,213.0,2026-08-19,24.0
365873,5035455,17,2026-08-19,500,20,213,1,25,1,5040,2.0,0,,Eterna,1000,5484.0,5484.0,500.0,1100,12853,,,2026-08-21,0,5484.0,190613,2026-08-21,E,Flat Bed Die Cut,E,Nozomi Digital 1 Side Print,1,3,,2.0,3,1,0,39.0,40.08,0,37.0,"PKG-CNTSP12
11-3/16 x 7-9/16 x 6-1/2
Flat Bed Die Cut, Glued, 
Digital 1 Side 
E32 Coated White",Iron,,0,,,1.0,0,0,0,True,0,,Regular,False,3,0,E32 Coated White 1S,CRB,2026-07-28 12:47:26,,0,False,0,0,,Eterna,,1,65,0,12,0,GI,"Dig Ink Med Intensity (50%), Coated Digital (0%)",St. Catharines,11.03,7.09,6.08,,0.0,0,False,2026-07-28,Glued,08/18-ASTR01,"N,E",14830 - ETERNA C3-E,"Dig Ink Med Intensity
>>>>>>> 3d7f0d50c55d01c676d7c4bff56f84cbc3a91754
Coated Digital",08/18-ASTR01,257.0,2026-08-20,134.0
365874,5035455,17,2026-08-20,500,40,257,1,0,1,0,1.0,0,,Astrapac - Glue,1000,5484.0,5484.0,1000.0,1100,12853,,,2026-08-21,0,5484.0,190613,2026-08-21,E,Flat Bed Die Cut,,Nozomi Digital 1 Side Print,1,3,,2.0,0,1,0,39.0,40.08,0,0.0,"PKG-CNTSP12
11-3/16 x 7-9/16 x 6-1/2
Flat Bed Die Cut, Glued, 
Digital 1 Side 
<<<<<<< HEAD
E32 Coated White",Iron,,0,,,1.0,0,0,0,True,0,,Regular,False,0,0,E32 Coated White 1S,CRB,2026-07-28 12:47:26,,0,False,0,0,,,,1,65,0,12,0,GI,"Dig Ink Med Intensity (50%), Coated Digital (0%)",St. Catharines,11.03,7.09,6.08,,1.0,0,False,2026-07-28,Glued,08/18-ASTR01,"ContainerCorp,N,E",14830 - ETERNA C3-E,"Dig Ink Med Intensity
=======
E32 Coated White",Iron,,0,,,1.0,0,0,0,True,0,,Regular,False,0,0,E32 Coated White 1S,CRB,2026-07-28 12:47:26,,0,False,0,0,,,,1,65,0,12,0,GI,"Dig Ink Med Intensity (50%), Coated Digital (0%)",St. Catharines,11.03,7.09,6.08,,0.0,0,False,2026-07-28,Glued,08/18-ASTR01,"N,E",14830 - ETERNA C3-E,"Dig Ink Med Intensity
>>>>>>> 3d7f0d50c55d01c676d7c4bff56f84cbc3a91754
Coated Digital",08/18-ASTR01,238.0,2026-08-20,
365875,5035455,17,2026-08-20,500,50,238,1,0,1,0,1.0,0,,Pack & Protect A-2,1000,5484.0,5484.0,1000.0,1100,12853,,,2026-08-21,0,5484.0,190613,2026-08-21,E,Flat Bed Die Cut,,Nozomi Digital 1 Side Print,1,3,,2.0,5,1,0,39.0,40.08,0,0.0,"PKG-CNTSP12
11-3/16 x 7-9/16 x 6-1/2
Flat Bed Die Cut, Glued, 
Digital 1 Side 
<<<<<<< HEAD
E32 Coated White",Iron,,0,,,1.0,0,0,0,True,0,,Regular,False,6,0,E32 Coated White 1S,CRB,2026-07-28 12:47:26,,0,False,0,0,,,,1,65,0,12,0,GI,"Dig Ink Med Intensity (50%), Coated Digital (0%)",St. Catharines,11.03,7.09,6.08,,1.0,0,False,2026-07-28,Glued,08/18-ASTR01,"ContainerCorp,N,E",14830 - ETERNA C3-E,"Dig Ink Med Intensity
Coated Digital",08/18-ASTR01,,,
365861,5035455,15,2026-08-14,100,1,178,0,0,0,0,1.0,0,,Container Corp,1000,5484.0,5484.0,1000.0,1100,12853,,,2026-08-21,0,5484.0,190614,2026-08-21,E,Flat Bed Die Cut,Container Corp,Nozomi Digital 1 Side Print,1,3,,2.0,7,1,0,39.0,40.08,0,0.0,"PKG-CNTPB12
11-3/16 x 7-9/16 x 6-1/2
Flat Bed Die Cut, Glued, 
Digital 1 Side 
E32 Coated White",Iron,,0,,,1.0,0,0,0,True,0,,Regular,False,0,0,E32 Coated White 1S,CRB,2026-07-28 12:47:26,,0,False,0,0,,,,1,65,0,12,0,GI,"Dig Ink Med Intensity (50%), Coated Digital (0%)",St. Catharines,11.03,7.09,6.08,,1.0,0,False,2026-07-28,Glued,08/18-ASTR01,"ContainerCorp,N,E",14830 - ETERNA C3-E,"Dig Ink Med Intensity
Coated Digital",08/18-ASTR01,189.0,2026-08-10,
365863,5035455,15,2026-08-17,400,20,213,1,25,1,5040,2.0,0,,Eterna,1000,5484.0,5484.0,500.0,1100,12853,,,2026-08-21,0,5484.0,190614,2026-08-21,E,Flat Bed Die Cut,E,Nozomi Digital 1 Side Print,1,3,,2.0,3,1,0,39.0,40.08,0,37.0,"PKG-CNTPB12
11-3/16 x 7-9/16 x 6-1/2
Flat Bed Die Cut, Glued, 
Digital 1 Side 
E32 Coated White",Iron,,0,,,1.0,0,0,0,True,0,,Regular,False,3,0,E32 Coated White 1S,CRB,2026-07-28 12:47:26,,0,False,0,0,,Eterna,,1,65,0,12,0,GI,"Dig Ink Med Intensity (50%), Coated Digital (0%)",St. Catharines,11.03,7.09,6.08,,1.0,0,False,2026-07-28,Glued,08/18-ASTR01,"ContainerCorp,N,E",14830 - ETERNA C3-E,"Dig Ink Med Intensity
Coated Digital",08/18-ASTR01,257.0,2026-08-20,92.0
365864,5035455,15,2026-08-20,500,40,257,1,0,1,0,1.0,0,,Astrapac - Glue,1000,5484.0,5484.0,1000.0,1100,12853,,,2026-08-21,0,5484.0,190614,2026-08-21,E,Flat Bed Die Cut,,Nozomi Digital 1 Side Print,1,3,,2.0,0,1,0,39.0,40.08,0,0.0,"PKG-CNTPB12
11-3/16 x 7-9/16 x 6-1/2
Flat Bed Die Cut, Glued, 
Digital 1 Side 
E32 Coated White",Iron,,0,,,1.0,0,0,0,True,0,,Regular,False,0,0,E32 Coated White 1S,CRB,2026-07-28 12:47:26,,0,False,0,0,,,,1,65,0,12,0,GI,"Dig Ink Med Intensity (50%), Coated Digital (0%)",St. Catharines,11.03,7.09,6.08,,1.0,0,False,2026-07-28,Glued,08/18-ASTR01,"ContainerCorp,N,E",14830 - ETERNA C3-E,"Dig Ink Med Intensity
Coated Digital",08/18-ASTR01,238.0,2026-08-20,
=======
E32 Coated White",Iron,,0,,,1.0,0,0,0,True,0,,Regular,False,6,0,E32 Coated White 1S,CRB,2026-07-28 12:47:26,,0,False,0,0,,,,1,65,0,12,0,GI,"Dig Ink Med Intensity (50%), Coated Digital (0%)",St. Catharines,11.03,7.09,6.08,,0.0,0,False,2026-07-28,Glued,08/18-ASTR01,"N,E",14830 - ETERNA C3-E,"Dig Ink Med Intensity
Coated Digital",08/18-ASTR01,,,
365861,5035455,15,2026-08-18,500,1,256,0,0,0,0,1.0,0,,Interpac Corrugator,1000,5484.0,5484.0,1000.0,1100,12853,,,2026-08-21,0,5484.0,190614,2026-08-21,E,Flat Bed Die Cut,,Nozomi Digital 1 Side Print,1,3,,2.0,1,1,0,39.0,40.08,0,0.0,"PKG-CNTPB12
11-3/16 x 7-9/16 x 6-1/2
Flat Bed Die Cut, Glued, 
Digital 1 Side 
E32 Coated White",Iron,,0,,,1.0,0,0,0,True,0,,Regular,False,0,0,E32 Coated White 1S,CRB,2026-07-28 12:47:26,,0,False,0,0,,,,1,65,0,12,0,GI,"Dig Ink Med Intensity (50%), Coated Digital (0%)",St. Catharines,11.03,7.09,6.08,,0.0,0,False,2026-07-28,Glued,08/18-ASTR01,"N,E",14830 - ETERNA C3-E,"Dig Ink Med Intensity
Coated Digital",08/18-ASTR01,189.0,2026-08-18,
365862,5035455,15,2026-08-18,500,10,189,1,10,1,10778,1.0,0,,Nozomi Digital Printer,1000,5484.0,5484.0,1000.0,1100,12853,,,2026-08-21,0,5484.0,190614,2026-08-21,E,Flat Bed Die Cut,N,Nozomi Digital 1 Side Print,1,3,,2.0,3,1,0,39.0,40.08,0,16.0,"PKG-CNTPB12
11-3/16 x 7-9/16 x 6-1/2
Flat Bed Die Cut, Glued, 
Digital 1 Side 
E32 Coated White",Iron,,0,,,1.0,0,0,0,True,1,,Regular,False,1,0,E32 Coated White 1S,CRB,2026-07-28 12:47:26,,0,False,0,0,,NAZ,,1,65,0,12,0,GI,"Dig Ink Med Intensity (50%), Coated Digital (0%)",St. Catharines,11.03,7.09,6.08,,0.0,0,False,2026-07-28,Glued,08/18-ASTR01,"N,E",14830 - ETERNA C3-E,"Dig Ink Med Intensity
Coated Digital",08/18-ASTR01,213.0,2026-08-19,29.0
365863,5035455,15,2026-08-19,500,20,213,1,25,1,5040,2.0,0,,Eterna,1000,5484.0,5484.0,500.0,1100,12853,,,2026-08-21,0,5484.0,190614,2026-08-21,E,Flat Bed Die Cut,E,Nozomi Digital 1 Side Print,1,3,,2.0,3,1,0,39.0,40.08,0,37.0,"PKG-CNTPB12
11-3/16 x 7-9/16 x 6-1/2
Flat Bed Die Cut, Glued, 
Digital 1 Side 
E32 Coated White",Iron,,0,,,1.0,0,0,0,True,0,,Regular,False,3,0,E32 Coated White 1S,CRB,2026-07-28 12:47:26,,0,False,0,0,,Eterna,,1,65,0,12,0,GI,"Dig Ink Med Intensity (50%), Coated Digital (0%)",St. Catharines,11.03,7.09,6.08,,0.0,0,False,2026-07-28,Glued,08/18-ASTR01,"N,E",14830 - ETERNA C3-E,"Dig Ink Med Intensity
Coated Digital",08/18-ASTR01,257.0,2026-08-20,92.0
>>>>>>> 3d7f0d50c55d01c676d7c4bff56f84cbc3a91754
365865,5035455,15,2026-08-20,500,50,238,1,0,1,0,1.0,0,,Pack & Protect A-2,1000,5484.0,5484.0,1000.0,1100,12853,,,2026-08-21,0,5484.0,190614,2026-08-21,E,Flat Bed Die Cut,,Nozomi Digital 1 Side Print,1,3,,2.0,5,1,0,39.0,40.08,0,0.0,"PKG-CNTPB12
11-3/16 x 7-9/16 x 6-1/2
Flat Bed Die Cut, Glued, 
Digital 1 Side 
<<<<<<< HEAD
E32 Coated White",Iron,,0,,,1.0,0,0,0,True,0,,Regular,False,6,0,E32 Coated White 1S,CRB,2026-07-28 12:47:26,,0,False,0,0,,,,1,65,0,12,0,GI,"Dig Ink Med Intensity (50%), Coated Digital (0%)",St. Catharines,11.03,7.09,6.08,,1.0,0,False,2026-07-28,Glued,08/18-ASTR01,"ContainerCorp,N,E",14830 - ETERNA C3-E,"Dig Ink Med Intensity
Coated Digital",08/18-ASTR01,,,
365851,5035455,13,2026-08-14,100,1,178,0,0,0,0,1.0,0,,Container Corp,1000,5484.0,5484.0,1000.0,1100,12853,,,2026-08-21,0,5484.0,190615,2026-08-21,E,Flat Bed Die Cut,Container Corp,Nozomi Digital 1 Side Print,1,3,,2.0,7,1,0,39.0,40.08,0,0.0,"PKG-CNPSP12
11-3/16 x 7-9/16 x 6-1/2
Flat Bed Die Cut, Glued, 
Digital 1 Side 
E32 Coated White",Iron,,0,,,1.0,0,0,0,True,0,,Regular,False,0,0,E32 Coated White 1S,CRB,2026-07-28 12:47:26,,0,False,0,0,,,,1,65,0,12,0,GI,"Dig Ink Med Intensity (50%), Coated Digital (0%)",St. Catharines,11.03,7.09,6.08,,1.0,0,False,2026-07-28,Glued,08/18-ASTR01,"ContainerCorp,N,E",14830 - ETERNA C3-E,"Dig Ink Med Intensity
Coated Digital",08/18-ASTR01,189.0,2026-08-10,
365853,5035455,13,2026-08-17,400,20,213,1,25,1,5040,2.0,0,,Eterna,1000,5484.0,5484.0,500.0,1100,12853,,,2026-08-21,0,5484.0,190615,2026-08-21,E,Flat Bed Die Cut,E,Nozomi Digital 1 Side Print,1,3,,2.0,3,1,0,39.0,40.08,0,37.0,"PKG-CNPSP12
11-3/16 x 7-9/16 x 6-1/2
Flat Bed Die Cut, Glued, 
Digital 1 Side 
E32 Coated White",Iron,,0,,,1.0,0,0,0,True,0,,Regular,False,3,0,E32 Coated White 1S,CRB,2026-07-28 12:47:26,,0,False,0,0,,Eterna,,1,65,0,12,0,GI,"Dig Ink Med Intensity (50%), Coated Digital (0%)",St. Catharines,11.03,7.09,6.08,,1.0,0,False,2026-07-28,Glued,08/18-ASTR01,"ContainerCorp,N,E",14830 - ETERNA C3-E,"Dig Ink Med Intensity
=======
E32 Coated White",Iron,,0,,,1.0,0,0,0,True,0,,Regular,False,6,0,E32 Coated White 1S,CRB,2026-07-28 12:47:26,,0,False,0,0,,,,1,65,0,12,0,GI,"Dig Ink Med Intensity (50%), Coated Digital (0%)",St. Catharines,11.03,7.09,6.08,,0.0,0,False,2026-07-28,Glued,08/18-ASTR01,"N,E",14830 - ETERNA C3-E,"Dig Ink Med Intensity
Coated Digital",08/18-ASTR01,,,
365864,5035455,15,2026-08-20,500,40,257,1,0,1,0,1.0,0,,Astrapac - Glue,1000,5484.0,5484.0,1000.0,1100,12853,,,2026-08-21,0,5484.0,190614,2026-08-21,E,Flat Bed Die Cut,,Nozomi Digital 1 Side Print,1,3,,2.0,0,1,0,39.0,40.08,0,0.0,"PKG-CNTPB12
11-3/16 x 7-9/16 x 6-1/2
Flat Bed Die Cut, Glued, 
Digital 1 Side 
E32 Coated White",Iron,,0,,,1.0,0,0,0,True,0,,Regular,False,0,0,E32 Coated White 1S,CRB,2026-07-28 12:47:26,,0,False,0,0,,,,1,65,0,12,0,GI,"Dig Ink Med Intensity (50%), Coated Digital (0%)",St. Catharines,11.03,7.09,6.08,,0.0,0,False,2026-07-28,Glued,08/18-ASTR01,"N,E",14830 - ETERNA C3-E,"Dig Ink Med Intensity
Coated Digital",08/18-ASTR01,238.0,2026-08-20,
365851,5035455,13,2026-08-18,500,1,256,0,0,0,0,1.0,0,,Interpac Corrugator,1000,5484.0,5484.0,1000.0,1100,12853,,,2026-08-21,0,5484.0,190615,2026-08-21,E,Flat Bed Die Cut,,Nozomi Digital 1 Side Print,1,3,,2.0,1,1,0,39.0,40.08,0,0.0,"PKG-CNPSP12
11-3/16 x 7-9/16 x 6-1/2
Flat Bed Die Cut, Glued, 
Digital 1 Side 
E32 Coated White",Iron,,0,,,1.0,0,0,0,True,0,,Regular,False,0,0,E32 Coated White 1S,CRB,2026-07-28 12:47:26,,0,False,0,0,,,,1,65,0,12,0,GI,"Dig Ink Med Intensity (50%), Coated Digital (0%)",St. Catharines,11.03,7.09,6.08,,0.0,0,False,2026-07-28,Glued,08/18-ASTR01,"N,E",14830 - ETERNA C3-E,"Dig Ink Med Intensity
Coated Digital",08/18-ASTR01,189.0,2026-08-18,
365852,5035455,13,2026-08-18,500,10,189,1,10,1,10778,1.0,0,,Nozomi Digital Printer,1000,5484.0,5484.0,1000.0,1100,12853,,,2026-08-21,0,5484.0,190615,2026-08-21,E,Flat Bed Die Cut,N,Nozomi Digital 1 Side Print,1,3,,2.0,3,1,0,39.0,40.08,0,16.0,"PKG-CNPSP12
11-3/16 x 7-9/16 x 6-1/2
Flat Bed Die Cut, Glued, 
Digital 1 Side 
E32 Coated White",Iron,,0,,,1.0,0,0,0,True,1,,Regular,False,1,0,E32 Coated White 1S,CRB,2026-07-28 12:47:26,,0,False,0,0,,NAZ,,1,65,0,12,0,GI,"Dig Ink Med Intensity (50%), Coated Digital (0%)",St. Catharines,11.03,7.09,6.08,,0.0,0,False,2026-07-28,Glued,08/18-ASTR01,"N,E",14830 - ETERNA C3-E,"Dig Ink Med Intensity
Coated Digital",08/18-ASTR01,213.0,2026-08-19,42.0
365853,5035455,13,2026-08-19,500,20,213,1,25,1,5040,2.0,0,,Eterna,1000,5484.0,5484.0,500.0,1100,12853,,,2026-08-21,0,5484.0,190615,2026-08-21,E,Flat Bed Die Cut,E,Nozomi Digital 1 Side Print,1,3,,2.0,3,1,0,39.0,40.08,0,37.0,"PKG-CNPSP12
11-3/16 x 7-9/16 x 6-1/2
Flat Bed Die Cut, Glued, 
Digital 1 Side 
E32 Coated White",Iron,,0,,,1.0,0,0,0,True,0,,Regular,False,3,0,E32 Coated White 1S,CRB,2026-07-28 12:47:26,,0,False,0,0,,Eterna,,1,65,0,12,0,GI,"Dig Ink Med Intensity (50%), Coated Digital (0%)",St. Catharines,11.03,7.09,6.08,,0.0,0,False,2026-07-28,Glued,08/18-ASTR01,"N,E",14830 - ETERNA C3-E,"Dig Ink Med Intensity
>>>>>>> 3d7f0d50c55d01c676d7c4bff56f84cbc3a91754
Coated Digital",08/18-ASTR01,257.0,2026-08-20,69.0
365854,5035455,13,2026-08-20,500,40,257,1,0,1,0,1.0,0,,Astrapac - Glue,1000,5484.0,5484.0,1000.0,1100,12853,,,2026-08-21,0,5484.0,190615,2026-08-21,E,Flat Bed Die Cut,,Nozomi Digital 1 Side Print,1,3,,2.0,0,1,0,39.0,40.08,0,0.0,"PKG-CNPSP12
11-3/16 x 7-9/16 x 6-1/2
Flat Bed Die Cut, Glued, 
Digital 1 Side 
<<<<<<< HEAD
E32 Coated White",Iron,,0,,,1.0,0,0,0,True,0,,Regular,False,0,0,E32 Coated White 1S,CRB,2026-07-28 12:47:26,,0,False,0,0,,,,1,65,0,12,0,GI,"Dig Ink Med Intensity (50%), Coated Digital (0%)",St. Catharines,11.03,7.09,6.08,,1.0,0,False,2026-07-28,Glued,08/18-ASTR01,"ContainerCorp,N,E",14830 - ETERNA C3-E,"Dig Ink Med Intensity
=======
E32 Coated White",Iron,,0,,,1.0,0,0,0,True,0,,Regular,False,0,0,E32 Coated White 1S,CRB,2026-07-28 12:47:26,,0,False,0,0,,,,1,65,0,12,0,GI,"Dig Ink Med Intensity (50%), Coated Digital (0%)",St. Catharines,11.03,7.09,6.08,,0.0,0,False,2026-07-28,Glued,08/18-ASTR01,"N,E",14830 - ETERNA C3-E,"Dig Ink Med Intensity
>>>>>>> 3d7f0d50c55d01c676d7c4bff56f84cbc3a91754
Coated Digital",08/18-ASTR01,238.0,2026-08-20,
365855,5035455,13,2026-08-20,500,50,238,1,0,1,0,1.0,0,,Pack & Protect A-2,1000,5484.0,5484.0,1000.0,1100,12853,,,2026-08-21,0,5484.0,190615,2026-08-21,E,Flat Bed Die Cut,,Nozomi Digital 1 Side Print,1,3,,2.0,5,1,0,39.0,40.08,0,0.0,"PKG-CNPSP12
11-3/16 x 7-9/16 x 6-1/2
Flat Bed Die Cut, Glued, 
Digital 1 Side 
<<<<<<< HEAD
E32 Coated White",Iron,,0,,,1.0,0,0,0,True,0,,Regular,False,6,0,E32 Coated White 1S,CRB,2026-07-28 12:47:26,,0,False,0,0,,,,1,65,0,12,0,GI,"Dig Ink Med Intensity (50%), Coated Digital (0%)",St. Catharines,11.03,7.09,6.08,,1.0,0,False,2026-07-28,Glued,08/18-ASTR01,"ContainerCorp,N,E",14830 - ETERNA C3-E,"Dig Ink Med Intensity
Coated Digital",08/18-ASTR01,,,
365886,5035455,20,2026-08-14,100,1,178,0,0,0,0,1.0,0,,Container Corp,500,5484.0,2742.0,500.0,550,12853,,,2026-08-21,0,2742.0,190616,2026-08-21,E,Flat Bed Die Cut,Container Corp,Nozomi Digital 1 Side Print,1,3,,2.0,7,1,0,39.0,40.08,0,0.0,"PKG-PUPCKNBEEF12
11-3/16 x 7-9/16 x 6-1/2
Flat Bed Die Cut, Glued, 
Digital 1 Side 
E32 Coated W",Iron,,0,,,1.0,0,0,0,True,0,,Regular,False,0,0,E32 Coated White 1S,CRB,2026-07-28 12:47:26,,0,False,0,0,,,,1,65,0,12,0,GI,"Dig Ink Med Intensity (50%), Coated Digital (0%)",St. Catharines,11.03,7.09,6.08,,1.0,0,False,2026-07-28,Glued,08/18-ASTR01,"ContainerCorp,N,E",14830 - ETERNA C3-E,"Dig Ink Med Intensity
Coated Digital",08/18-ASTR01,189.0,2026-08-11,
365888,5035455,20,2026-08-17,400,20,213,1,25,1,5040,2.0,0,,Eterna,500,5484.0,2742.0,250.0,550,12853,,,2026-08-21,0,2742.0,190616,2026-08-21,E,Flat Bed Die Cut,E,Nozomi Digital 1 Side Print,1,3,,2.0,3,1,0,39.0,40.08,0,31.0,"PKG-PUPCKNBEEF12
11-3/16 x 7-9/16 x 6-1/2
Flat Bed Die Cut, Glued, 
Digital 1 Side 
E32 Coated W",Iron,,0,,,1.0,0,0,0,True,0,,Regular,False,3,0,E32 Coated White 1S,CRB,2026-07-28 12:47:26,,0,False,0,0,,Eterna,,1,65,0,12,0,GI,"Dig Ink Med Intensity (50%), Coated Digital (0%)",St. Catharines,11.03,7.09,6.08,,1.0,0,False,2026-07-28,Glued,08/18-ASTR01,"ContainerCorp,N,E",14830 - ETERNA C3-E,"Dig Ink Med Intensity
=======
E32 Coated White",Iron,,0,,,1.0,0,0,0,True,0,,Regular,False,6,0,E32 Coated White 1S,CRB,2026-07-28 12:47:26,,0,False,0,0,,,,1,65,0,12,0,GI,"Dig Ink Med Intensity (50%), Coated Digital (0%)",St. Catharines,11.03,7.09,6.08,,0.0,0,False,2026-07-28,Glued,08/18-ASTR01,"N,E",14830 - ETERNA C3-E,"Dig Ink Med Intensity
Coated Digital",08/18-ASTR01,,,
365886,5035455,20,2026-08-18,500,1,256,0,0,0,0,1.0,0,,Interpac Corrugator,500,5484.0,2742.0,500.0,550,12853,,,2026-08-21,0,2742.0,190616,2026-08-21,E,Flat Bed Die Cut,,Nozomi Digital 1 Side Print,1,3,,2.0,1,1,0,39.0,40.08,0,0.0,"PKG-PUPCKNBEEF12
11-3/16 x 7-9/16 x 6-1/2
Flat Bed Die Cut, Glued, 
Digital 1 Side 
E32 Coated W",Iron,,0,,,1.0,0,0,0,True,0,,Regular,False,0,0,E32 Coated White 1S,CRB,2026-07-28 12:47:26,,0,False,0,0,,,,1,65,0,12,0,GI,"Dig Ink Med Intensity (50%), Coated Digital (0%)",St. Catharines,11.03,7.09,6.08,,0.0,0,False,2026-07-28,Glued,08/18-ASTR01,"N,E",14830 - ETERNA C3-E,"Dig Ink Med Intensity
Coated Digital",08/18-ASTR01,189.0,2026-08-18,
365887,5035455,20,2026-08-18,500,10,189,1,10,1,10778,1.0,0,,Nozomi Digital Printer,500,5484.0,2742.0,500.0,550,12853,,,2026-08-21,0,2742.0,190616,2026-08-21,E,Flat Bed Die Cut,N,Nozomi Digital 1 Side Print,1,3,,2.0,3,1,0,39.0,40.08,0,13.0,"PKG-PUPCKNBEEF12
11-3/16 x 7-9/16 x 6-1/2
Flat Bed Die Cut, Glued, 
Digital 1 Side 
E32 Coated W",Iron,,0,,,1.0,0,0,0,True,1,,Regular,False,1,0,E32 Coated White 1S,CRB,2026-07-28 12:47:26,,0,False,0,0,,NAZ,,1,65,0,12,0,GI,"Dig Ink Med Intensity (50%), Coated Digital (0%)",St. Catharines,11.03,7.09,6.08,,0.0,0,False,2026-07-28,Glued,08/18-ASTR01,"N,E",14830 - ETERNA C3-E,"Dig Ink Med Intensity
Coated Digital",08/18-ASTR01,213.0,2026-08-19,18.0
365888,5035455,20,2026-08-19,500,20,213,1,25,1,5040,2.0,0,,Eterna,500,5484.0,2742.0,250.0,550,12853,,,2026-08-21,0,2742.0,190616,2026-08-21,E,Flat Bed Die Cut,E,Nozomi Digital 1 Side Print,1,3,,2.0,3,1,0,39.0,40.08,0,31.0,"PKG-PUPCKNBEEF12
11-3/16 x 7-9/16 x 6-1/2
Flat Bed Die Cut, Glued, 
Digital 1 Side 
E32 Coated W",Iron,,0,,,1.0,0,0,0,True,0,,Regular,False,3,0,E32 Coated White 1S,CRB,2026-07-28 12:47:26,,0,False,0,0,,Eterna,,1,65,0,12,0,GI,"Dig Ink Med Intensity (50%), Coated Digital (0%)",St. Catharines,11.03,7.09,6.08,,0.0,0,False,2026-07-28,Glued,08/18-ASTR01,"N,E",14830 - ETERNA C3-E,"Dig Ink Med Intensity
>>>>>>> 3d7f0d50c55d01c676d7c4bff56f84cbc3a91754
Coated Digital",08/18-ASTR01,257.0,2026-08-20,28.0
365889,5035455,20,2026-08-20,500,40,257,1,0,1,0,1.0,0,,Astrapac - Glue,500,5484.0,2742.0,500.0,550,12853,,,2026-08-21,0,2742.0,190616,2026-08-21,E,Flat Bed Die Cut,,Nozomi Digital 1 Side Print,1,3,,2.0,0,1,0,39.0,40.08,0,0.0,"PKG-PUPCKNBEEF12
11-3/16 x 7-9/16 x 6-1/2
Flat Bed Die Cut, Glued, 
Digital 1 Side 
<<<<<<< HEAD
E32 Coated W",Iron,,0,,,1.0,0,0,0,True,0,,Regular,False,0,0,E32 Coated White 1S,CRB,2026-07-28 12:47:26,,0,False,0,0,,,,1,65,0,12,0,GI,"Dig Ink Med Intensity (50%), Coated Digital (0%)",St. Catharines,11.03,7.09,6.08,,1.0,0,False,2026-07-28,Glued,08/18-ASTR01,"ContainerCorp,N,E",14830 - ETERNA C3-E,"Dig Ink Med Intensity
=======
E32 Coated W",Iron,,0,,,1.0,0,0,0,True,0,,Regular,False,0,0,E32 Coated White 1S,CRB,2026-07-28 12:47:26,,0,False,0,0,,,,1,65,0,12,0,GI,"Dig Ink Med Intensity (50%), Coated Digital (0%)",St. Catharines,11.03,7.09,6.08,,0.0,0,False,2026-07-28,Glued,08/18-ASTR01,"N,E",14830 - ETERNA C3-E,"Dig Ink Med Intensity
>>>>>>> 3d7f0d50c55d01c676d7c4bff56f84cbc3a91754
Coated Digital",08/18-ASTR01,238.0,2026-08-20,
365890,5035455,20,2026-08-20,500,50,238,1,0,1,0,1.0,0,,Pack & Protect A-2,500,5484.0,2742.0,500.0,550,12853,,,2026-08-21,0,2742.0,190616,2026-08-21,E,Flat Bed Die Cut,,Nozomi Digital 1 Side Print,1,3,,2.0,5,1,0,39.0,40.08,0,0.0,"PKG-PUPCKNBEEF12
11-3/16 x 7-9/16 x 6-1/2
Flat Bed Die Cut, Glued, 
Digital 1 Side 
<<<<<<< HEAD
E32 Coated W",Iron,,0,,,1.0,0,0,0,True,0,,Regular,False,6,0,E32 Coated White 1S,CRB,2026-07-28 12:47:26,,0,False,0,0,,,,1,65,0,12,0,GI,"Dig Ink Med Intensity (50%), Coated Digital (0%)",St. Catharines,11.03,7.09,6.08,,1.0,0,False,2026-07-28,Glued,08/18-ASTR01,"ContainerCorp,N,E",14830 - ETERNA C3-E,"Dig Ink Med Intensity
Coated Digital",08/18-ASTR01,,,
365891,5035455,21,2026-08-14,100,1,178,0,0,0,0,1.0,0,,Container Corp,500,5484.0,2742.0,500.0,550,12853,,,2026-08-21,0,2742.0,190617,2026-08-21,E,Flat Bed Die Cut,Container Corp,Nozomi Digital 1 Side Print,1,3,,2.0,7,1,0,39.0,40.08,0,0.0,"PKG-PUPTKYBEEF12
11-3/16 x 7-9/16 x 6-1/2
Flat Bed Die Cut, Glued, 
Digital 1 Side 
E32 Coated W",Iron,,0,,,1.0,0,0,0,True,0,,Regular,False,0,0,E32 Coated White 1S,CRB,2026-07-28 12:47:26,,0,False,0,0,,,,1,65,0,12,0,GI,"Dig Ink Med Intensity (50%), Coated Digital (0%)",St. Catharines,11.03,7.09,6.08,,1.0,0,False,2026-07-28,Glued,07/31-ASTR01,"ContainerCorp,N,E",14830 - ETERNA C3-E,"Dig Ink Med Intensity
Coated Digital",07/31-ASTR01,189.0,2026-08-11,
365893,5035455,21,2026-08-17,400,20,213,1,25,1,5040,2.0,0,,Eterna,500,5484.0,2742.0,250.0,550,12853,,,2026-08-21,0,2742.0,190617,2026-08-21,E,Flat Bed Die Cut,E,Nozomi Digital 1 Side Print,1,3,,2.0,3,1,0,39.0,40.08,0,31.0,"PKG-PUPTKYBEEF12
11-3/16 x 7-9/16 x 6-1/2
Flat Bed Die Cut, Glued, 
Digital 1 Side 
E32 Coated W",Iron,,0,,,1.0,0,0,0,True,0,,Regular,False,3,0,E32 Coated White 1S,CRB,2026-07-28 12:47:26,,0,False,0,0,,Eterna,,1,65,0,12,0,GI,"Dig Ink Med Intensity (50%), Coated Digital (0%)",St. Catharines,11.03,7.09,6.08,,1.0,0,False,2026-07-28,Glued,07/31-ASTR01,"ContainerCorp,N,E",14830 - ETERNA C3-E,"Dig Ink Med Intensity
=======
E32 Coated W",Iron,,0,,,1.0,0,0,0,True,0,,Regular,False,6,0,E32 Coated White 1S,CRB,2026-07-28 12:47:26,,0,False,0,0,,,,1,65,0,12,0,GI,"Dig Ink Med Intensity (50%), Coated Digital (0%)",St. Catharines,11.03,7.09,6.08,,0.0,0,False,2026-07-28,Glued,08/18-ASTR01,"N,E",14830 - ETERNA C3-E,"Dig Ink Med Intensity
Coated Digital",08/18-ASTR01,,,
365891,5035455,21,2026-08-18,500,1,256,0,0,0,0,1.0,0,,Interpac Corrugator,500,5484.0,2742.0,500.0,550,12853,,,2026-08-21,0,2742.0,190617,2026-08-21,E,Flat Bed Die Cut,,Nozomi Digital 1 Side Print,1,3,,2.0,1,1,0,39.0,40.08,0,0.0,"PKG-PUPTKYBEEF12
11-3/16 x 7-9/16 x 6-1/2
Flat Bed Die Cut, Glued, 
Digital 1 Side 
E32 Coated W",Iron,,0,,,1.0,0,0,0,True,0,,Regular,False,0,0,E32 Coated White 1S,CRB,2026-07-28 12:47:26,,0,False,0,0,,,,1,65,0,12,0,GI,"Dig Ink Med Intensity (50%), Coated Digital (0%)",St. Catharines,11.03,7.09,6.08,,0.0,0,False,2026-07-28,Glued,07/31-ASTR01,"N,E",14830 - ETERNA C3-E,"Dig Ink Med Intensity
Coated Digital",07/31-ASTR01,189.0,2026-08-18,
365892,5035455,21,2026-08-18,500,10,189,1,10,1,10778,1.0,0,,Nozomi Digital Printer,500,5484.0,2742.0,500.0,550,12853,,,2026-08-21,0,2742.0,190617,2026-08-21,E,Flat Bed Die Cut,N,Nozomi Digital 1 Side Print,1,3,,2.0,3,1,0,39.0,40.08,0,13.0,"PKG-PUPTKYBEEF12
11-3/16 x 7-9/16 x 6-1/2
Flat Bed Die Cut, Glued, 
Digital 1 Side 
E32 Coated W",Iron,,0,,,1.0,0,0,0,True,1,,Regular,False,1,0,E32 Coated White 1S,CRB,2026-07-28 12:47:26,,0,False,0,0,,NAZ,,1,65,0,12,0,GI,"Dig Ink Med Intensity (50%), Coated Digital (0%)",St. Catharines,11.03,7.09,6.08,,0.0,0,False,2026-07-28,Glued,07/31-ASTR01,"N,E",14830 - ETERNA C3-E,"Dig Ink Med Intensity
Coated Digital",07/31-ASTR01,213.0,2026-08-19,17.0
365893,5035455,21,2026-08-19,500,20,213,1,25,1,5040,2.0,0,,Eterna,500,5484.0,2742.0,250.0,550,12853,,,2026-08-21,0,2742.0,190617,2026-08-21,E,Flat Bed Die Cut,E,Nozomi Digital 1 Side Print,1,3,,2.0,3,1,0,39.0,40.08,0,31.0,"PKG-PUPTKYBEEF12
11-3/16 x 7-9/16 x 6-1/2
Flat Bed Die Cut, Glued, 
Digital 1 Side 
E32 Coated W",Iron,,0,,,1.0,0,0,0,True,0,,Regular,False,3,0,E32 Coated White 1S,CRB,2026-07-28 12:47:26,,0,False,0,0,,Eterna,,1,65,0,12,0,GI,"Dig Ink Med Intensity (50%), Coated Digital (0%)",St. Catharines,11.03,7.09,6.08,,0.0,0,False,2026-07-28,Glued,07/31-ASTR01,"N,E",14830 - ETERNA C3-E,"Dig Ink Med Intensity
>>>>>>> 3d7f0d50c55d01c676d7c4bff56f84cbc3a91754
Coated Digital",07/31-ASTR01,257.0,2026-08-20,51.0
365894,5035455,21,2026-08-20,500,40,257,1,0,1,0,1.0,0,,Astrapac - Glue,500,5484.0,2742.0,500.0,550,12853,,,2026-08-21,0,2742.0,190617,2026-08-21,E,Flat Bed Die Cut,,Nozomi Digital 1 Side Print,1,3,,2.0,0,1,0,39.0,40.08,0,0.0,"PKG-PUPTKYBEEF12
11-3/16 x 7-9/16 x 6-1/2
Flat Bed Die Cut, Glued, 
Digital 1 Side 
<<<<<<< HEAD
E32 Coated W",Iron,,0,,,1.0,0,0,0,True,0,,Regular,False,0,0,E32 Coated White 1S,CRB,2026-07-28 12:47:26,,0,False,0,0,,,,1,65,0,12,0,GI,"Dig Ink Med Intensity (50%), Coated Digital (0%)",St. Catharines,11.03,7.09,6.08,,1.0,0,False,2026-07-28,Glued,07/31-ASTR01,"ContainerCorp,N,E",14830 - ETERNA C3-E,"Dig Ink Med Intensity
=======
E32 Coated W",Iron,,0,,,1.0,0,0,0,True,0,,Regular,False,0,0,E32 Coated White 1S,CRB,2026-07-28 12:47:26,,0,False,0,0,,,,1,65,0,12,0,GI,"Dig Ink Med Intensity (50%), Coated Digital (0%)",St. Catharines,11.03,7.09,6.08,,0.0,0,False,2026-07-28,Glued,07/31-ASTR01,"N,E",14830 - ETERNA C3-E,"Dig Ink Med Intensity
>>>>>>> 3d7f0d50c55d01c676d7c4bff56f84cbc3a91754
Coated Digital",07/31-ASTR01,238.0,2026-08-20,
365895,5035455,21,2026-08-20,500,50,238,1,0,1,0,1.0,0,,Pack & Protect A-2,500,5484.0,2742.0,500.0,550,12853,,,2026-08-21,0,2742.0,190617,2026-08-21,E,Flat Bed Die Cut,,Nozomi Digital 1 Side Print,1,3,,2.0,5,1,0,39.0,40.08,0,0.0,"PKG-PUPTKYBEEF12
11-3/16 x 7-9/16 x 6-1/2
Flat Bed Die Cut, Glued, 
Digital 1 Side 
<<<<<<< HEAD
E32 Coated W",Iron,,0,,,1.0,0,0,0,True,0,,Regular,False,6,0,E32 Coated White 1S,CRB,2026-07-28 12:47:26,,0,False,0,0,,,,1,65,0,12,0,GI,"Dig Ink Med Intensity (50%), Coated Digital (0%)",St. Catharines,11.03,7.09,6.08,,1.0,0,False,2026-07-28,Glued,07/31-ASTR01,"ContainerCorp,N,E",14830 - ETERNA C3-E,"Dig Ink Med Intensity
Coated Digital",07/31-ASTR01,,,
365901,5035455,23,2026-08-14,100,1,178,0,0,0,0,1.0,0,,Container Corp,1500,5484.0,8226.0,1500.0,1650,12853,,,2026-08-21,0,8226.0,190621,2026-08-21,E,Flat Bed Die Cut,Container Corp,Nozomi Digital 1 Side Print,1,3,,2.0,7,1,0,39.0,40.08,0,0.0,"PKG-OGTURKEY12
11-3/16 x 7-9/16 x 6-1/2
Flat Bed Die Cut, Glued, 
Digital 1 Side 
E32 Coated Whi",Iron,,0,,,1.0,0,0,0,True,0,,Regular,False,0,0,E32 Coated White 1S,OT,2026-07-28 12:47:26,,0,False,0,0,,,,1,65,0,12,0,GI,"Dig Ink Med Intensity (50%), Coated Digital (0%)",St. Catharines,11.03,7.09,6.08,,1.0,0,False,2026-07-28,Glued,No P.O.,"ContainerCorp,N,E",14830 - ETERNA C3-E,"Dig Ink Med Intensity
Coated Digital",No P.O.,189.0,2026-08-11,
365903,5035455,23,2026-08-17,400,20,213,1,25,1,5040,2.0,0,,Eterna,1500,5484.0,8226.0,750.0,1650,12853,,,2026-08-21,0,8226.0,190621,2026-08-21,E,Flat Bed Die Cut,E,Nozomi Digital 1 Side Print,1,3,,2.0,3,1,0,39.0,40.08,0,43.0,"PKG-OGTURKEY12
11-3/16 x 7-9/16 x 6-1/2
Flat Bed Die Cut, Glued, 
Digital 1 Side 
E32 Coated Whi",Iron,,0,,,1.0,0,0,0,True,0,,Regular,False,3,0,E32 Coated White 1S,OT,2026-07-28 12:47:26,,0,False,0,0,,Eterna,,1,65,0,12,0,GI,"Dig Ink Med Intensity (50%), Coated Digital (0%)",St. Catharines,11.03,7.09,6.08,,1.0,0,False,2026-07-28,Glued,No P.O.,"ContainerCorp,N,E",14830 - ETERNA C3-E,"Dig Ink Med Intensity
=======
E32 Coated W",Iron,,0,,,1.0,0,0,0,True,0,,Regular,False,6,0,E32 Coated White 1S,CRB,2026-07-28 12:47:26,,0,False,0,0,,,,1,65,0,12,0,GI,"Dig Ink Med Intensity (50%), Coated Digital (0%)",St. Catharines,11.03,7.09,6.08,,0.0,0,False,2026-07-28,Glued,07/31-ASTR01,"N,E",14830 - ETERNA C3-E,"Dig Ink Med Intensity
Coated Digital",07/31-ASTR01,,,
365901,5035455,23,2026-08-18,500,1,256,0,0,0,0,1.0,0,,Interpac Corrugator,1500,5484.0,8226.0,1500.0,1650,12853,,,2026-08-21,0,8226.0,190621,2026-08-21,E,Flat Bed Die Cut,,Nozomi Digital 1 Side Print,1,3,,2.0,1,1,0,39.0,40.08,0,0.0,"PKG-OGTURKEY12
11-3/16 x 7-9/16 x 6-1/2
Flat Bed Die Cut, Glued, 
Digital 1 Side 
E32 Coated Whi",Iron,,0,,,1.0,0,0,0,True,0,,Regular,False,0,0,E32 Coated White 1S,OT,2026-07-28 12:47:26,,0,False,0,0,,,,1,65,0,12,0,GI,"Dig Ink Med Intensity (50%), Coated Digital (0%)",St. Catharines,11.03,7.09,6.08,,0.0,0,False,2026-07-28,Glued,No P.O.,"N,E",14830 - ETERNA C3-E,"Dig Ink Med Intensity
Coated Digital",No P.O.,189.0,2026-08-18,
365902,5035455,23,2026-08-18,500,10,189,1,10,1,10778,1.0,0,,Nozomi Digital Printer,1500,5484.0,8226.0,1500.0,1650,12853,,,2026-08-21,0,8226.0,190621,2026-08-21,E,Flat Bed Die Cut,N,Nozomi Digital 1 Side Print,1,3,,2.0,3,1,0,39.0,40.08,0,18.0,"PKG-OGTURKEY12
11-3/16 x 7-9/16 x 6-1/2
Flat Bed Die Cut, Glued, 
Digital 1 Side 
E32 Coated Whi",Iron,,0,,,1.0,0,0,0,True,1,,Regular,False,1,0,E32 Coated White 1S,OT,2026-07-28 12:47:26,,0,False,0,0,,NAZ,,1,65,0,12,0,GI,"Dig Ink Med Intensity (50%), Coated Digital (0%)",St. Catharines,11.03,7.09,6.08,,0.0,0,False,2026-07-28,Glued,No P.O.,"N,E",14830 - ETERNA C3-E,"Dig Ink Med Intensity
Coated Digital",No P.O.,213.0,2026-08-19,40.0
365903,5035455,23,2026-08-19,500,20,213,1,25,1,5040,2.0,0,,Eterna,1500,5484.0,8226.0,750.0,1650,12853,,,2026-08-21,0,8226.0,190621,2026-08-21,E,Flat Bed Die Cut,E,Nozomi Digital 1 Side Print,1,3,,2.0,3,1,0,39.0,40.08,0,43.0,"PKG-OGTURKEY12
11-3/16 x 7-9/16 x 6-1/2
Flat Bed Die Cut, Glued, 
Digital 1 Side 
E32 Coated Whi",Iron,,0,,,1.0,0,0,0,True,0,,Regular,False,3,0,E32 Coated White 1S,OT,2026-07-28 12:47:26,,0,False,0,0,,Eterna,,1,65,0,12,0,GI,"Dig Ink Med Intensity (50%), Coated Digital (0%)",St. Catharines,11.03,7.09,6.08,,0.0,0,False,2026-07-28,Glued,No P.O.,"N,E",14830 - ETERNA C3-E,"Dig Ink Med Intensity
>>>>>>> 3d7f0d50c55d01c676d7c4bff56f84cbc3a91754
Coated Digital",No P.O.,257.0,2026-08-20,87.0
365904,5035455,23,2026-08-20,500,40,257,1,0,1,0,1.0,0,,Astrapac - Glue,1500,5484.0,8226.0,1500.0,1650,12853,,,2026-08-21,0,8226.0,190621,2026-08-21,E,Flat Bed Die Cut,,Nozomi Digital 1 Side Print,1,3,,2.0,0,1,0,39.0,40.08,0,0.0,"PKG-OGTURKEY12
11-3/16 x 7-9/16 x 6-1/2
Flat Bed Die Cut, Glued, 
Digital 1 Side 
<<<<<<< HEAD
E32 Coated Whi",Iron,,0,,,1.0,0,0,0,True,0,,Regular,False,0,0,E32 Coated White 1S,OT,2026-07-28 12:47:26,,0,False,0,0,,,,1,65,0,12,0,GI,"Dig Ink Med Intensity (50%), Coated Digital (0%)",St. Catharines,11.03,7.09,6.08,,1.0,0,False,2026-07-28,Glued,No P.O.,"ContainerCorp,N,E",14830 - ETERNA C3-E,"Dig Ink Med Intensity
=======
E32 Coated Whi",Iron,,0,,,1.0,0,0,0,True,0,,Regular,False,0,0,E32 Coated White 1S,OT,2026-07-28 12:47:26,,0,False,0,0,,,,1,65,0,12,0,GI,"Dig Ink Med Intensity (50%), Coated Digital (0%)",St. Catharines,11.03,7.09,6.08,,0.0,0,False,2026-07-28,Glued,No P.O.,"N,E",14830 - ETERNA C3-E,"Dig Ink Med Intensity
>>>>>>> 3d7f0d50c55d01c676d7c4bff56f84cbc3a91754
Coated Digital",No P.O.,238.0,2026-08-20,
365905,5035455,23,2026-08-20,500,50,238,1,0,1,0,1.0,0,,Pack & Protect A-2,1500,5484.0,8226.0,1500.0,1650,12853,,,2026-08-21,0,8226.0,190621,2026-08-21,E,Flat Bed Die Cut,,Nozomi Digital 1 Side Print,1,3,,2.0,5,1,0,39.0,40.08,0,0.0,"PKG-OGTURKEY12
11-3/16 x 7-9/16 x 6-1/2
Flat Bed Die Cut, Glued, 
Digital 1 Side 
<<<<<<< HEAD
E32 Coated Whi",Iron,,0,,,1.0,0,0,0,True,0,,Regular,False,6,0,E32 Coated White 1S,OT,2026-07-28 12:47:26,,0,False,0,0,,,,1,65,0,12,0,GI,"Dig Ink Med Intensity (50%), Coated Digital (0%)",St. Catharines,11.03,7.09,6.08,,1.0,0,False,2026-07-28,Glued,No P.O.,"ContainerCorp,N,E",14830 - ETERNA C3-E,"Dig Ink Med Intensity
Coated Digital",No P.O.,,,
365881,5035455,19,2026-08-14,100,1,178,0,0,0,0,1.0,0,,Container Corp,500,5484.0,2742.0,500.0,550,12853,,,2026-08-21,0,2742.0,190624,2026-08-21,E,Flat Bed Die Cut,Container Corp,Nozomi Digital 1 Side Print,1,3,,2.0,7,1,0,39.0,40.08,0,0.0,"PKG-PF12
11-3/16 x 7-9/16 x 6-1/2
Flat Bed Die Cut, Glued, 
Digital 1 Side 
E32 Coated White 1 S",Iron,,0,,,1.0,0,0,0,True,0,,Regular,False,0,0,E32 Coated White 1S,CRB,2026-07-28 12:47:26,,0,False,0,0,,,,1,65,0,12,0,GI,"Dig Ink Med Intensity (50%), Coated Digital (0%)",St. Catharines,11.03,7.09,6.08,,1.0,0,False,2026-07-28,Glued,08/18-ASTR01,"ContainerCorp,N,E",14830 - ETERNA C3-E,"Dig Ink Med Intensity
Coated Digital",08/18-ASTR01,189.0,2026-08-11,
365883,5035455,19,2026-08-17,400,20,213,1,25,1,5040,2.0,0,,Eterna,500,5484.0,2742.0,250.0,550,12853,,,2026-08-21,0,2742.0,190624,2026-08-21,E,Flat Bed Die Cut,E,Nozomi Digital 1 Side Print,1,3,,2.0,3,1,0,39.0,40.08,0,31.0,"PKG-PF12
11-3/16 x 7-9/16 x 6-1/2
Flat Bed Die Cut, Glued, 
Digital 1 Side 
E32 Coated White 1 S",Iron,,0,,,1.0,0,0,0,True,0,,Regular,False,3,0,E32 Coated White 1S,CRB,2026-07-28 12:47:26,,0,False,0,0,,Eterna,,1,65,0,12,0,GI,"Dig Ink Med Intensity (50%), Coated Digital (0%)",St. Catharines,11.03,7.09,6.08,,1.0,0,False,2026-07-28,Glued,08/18-ASTR01,"ContainerCorp,N,E",14830 - ETERNA C3-E,"Dig Ink Med Intensity
Coated Digital",08/18-ASTR01,257.0,2026-08-20,31.0
365884,5035455,19,2026-08-20,500,40,257,1,0,1,0,1.0,0,,Astrapac - Glue,500,5484.0,2742.0,500.0,550,12853,,,2026-08-21,0,2742.0,190624,2026-08-21,E,Flat Bed Die Cut,,Nozomi Digital 1 Side Print,1,3,,2.0,0,1,0,39.0,40.08,0,0.0,"PKG-PF12
11-3/16 x 7-9/16 x 6-1/2
Flat Bed Die Cut, Glued, 
Digital 1 Side 
E32 Coated White 1 S",Iron,,0,,,1.0,0,0,0,True,0,,Regular,False,0,0,E32 Coated White 1S,CRB,2026-07-28 12:47:26,,0,False,0,0,,,,1,65,0,12,0,GI,"Dig Ink Med Intensity (50%), Coated Digital (0%)",St. Catharines,11.03,7.09,6.08,,1.0,0,False,2026-07-28,Glued,08/18-ASTR01,"ContainerCorp,N,E",14830 - ETERNA C3-E,"Dig Ink Med Intensity
Coated Digital",08/18-ASTR01,238.0,2026-08-20,
365885,5035455,19,2026-08-20,500,50,238,1,0,1,0,1.0,0,,Pack & Protect A-2,500,5484.0,2742.0,500.0,550,12853,,,2026-08-21,0,2742.0,190624,2026-08-21,E,Flat Bed Die Cut,,Nozomi Digital 1 Side Print,1,3,,2.0,5,1,0,39.0,40.08,0,0.0,"PKG-PF12
11-3/16 x 7-9/16 x 6-1/2
Flat Bed Die Cut, Glued, 
Digital 1 Side 
E32 Coated White 1 S",Iron,,0,,,1.0,0,0,0,True,0,,Regular,False,6,0,E32 Coated White 1S,CRB,2026-07-28 12:47:26,,0,False,0,0,,,,1,65,0,12,0,GI,"Dig Ink Med Intensity (50%), Coated Digital (0%)",St. Catharines,11.03,7.09,6.08,,1.0,0,False,2026-07-28,Glued,08/18-ASTR01,"ContainerCorp,N,E",14830 - ETERNA C3-E,"Dig Ink Med Intensity
Coated Digital",08/18-ASTR01,,,
365896,5035455,22,2026-08-14,100,1,178,0,0,0,0,1.0,0,,Container Corp,500,5484.0,2742.0,500.0,550,12853,,,2026-08-21,0,2742.0,190625,2026-08-21,E,Flat Bed Die Cut,Container Corp,Nozomi Digital 1 Side Print,1,3,,2.0,7,1,0,39.0,40.08,0,0.0,"PKG-RMM12
11-3/16 x 7-9/16 x 6-1/2
Flat Bed Die Cut, Glued, 
Digital 1 Side 
E32 Coated White 1",Iron,,0,,,1.0,0,0,0,True,0,,Regular,False,0,0,E32 Coated White 1S,CRB,2026-07-28 12:47:26,,0,False,0,0,,,,1,65,0,12,0,GI,"Dig Ink Med Intensity (50%), Coated Digital (0%)",St. Catharines,11.03,7.09,6.08,,1.0,0,False,2026-07-28,Glued,No P.O.,"ContainerCorp,N,E",14830 - ETERNA C3-E,"Dig Ink Med Intensity
Coated Digital",No P.O.,189.0,2026-08-11,
365898,5035455,22,2026-08-17,400,20,213,1,25,1,5040,2.0,0,,Eterna,500,5484.0,2742.0,250.0,550,12853,,,2026-08-21,0,2742.0,190625,2026-08-21,E,Flat Bed Die Cut,E,Nozomi Digital 1 Side Print,1,3,,2.0,3,1,0,39.0,40.08,0,31.0,"PKG-RMM12
11-3/16 x 7-9/16 x 6-1/2
Flat Bed Die Cut, Glued, 
Digital 1 Side 
E32 Coated White 1",Iron,,0,,,1.0,0,0,0,True,0,,Regular,False,3,0,E32 Coated White 1S,CRB,2026-07-28 12:47:26,,0,False,0,0,,Eterna,,1,65,0,12,0,GI,"Dig Ink Med Intensity (50%), Coated Digital (0%)",St. Catharines,11.03,7.09,6.08,,1.0,0,False,2026-07-28,Glued,No P.O.,"ContainerCorp,N,E",14830 - ETERNA C3-E,"Dig Ink Med Intensity
Coated Digital",No P.O.,257.0,2026-08-20,70.0
365899,5035455,22,2026-08-20,500,40,257,1,0,1,0,1.0,0,,Astrapac - Glue,500,5484.0,2742.0,500.0,550,12853,,,2026-08-21,0,2742.0,190625,2026-08-21,E,Flat Bed Die Cut,,Nozomi Digital 1 Side Print,1,3,,2.0,0,1,0,39.0,40.08,0,0.0,"PKG-RMM12
11-3/16 x 7-9/16 x 6-1/2
Flat Bed Die Cut, Glued, 
Digital 1 Side 
E32 Coated White 1",Iron,,0,,,1.0,0,0,0,True,0,,Regular,False,0,0,E32 Coated White 1S,CRB,2026-07-28 12:47:26,,0,False,0,0,,,,1,65,0,12,0,GI,"Dig Ink Med Intensity (50%), Coated Digital (0%)",St. Catharines,11.03,7.09,6.08,,1.0,0,False,2026-07-28,Glued,No P.O.,"ContainerCorp,N,E",14830 - ETERNA C3-E,"Dig Ink Med Intensity
Coated Digital",No P.O.,238.0,2026-08-20,
=======
E32 Coated Whi",Iron,,0,,,1.0,0,0,0,True,0,,Regular,False,6,0,E32 Coated White 1S,OT,2026-07-28 12:47:26,,0,False,0,0,,,,1,65,0,12,0,GI,"Dig Ink Med Intensity (50%), Coated Digital (0%)",St. Catharines,11.03,7.09,6.08,,0.0,0,False,2026-07-28,Glued,No P.O.,"N,E",14830 - ETERNA C3-E,"Dig Ink Med Intensity
Coated Digital",No P.O.,,,
365881,5035455,19,2026-08-18,500,1,256,0,0,0,0,1.0,0,,Interpac Corrugator,500,5484.0,2742.0,500.0,550,12853,,,2026-08-21,0,2742.0,190624,2026-08-21,E,Flat Bed Die Cut,,Nozomi Digital 1 Side Print,1,3,,2.0,1,1,0,39.0,40.08,0,0.0,"PKG-PF12
11-3/16 x 7-9/16 x 6-1/2
Flat Bed Die Cut, Glued, 
Digital 1 Side 
E32 Coated White 1 S",Iron,,0,,,1.0,0,0,0,True,0,,Regular,False,0,0,E32 Coated White 1S,CRB,2026-07-28 12:47:26,,0,False,0,0,,,,1,65,0,12,0,GI,"Dig Ink Med Intensity (50%), Coated Digital (0%)",St. Catharines,11.03,7.09,6.08,,0.0,0,False,2026-07-28,Glued,08/18-ASTR01,"N,E",14830 - ETERNA C3-E,"Dig Ink Med Intensity
Coated Digital",08/18-ASTR01,189.0,2026-08-18,
365883,5035455,19,2026-08-19,500,20,213,1,25,1,5040,2.0,0,,Eterna,500,5484.0,2742.0,250.0,550,12853,,,2026-08-21,0,2742.0,190624,2026-08-21,E,Flat Bed Die Cut,E,Nozomi Digital 1 Side Print,1,3,,2.0,3,1,0,39.0,40.08,0,31.0,"PKG-PF12
11-3/16 x 7-9/16 x 6-1/2
Flat Bed Die Cut, Glued, 
Digital 1 Side 
E32 Coated White 1 S",Iron,,0,,,1.0,0,0,0,True,0,,Regular,False,3,0,E32 Coated White 1S,CRB,2026-07-28 12:47:26,,0,False,0,0,,Eterna,,1,65,0,12,0,GI,"Dig Ink Med Intensity (50%), Coated Digital (0%)",St. Catharines,11.03,7.09,6.08,,0.0,0,False,2026-07-28,Glued,08/18-ASTR01,"N,E",14830 - ETERNA C3-E,"Dig Ink Med Intensity
Coated Digital",08/18-ASTR01,257.0,2026-08-20,31.0
365882,5035455,19,2026-08-18,500,10,189,1,10,1,10778,1.0,0,,Nozomi Digital Printer,500,5484.0,2742.0,500.0,550,12853,,,2026-08-21,0,2742.0,190624,2026-08-21,E,Flat Bed Die Cut,N,Nozomi Digital 1 Side Print,1,3,,2.0,3,1,0,39.0,40.08,0,13.0,"PKG-PF12
11-3/16 x 7-9/16 x 6-1/2
Flat Bed Die Cut, Glued, 
Digital 1 Side 
E32 Coated White 1 S",Iron,,0,,,1.0,0,0,0,True,1,,Regular,False,1,0,E32 Coated White 1S,CRB,2026-07-28 12:47:26,,0,False,0,0,,NAZ,,1,65,0,12,0,GI,"Dig Ink Med Intensity (50%), Coated Digital (0%)",St. Catharines,11.03,7.09,6.08,,0.0,0,False,2026-07-28,Glued,08/18-ASTR01,"N,E",14830 - ETERNA C3-E,"Dig Ink Med Intensity
Coated Digital",08/18-ASTR01,213.0,2026-08-19,50.0
365884,5035455,19,2026-08-20,500,40,257,1,0,1,0,1.0,0,,Astrapac - Glue,500,5484.0,2742.0,500.0,550,12853,,,2026-08-21,0,2742.0,190624,2026-08-21,E,Flat Bed Die Cut,,Nozomi Digital 1 Side Print,1,3,,2.0,0,1,0,39.0,40.08,0,0.0,"PKG-PF12
11-3/16 x 7-9/16 x 6-1/2
Flat Bed Die Cut, Glued, 
Digital 1 Side 
E32 Coated White 1 S",Iron,,0,,,1.0,0,0,0,True,0,,Regular,False,0,0,E32 Coated White 1S,CRB,2026-07-28 12:47:26,,0,False,0,0,,,,1,65,0,12,0,GI,"Dig Ink Med Intensity (50%), Coated Digital (0%)",St. Catharines,11.03,7.09,6.08,,0.0,0,False,2026-07-28,Glued,08/18-ASTR01,"N,E",14830 - ETERNA C3-E,"Dig Ink Med Intensity
Coated Digital",08/18-ASTR01,238.0,2026-08-20,
365885,5035455,19,2026-08-20,500,50,238,1,0,1,0,1.0,0,,Pack & Protect A-2,500,5484.0,2742.0,500.0,550,12853,,,2026-08-21,0,2742.0,190624,2026-08-21,E,Flat Bed Die Cut,,Nozomi Digital 1 Side Print,1,3,,2.0,5,1,0,39.0,40.08,0,0.0,"PKG-PF12
11-3/16 x 7-9/16 x 6-1/2
Flat Bed Die Cut, Glued, 
Digital 1 Side 
E32 Coated White 1 S",Iron,,0,,,1.0,0,0,0,True,0,,Regular,False,6,0,E32 Coated White 1S,CRB,2026-07-28 12:47:26,,0,False,0,0,,,,1,65,0,12,0,GI,"Dig Ink Med Intensity (50%), Coated Digital (0%)",St. Catharines,11.03,7.09,6.08,,0.0,0,False,2026-07-28,Glued,08/18-ASTR01,"N,E",14830 - ETERNA C3-E,"Dig Ink Med Intensity
Coated Digital",08/18-ASTR01,,,
365896,5035455,22,2026-08-18,500,1,256,0,0,0,0,1.0,0,,Interpac Corrugator,500,5484.0,2742.0,500.0,550,12853,,,2026-08-21,0,2742.0,190625,2026-08-21,E,Flat Bed Die Cut,,Nozomi Digital 1 Side Print,1,3,,2.0,1,1,0,39.0,40.08,0,0.0,"PKG-RMM12
11-3/16 x 7-9/16 x 6-1/2
Flat Bed Die Cut, Glued, 
Digital 1 Side 
E32 Coated White 1",Iron,,0,,,1.0,0,0,0,True,0,,Regular,False,0,0,E32 Coated White 1S,CRB,2026-07-28 12:47:26,,0,False,0,0,,,,1,65,0,12,0,GI,"Dig Ink Med Intensity (50%), Coated Digital (0%)",St. Catharines,11.03,7.09,6.08,,0.0,0,False,2026-07-28,Glued,No P.O.,"N,E",14830 - ETERNA C3-E,"Dig Ink Med Intensity
Coated Digital",No P.O.,189.0,2026-08-18,
365897,5035455,22,2026-08-18,500,10,189,1,10,1,10778,1.0,0,,Nozomi Digital Printer,500,5484.0,2742.0,500.0,550,12853,,,2026-08-21,0,2742.0,190625,2026-08-21,E,Flat Bed Die Cut,N,Nozomi Digital 1 Side Print,1,3,,2.0,3,1,0,39.0,40.08,0,13.0,"PKG-RMM12
11-3/16 x 7-9/16 x 6-1/2
Flat Bed Die Cut, Glued, 
Digital 1 Side 
E32 Coated White 1",Iron,,0,,,1.0,0,0,0,True,1,,Regular,False,1,0,E32 Coated White 1S,CRB,2026-07-28 12:47:26,,0,False,0,0,,NAZ,,1,65,0,12,0,GI,"Dig Ink Med Intensity (50%), Coated Digital (0%)",St. Catharines,11.03,7.09,6.08,,0.0,0,False,2026-07-28,Glued,No P.O.,"N,E",14830 - ETERNA C3-E,"Dig Ink Med Intensity
Coated Digital",No P.O.,213.0,2026-08-19,21.0
365898,5035455,22,2026-08-19,500,20,213,1,25,1,5040,2.0,0,,Eterna,500,5484.0,2742.0,250.0,550,12853,,,2026-08-21,0,2742.0,190625,2026-08-21,E,Flat Bed Die Cut,E,Nozomi Digital 1 Side Print,1,3,,2.0,3,1,0,39.0,40.08,0,31.0,"PKG-RMM12
11-3/16 x 7-9/16 x 6-1/2
Flat Bed Die Cut, Glued, 
Digital 1 Side 
E32 Coated White 1",Iron,,0,,,1.0,0,0,0,True,0,,Regular,False,3,0,E32 Coated White 1S,CRB,2026-07-28 12:47:26,,0,False,0,0,,Eterna,,1,65,0,12,0,GI,"Dig Ink Med Intensity (50%), Coated Digital (0%)",St. Catharines,11.03,7.09,6.08,,0.0,0,False,2026-07-28,Glued,No P.O.,"N,E",14830 - ETERNA C3-E,"Dig Ink Med Intensity
Coated Digital",No P.O.,257.0,2026-08-20,70.0
>>>>>>> 3d7f0d50c55d01c676d7c4bff56f84cbc3a91754
365900,5035455,22,2026-08-20,500,50,238,1,0,1,0,1.0,0,,Pack & Protect A-2,500,5484.0,2742.0,500.0,550,12853,,,2026-08-21,0,2742.0,190625,2026-08-21,E,Flat Bed Die Cut,,Nozomi Digital 1 Side Print,1,3,,2.0,5,1,0,39.0,40.08,0,0.0,"PKG-RMM12
11-3/16 x 7-9/16 x 6-1/2
Flat Bed Die Cut, Glued, 
Digital 1 Side 
<<<<<<< HEAD
E32 Coated White 1",Iron,,0,,,1.0,0,0,0,True,0,,Regular,False,6,0,E32 Coated White 1S,CRB,2026-07-28 12:47:26,,0,False,0,0,,,,1,65,0,12,0,GI,"Dig Ink Med Intensity (50%), Coated Digital (0%)",St. Catharines,11.03,7.09,6.08,,1.0,0,False,2026-07-28,Glued,No P.O.,"ContainerCorp,N,E",14830 - ETERNA C3-E,"Dig Ink Med Intensity
Coated Digital",No P.O.,,,
365836,5035455,10,2026-08-14,100,1,178,0,0,0,0,1.0,0,,Container Corp,1000,5484.0,5484.0,1000.0,1100,12853,,,2026-08-21,0,5484.0,190780,2026-08-21,E,Flat Bed Die Cut,Container Corp,Nozomi Digital 1 Side Print,1,3,,2.0,7,1,0,39.0,40.08,0,0.0,"CNK912
11-3/16 x 7-9/16 x 6-1/2
Flat Bed Die Cut, Glued, 
Digital 1 Side 
E32 Coated White 1 S",Iron,,0,,,1.0,0,0,0,True,0,,Regular,False,0,0,E32 Coated White 1S,CRB,2026-07-28 12:47:26,,0,False,0,0,,,,1,65,0,12,0,GI,"Dig Ink Med Intensity (50%), Coated Digital (0%)",St. Catharines,11.03,7.09,6.08,,1.0,0,False,2026-07-28,Glued,08/18-ASTR01,"ContainerCorp,N,E",14830 - ETERNA C3-E,"Dig Ink Med Intensity
Coated Digital",08/18-ASTR01,189.0,2026-08-10,
365838,5035455,10,2026-08-17,400,20,213,1,25,1,5040,2.0,0,,Eterna,1000,5484.0,5484.0,500.0,1100,12853,,,2026-08-21,0,5484.0,190780,2026-08-21,E,Flat Bed Die Cut,E,Nozomi Digital 1 Side Print,1,3,,2.0,3,1,0,39.0,40.08,0,37.0,"CNK912
11-3/16 x 7-9/16 x 6-1/2
Flat Bed Die Cut, Glued, 
Digital 1 Side 
E32 Coated White 1 S",Iron,,0,,,1.0,0,0,0,True,0,,Regular,False,3,0,E32 Coated White 1S,CRB,2026-07-28 12:47:26,,0,False,0,0,,Eterna,,1,65,0,12,0,GI,"Dig Ink Med Intensity (50%), Coated Digital (0%)",St. Catharines,11.03,7.09,6.08,,1.0,0,False,2026-07-28,Glued,08/18-ASTR01,"ContainerCorp,N,E",14830 - ETERNA C3-E,"Dig Ink Med Intensity
=======
E32 Coated White 1",Iron,,0,,,1.0,0,0,0,True,0,,Regular,False,6,0,E32 Coated White 1S,CRB,2026-07-28 12:47:26,,0,False,0,0,,,,1,65,0,12,0,GI,"Dig Ink Med Intensity (50%), Coated Digital (0%)",St. Catharines,11.03,7.09,6.08,,0.0,0,False,2026-07-28,Glued,No P.O.,"N,E",14830 - ETERNA C3-E,"Dig Ink Med Intensity
Coated Digital",No P.O.,,,
365899,5035455,22,2026-08-20,500,40,257,1,0,1,0,1.0,0,,Astrapac - Glue,500,5484.0,2742.0,500.0,550,12853,,,2026-08-21,0,2742.0,190625,2026-08-21,E,Flat Bed Die Cut,,Nozomi Digital 1 Side Print,1,3,,2.0,0,1,0,39.0,40.08,0,0.0,"PKG-RMM12
11-3/16 x 7-9/16 x 6-1/2
Flat Bed Die Cut, Glued, 
Digital 1 Side 
E32 Coated White 1",Iron,,0,,,1.0,0,0,0,True,0,,Regular,False,0,0,E32 Coated White 1S,CRB,2026-07-28 12:47:26,,0,False,0,0,,,,1,65,0,12,0,GI,"Dig Ink Med Intensity (50%), Coated Digital (0%)",St. Catharines,11.03,7.09,6.08,,0.0,0,False,2026-07-28,Glued,No P.O.,"N,E",14830 - ETERNA C3-E,"Dig Ink Med Intensity
Coated Digital",No P.O.,238.0,2026-08-20,
365836,5035455,10,2026-08-18,500,1,256,0,0,0,0,1.0,0,,Interpac Corrugator,1000,5484.0,5484.0,1000.0,1100,12853,,,2026-08-21,0,5484.0,190780,2026-08-21,E,Flat Bed Die Cut,,Nozomi Digital 1 Side Print,1,3,,2.0,1,1,0,39.0,40.08,0,0.0,"CNK912
11-3/16 x 7-9/16 x 6-1/2
Flat Bed Die Cut, Glued, 
Digital 1 Side 
E32 Coated White 1 S",Iron,,0,,,1.0,0,0,0,True,0,,Regular,False,0,0,E32 Coated White 1S,CRB,2026-07-28 12:47:26,,0,False,0,0,,,,1,65,0,12,0,GI,"Dig Ink Med Intensity (50%), Coated Digital (0%)",St. Catharines,11.03,7.09,6.08,,0.0,0,False,2026-07-28,Glued,08/18-ASTR01,"N,E",14830 - ETERNA C3-E,"Dig Ink Med Intensity
Coated Digital",08/18-ASTR01,189.0,2026-08-18,
365837,5035455,10,2026-08-18,500,10,189,1,10,1,10778,1.0,0,,Nozomi Digital Printer,1000,5484.0,5484.0,1000.0,1100,12853,,,2026-08-21,0,5484.0,190780,2026-08-21,E,Flat Bed Die Cut,N,Nozomi Digital 1 Side Print,1,3,,2.0,3,1,0,39.0,40.08,0,16.0,"CNK912
11-3/16 x 7-9/16 x 6-1/2
Flat Bed Die Cut, Glued, 
Digital 1 Side 
E32 Coated White 1 S",Iron,,0,,,1.0,0,0,0,True,1,,Regular,False,1,0,E32 Coated White 1S,CRB,2026-07-28 12:47:26,,0,False,0,0,,NAZ,,1,65,0,12,0,GI,"Dig Ink Med Intensity (50%), Coated Digital (0%)",St. Catharines,11.03,7.09,6.08,,0.0,0,False,2026-07-28,Glued,08/18-ASTR01,"N,E",14830 - ETERNA C3-E,"Dig Ink Med Intensity
Coated Digital",08/18-ASTR01,213.0,2026-08-19,28.0
365838,5035455,10,2026-08-19,500,20,213,1,25,1,5040,2.0,0,,Eterna,1000,5484.0,5484.0,500.0,1100,12853,,,2026-08-21,0,5484.0,190780,2026-08-21,E,Flat Bed Die Cut,E,Nozomi Digital 1 Side Print,1,3,,2.0,3,1,0,39.0,40.08,0,37.0,"CNK912
11-3/16 x 7-9/16 x 6-1/2
Flat Bed Die Cut, Glued, 
Digital 1 Side 
E32 Coated White 1 S",Iron,,0,,,1.0,0,0,0,True,0,,Regular,False,3,0,E32 Coated White 1S,CRB,2026-07-28 12:47:26,,0,False,0,0,,Eterna,,1,65,0,12,0,GI,"Dig Ink Med Intensity (50%), Coated Digital (0%)",St. Catharines,11.03,7.09,6.08,,0.0,0,False,2026-07-28,Glued,08/18-ASTR01,"N,E",14830 - ETERNA C3-E,"Dig Ink Med Intensity
>>>>>>> 3d7f0d50c55d01c676d7c4bff56f84cbc3a91754
Coated Digital",08/18-ASTR01,257.0,2026-08-20,60.0
365839,5035455,10,2026-08-20,500,40,257,1,0,1,0,1.0,0,,Astrapac - Glue,1000,5484.0,5484.0,1000.0,1100,12853,,,2026-08-21,0,5484.0,190780,2026-08-21,E,Flat Bed Die Cut,,Nozomi Digital 1 Side Print,1,3,,2.0,0,1,0,39.0,40.08,0,0.0,"CNK912
11-3/16 x 7-9/16 x 6-1/2
Flat Bed Die Cut, Glued, 
Digital 1 Side 
<<<<<<< HEAD
E32 Coated White 1 S",Iron,,0,,,1.0,0,0,0,True,0,,Regular,False,0,0,E32 Coated White 1S,CRB,2026-07-28 12:47:26,,0,False,0,0,,,,1,65,0,12,0,GI,"Dig Ink Med Intensity (50%), Coated Digital (0%)",St. Catharines,11.03,7.09,6.08,,1.0,0,False,2026-07-28,Glued,08/18-ASTR01,"ContainerCorp,N,E",14830 - ETERNA C3-E,"Dig Ink Med Intensity
=======
E32 Coated White 1 S",Iron,,0,,,1.0,0,0,0,True,0,,Regular,False,0,0,E32 Coated White 1S,CRB,2026-07-28 12:47:26,,0,False,0,0,,,,1,65,0,12,0,GI,"Dig Ink Med Intensity (50%), Coated Digital (0%)",St. Catharines,11.03,7.09,6.08,,0.0,0,False,2026-07-28,Glued,08/18-ASTR01,"N,E",14830 - ETERNA C3-E,"Dig Ink Med Intensity
>>>>>>> 3d7f0d50c55d01c676d7c4bff56f84cbc3a91754
Coated Digital",08/18-ASTR01,238.0,2026-08-20,
365840,5035455,10,2026-08-20,500,50,238,1,0,1,0,1.0,0,,Pack & Protect A-2,1000,5484.0,5484.0,1000.0,1100,12853,,,2026-08-21,0,5484.0,190780,2026-08-21,E,Flat Bed Die Cut,,Nozomi Digital 1 Side Print,1,3,,2.0,5,1,0,39.0,40.08,0,0.0,"CNK912
11-3/16 x 7-9/16 x 6-1/2
Flat Bed Die Cut, Glued, 
Digital 1 Side 
<<<<<<< HEAD
E32 Coated White 1 S",Iron,,0,,,1.0,0,0,0,True,0,,Regular,False,6,0,E32 Coated White 1S,CRB,2026-07-28 12:47:26,,0,False,0,0,,,,1,65,0,12,0,GI,"Dig Ink Med Intensity (50%), Coated Digital (0%)",St. Catharines,11.03,7.09,6.08,,1.0,0,False,2026-07-28,Glued,08/18-ASTR01,"ContainerCorp,N,E",14830 - ETERNA C3-E,"Dig Ink Med Intensity
Coated Digital",08/18-ASTR01,,,
365811,5035455,5,2026-08-14,100,1,178,0,0,0,0,1.0,0,,Container Corp,1000,5484.0,5484.0,1000.0,1100,12853,,,2026-08-21,0,5484.0,190781,2026-08-21,E,Flat Bed Die Cut,Container Corp,Nozomi Digital 1 Side Print,1,3,,2.0,7,1,0,39.0,40.08,0,0.0,"CNCF12
11-3/16 x 7-9/16 x 6-1/2
Flat Bed Die Cut, Glued, 
Digital 1 Side 
E32 Coated White 1 S",Iron,,0,,,1.0,0,0,0,True,0,,Regular,False,0,0,E32 Coated White 1S,CRB,2026-07-28 12:47:26,,0,False,0,0,,,,1,65,0,12,0,GI,"Dig Ink Med Intensity (50%), Coated Digital (0%)",St. Catharines,11.03,7.09,6.08,,1.0,0,False,2026-07-28,Glued,08/18-ASTR01,"ContainerCorp,N,E",14830 - ETERNA C3-E,"Dig Ink Med Intensity
Coated Digital",08/18-ASTR01,189.0,2026-08-10,
365813,5035455,5,2026-08-14,400,20,213,1,25,1,5040,2.0,0,,Eterna,1000,5484.0,5484.0,500.0,1100,12853,,,2026-08-21,0,5484.0,190781,2026-08-21,E,Flat Bed Die Cut,E,Nozomi Digital 1 Side Print,1,3,,2.0,3,1,0,39.0,40.08,0,37.0,"CNCF12
11-3/16 x 7-9/16 x 6-1/2
Flat Bed Die Cut, Glued, 
Digital 1 Side 
E32 Coated White 1 S",Iron,,0,,,1.0,0,0,0,True,0,,Regular,False,3,0,E32 Coated White 1S,CRB,2026-07-28 12:47:26,,0,False,0,0,,Eterna,,1,65,0,12,0,GI,"Dig Ink Med Intensity (50%), Coated Digital (0%)",St. Catharines,11.03,7.09,6.08,,1.0,0,False,2026-07-28,Glued,08/18-ASTR01,"ContainerCorp,N,E",14830 - ETERNA C3-E,"Dig Ink Med Intensity
=======
E32 Coated White 1 S",Iron,,0,,,1.0,0,0,0,True,0,,Regular,False,6,0,E32 Coated White 1S,CRB,2026-07-28 12:47:26,,0,False,0,0,,,,1,65,0,12,0,GI,"Dig Ink Med Intensity (50%), Coated Digital (0%)",St. Catharines,11.03,7.09,6.08,,0.0,0,False,2026-07-28,Glued,08/18-ASTR01,"N,E",14830 - ETERNA C3-E,"Dig Ink Med Intensity
Coated Digital",08/18-ASTR01,,,
365811,5035455,5,2026-08-18,500,1,256,0,0,0,0,1.0,0,,Interpac Corrugator,1000,5484.0,5484.0,1000.0,1100,12853,,,2026-08-21,0,5484.0,190781,2026-08-21,E,Flat Bed Die Cut,,Nozomi Digital 1 Side Print,1,3,,2.0,1,1,0,39.0,40.08,0,0.0,"CNCF12
11-3/16 x 7-9/16 x 6-1/2
Flat Bed Die Cut, Glued, 
Digital 1 Side 
E32 Coated White 1 S",Iron,,0,,,1.0,0,0,0,True,0,,Regular,False,0,0,E32 Coated White 1S,CRB,2026-07-28 12:47:26,,0,False,0,0,,,,1,65,0,12,0,GI,"Dig Ink Med Intensity (50%), Coated Digital (0%)",St. Catharines,11.03,7.09,6.08,,0.0,0,False,2026-07-28,Glued,08/18-ASTR01,"N,E",14830 - ETERNA C3-E,"Dig Ink Med Intensity
Coated Digital",08/18-ASTR01,189.0,2026-08-18,
365812,5035455,5,2026-08-18,500,10,189,1,10,1,10778,1.0,0,,Nozomi Digital Printer,1000,5484.0,5484.0,1000.0,1100,12853,,,2026-08-21,0,5484.0,190781,2026-08-21,E,Flat Bed Die Cut,N,Nozomi Digital 1 Side Print,1,3,,2.0,3,1,0,39.0,40.08,0,16.0,"CNCF12
11-3/16 x 7-9/16 x 6-1/2
Flat Bed Die Cut, Glued, 
Digital 1 Side 
E32 Coated White 1 S",Iron,,0,,,1.0,0,0,0,True,1,,Regular,False,1,0,E32 Coated White 1S,CRB,2026-07-28 12:47:26,,0,False,0,0,,NAZ,,1,65,0,12,0,GI,"Dig Ink Med Intensity (50%), Coated Digital (0%)",St. Catharines,11.03,7.09,6.08,,0.0,0,False,2026-07-28,Glued,08/18-ASTR01,"N,E",14830 - ETERNA C3-E,"Dig Ink Med Intensity
Coated Digital",08/18-ASTR01,213.0,2026-08-19,46.0
365813,5035455,5,2026-08-19,500,20,213,1,25,1,5040,2.0,0,,Eterna,1000,5484.0,5484.0,500.0,1100,12853,,,2026-08-21,0,5484.0,190781,2026-08-21,E,Flat Bed Die Cut,E,Nozomi Digital 1 Side Print,1,3,,2.0,3,1,0,39.0,40.08,0,37.0,"CNCF12
11-3/16 x 7-9/16 x 6-1/2
Flat Bed Die Cut, Glued, 
Digital 1 Side 
E32 Coated White 1 S",Iron,,0,,,1.0,0,0,0,True,0,,Regular,False,3,0,E32 Coated White 1S,CRB,2026-07-28 12:47:26,,0,False,0,0,,Eterna,,1,65,0,12,0,GI,"Dig Ink Med Intensity (50%), Coated Digital (0%)",St. Catharines,11.03,7.09,6.08,,0.0,0,False,2026-07-28,Glued,08/18-ASTR01,"N,E",14830 - ETERNA C3-E,"Dig Ink Med Intensity
>>>>>>> 3d7f0d50c55d01c676d7c4bff56f84cbc3a91754
Coated Digital",08/18-ASTR01,257.0,2026-08-20,65.0
365814,5035455,5,2026-08-20,500,40,257,1,0,1,0,1.0,0,,Astrapac - Glue,1000,5484.0,5484.0,1000.0,1100,12853,,,2026-08-21,0,5484.0,190781,2026-08-21,E,Flat Bed Die Cut,,Nozomi Digital 1 Side Print,1,3,,2.0,0,1,0,39.0,40.08,0,0.0,"CNCF12
11-3/16 x 7-9/16 x 6-1/2
Flat Bed Die Cut, Glued, 
Digital 1 Side 
<<<<<<< HEAD
E32 Coated White 1 S",Iron,,0,,,1.0,0,0,0,True,0,,Regular,False,0,0,E32 Coated White 1S,CRB,2026-07-28 12:47:26,,0,False,0,0,,,,1,65,0,12,0,GI,"Dig Ink Med Intensity (50%), Coated Digital (0%)",St. Catharines,11.03,7.09,6.08,,1.0,0,False,2026-07-28,Glued,08/18-ASTR01,"ContainerCorp,N,E",14830 - ETERNA C3-E,"Dig Ink Med Intensity
=======
E32 Coated White 1 S",Iron,,0,,,1.0,0,0,0,True,0,,Regular,False,0,0,E32 Coated White 1S,CRB,2026-07-28 12:47:26,,0,False,0,0,,,,1,65,0,12,0,GI,"Dig Ink Med Intensity (50%), Coated Digital (0%)",St. Catharines,11.03,7.09,6.08,,0.0,0,False,2026-07-28,Glued,08/18-ASTR01,"N,E",14830 - ETERNA C3-E,"Dig Ink Med Intensity
>>>>>>> 3d7f0d50c55d01c676d7c4bff56f84cbc3a91754
Coated Digital",08/18-ASTR01,238.0,2026-08-20,
365815,5035455,5,2026-08-20,500,50,238,1,0,1,0,1.0,0,,Pack & Protect A-2,1000,5484.0,5484.0,1000.0,1100,12853,,,2026-08-21,0,5484.0,190781,2026-08-21,E,Flat Bed Die Cut,,Nozomi Digital 1 Side Print,1,3,,2.0,5,1,0,39.0,40.08,0,0.0,"CNCF12
11-3/16 x 7-9/16 x 6-1/2
Flat Bed Die Cut, Glued, 
Digital 1 Side 
<<<<<<< HEAD
E32 Coated White 1 S",Iron,,0,,,1.0,0,0,0,True,0,,Regular,False,6,0,E32 Coated White 1S,CRB,2026-07-28 12:47:26,,0,False,0,0,,,,1,65,0,12,0,GI,"Dig Ink Med Intensity (50%), Coated Digital (0%)",St. Catharines,11.03,7.09,6.08,,1.0,0,False,2026-07-28,Glued,08/18-ASTR01,"ContainerCorp,N,E",14830 - ETERNA C3-E,"Dig Ink Med Intensity
=======
E32 Coated White 1 S",Iron,,0,,,1.0,0,0,0,True,0,,Regular,False,6,0,E32 Coated White 1S,CRB,2026-07-28 12:47:26,,0,False,0,0,,,,1,65,0,12,0,GI,"Dig Ink Med Intensity (50%), Coated Digital (0%)",St. Catharines,11.03,7.09,6.08,,0.0,0,False,2026-07-28,Glued,08/18-ASTR01,"N,E",14830 - ETERNA C3-E,"Dig Ink Med Intensity
>>>>>>> 3d7f0d50c55d01c676d7c4bff56f84cbc3a91754
Coated Digital",08/18-ASTR01,,,
365831,5035455,9,2026-08-14,500,1,234,0,0,0,0,1.0,0,,Corrugator,2000,6624.0,13248.0,2000.0,2200,12853,,,2026-08-21,0,13248.0,190832,2026-08-21,C,Regular Slotted Carton,,Nozomi Digital 1 Side Print,1,3,,2.0,0,1,0,36.04,52.1,0,0.0,"24LB - CNCSP24
14 x 11-1/4 x 6-3/8 (2 Up)
RSC, Glued, 
Digital Print C Flute 
<<<<<<< HEAD
44 ECT Kraft WRA S",Iron,,0,,,1.0,0,0,0,True,0,,Regular,False,234,0,C44 K,CRB,2026-07-28 12:47:26,,0,False,0,0,275 C,,,1,65,0,12,0,GI,"Dig Ink Low Intensity (40%), Non-Coated Digital (0%)",St. Catharines,14.0,11.04,6.06,,1.0,0,False,2026-07-28,Glued,No P.O.,"N,Slitter,L",13864 - LANGSTON,"Dig Ink Low Intensity
Non-Coated Digital",No P.O.,189.0,2026-08-12,
=======
44 ECT Kraft WRA S",Iron,,0,,,1.0,0,0,0,True,0,,Regular,False,234,0,C44 K,CRB,2026-07-28 12:47:26,,0,False,0,0,275 C,,,1,65,0,12,0,GI,"Dig Ink Low Intensity (40%), Non-Coated Digital (0%)",St. Catharines,14.0,11.04,6.06,,0.0,0,False,2026-07-28,Glued,No P.O.,"N,Slitter,L",13864 - LANGSTON,"Dig Ink Low Intensity
Non-Coated Digital",No P.O.,189.0,2026-08-17,
365832,5035455,9,2026-08-17,500,5,189,1,10,1,9673,1.0,0,,Nozomi Digital Printer,2000,6624.0,13248.0,2000.0,2200,12853,,,2026-08-21,0,13248.0,190832,2026-08-21,C,Regular Slotted Carton,N,Nozomi Digital 1 Side Print,1,3,,2.0,3,1,0,36.04,52.1,0,22.0,"24LB - CNCSP24
14 x 11-1/4 x 6-3/8 (2 Up)
RSC, Glued, 
Digital Print C Flute 
44 ECT Kraft WRA S",Iron,,0,,,1.0,0,0,0,True,1,,Regular,False,1,0,C44 K,CRB,2026-07-28 12:47:26,,0,False,0,0,275 C,NAZ,,1,65,0,12,0,GI,"Dig Ink Low Intensity (40%), Non-Coated Digital (0%)",St. Catharines,14.0,11.04,6.06,,0.0,0,False,2026-07-28,Glued,No P.O.,"N,Slitter,L",13864 - LANGSTON,"Dig Ink Low Intensity
Non-Coated Digital",No P.O.,1.0,2026-08-18,52.0
>>>>>>> 3d7f0d50c55d01c676d7c4bff56f84cbc3a91754
365833,5035455,9,2026-08-18,500,15,1,1,15,1,3000,1.0,0,,"Slitter 90""",2000,6624.0,13248.0,2000.0,2200,12853,,,2026-08-21,0,13248.0,190832,2026-08-21,C,Regular Slotted Carton,Slitter,Nozomi Digital 1 Side Print,1,3,,2.0,8,1,0,36.04,52.1,0,55.0,"24LB - CNCSP24
14 x 11-1/4 x 6-3/8 (2 Up)
RSC, Glued, 
Digital Print C Flute 
<<<<<<< HEAD
44 ECT Kraft WRA S",Iron,,0,,,1.0,0,0,0,True,1,,Regular,False,14,0,C44 K,CRB,2026-07-28 12:47:26,,0,False,0,0,275 C,Slitter,,1,65,0,12,0,GI,"Dig Ink Low Intensity (40%), Non-Coated Digital (0%)",St. Catharines,14.0,11.04,6.06,,1.0,0,False,2026-07-28,Glued,No P.O.,"N,Slitter,L",13864 - LANGSTON,"Dig Ink Low Intensity
Non-Coated Digital",No P.O.,69.0,2026-08-20,233.0
365834,5035455,9,2026-08-20,500,25,69,1,50,1,4320,1.0,0,,Langston Saturn 50x110,2000,6624.0,13248.0,2000.0,2200,12853,,,2026-08-21,0,13248.0,190832,2026-08-21,C,Regular Slotted Carton,L,Nozomi Digital 1 Side Print,1,3,,2.0,3,1,0,36.04,52.1,0,78.0,"24LB - CNCSP24
14 x 11-1/4 x 6-3/8 (2 Up)
RSC, Glued, 
Digital Print C Flute 
44 ECT Kraft WRA S",Iron,,0,,,0.6,0,0,0,True,2,,Regular,False,1,0,C44 K,CRB,2026-07-28 12:47:26,,0,False,0,0,275 C,Langston,,1,65,0,12,0,GI,"Dig Ink Low Intensity (40%), Non-Coated Digital (0%)",St. Catharines,14.0,11.04,6.06,,1.0,0,False,2026-07-28,Glued,No P.O.,"N,Slitter,L",13864 - LANGSTON,"Dig Ink Low Intensity
Non-Coated Digital",No P.O.,238.0,2026-08-20,92.0
=======
44 ECT Kraft WRA S",Iron,,0,,,1.0,0,0,0,True,1,,Regular,False,14,0,C44 K,CRB,2026-07-28 12:47:26,,0,False,0,0,275 C,Slitter,,1,65,0,12,0,GI,"Dig Ink Low Intensity (40%), Non-Coated Digital (0%)",St. Catharines,14.0,11.04,6.06,,0.0,0,False,2026-07-28,Glued,No P.O.,"N,Slitter,L",13864 - LANGSTON,"Dig Ink Low Intensity
Non-Coated Digital",No P.O.,69.0,2026-08-19,233.0
365834,5035455,9,2026-08-19,500,25,69,1,50,1,4320,1.0,0,,Langston Saturn 50x110,2000,6624.0,13248.0,2000.0,2200,12853,,,2026-08-21,0,13248.0,190832,2026-08-21,C,Regular Slotted Carton,L,Nozomi Digital 1 Side Print,1,3,,2.0,3,1,0,36.04,52.1,0,78.0,"24LB - CNCSP24
14 x 11-1/4 x 6-3/8 (2 Up)
RSC, Glued, 
Digital Print C Flute 
44 ECT Kraft WRA S",Iron,,0,,,0.6,0,0,0,True,2,,Regular,False,1,0,C44 K,CRB,2026-07-28 12:47:26,,0,False,0,0,275 C,Langston,,1,65,0,12,0,GI,"Dig Ink Low Intensity (40%), Non-Coated Digital (0%)",St. Catharines,14.0,11.04,6.06,,0.0,0,False,2026-07-28,Glued,No P.O.,"N,Slitter,L",13864 - LANGSTON,"Dig Ink Low Intensity
Non-Coated Digital",No P.O.,238.0,2026-08-20,106.0
>>>>>>> 3d7f0d50c55d01c676d7c4bff56f84cbc3a91754
365835,5035455,9,2026-08-20,500,35,238,1,0,1,0,1.0,0,,Pack & Protect A-2,2000,6624.0,13248.0,2000.0,2200,12853,,,2026-08-21,0,13248.0,190832,2026-08-21,C,Regular Slotted Carton,,Nozomi Digital 1 Side Print,1,3,,2.0,5,1,0,36.04,52.1,0,0.0,"24LB - CNCSP24
14 x 11-1/4 x 6-3/8 (2 Up)
RSC, Glued, 
Digital Print C Flute 
<<<<<<< HEAD
44 ECT Kraft WRA S",Iron,,0,,,1.0,0,0,0,True,0,,Regular,False,6,0,C44 K,CRB,2026-07-28 12:47:26,,0,False,0,0,275 C,,,1,65,0,12,0,GI,"Dig Ink Low Intensity (40%), Non-Coated Digital (0%)",St. Catharines,14.0,11.04,6.06,,1.0,0,False,2026-07-28,Glued,No P.O.,"N,Slitter,L",13864 - LANGSTON,"Dig Ink Low Intensity
=======
44 ECT Kraft WRA S",Iron,,0,,,1.0,0,0,0,True,0,,Regular,False,6,0,C44 K,CRB,2026-07-28 12:47:26,,0,False,0,0,275 C,,,1,65,0,12,0,GI,"Dig Ink Low Intensity (40%), Non-Coated Digital (0%)",St. Catharines,14.0,11.04,6.06,,0.0,0,False,2026-07-28,Glued,No P.O.,"N,Slitter,L",13864 - LANGSTON,"Dig Ink Low Intensity
>>>>>>> 3d7f0d50c55d01c676d7c4bff56f84cbc3a91754
Non-Coated Digital",No P.O.,,,
365796,5035455,2,2026-08-14,500,1,234,0,0,0,0,1.0,0,,Corrugator,2000,6624.0,13248.0,2000.0,2200,12853,,,2026-08-21,0,13248.0,190834,2026-08-21,C,Regular Slotted Carton,,Nozomi Digital 1 Side Print,1,3,,2.0,0,1,0,36.04,52.1,0,0.0,"24LB - CNBPB24
14 x 11-1/4 x 6-3/8 (2 Up)
RSC, Glued, 
Digital Print C Flute 
<<<<<<< HEAD
44 ECT Kraft WRA S",Iron,,0,,,1.0,0,0,0,True,0,,Regular,False,234,0,C44 K,CRB,2026-07-28 12:47:26,,0,False,0,0,275 C,,,1,65,0,12,0,GI,"Dig Ink Low Intensity (40%), Non-Coated Digital (0%)",St. Catharines,14.0,11.04,6.06,,1.0,0,False,2026-07-28,Glued,No P.O.,"N,Slitter,L",13864 - LANGSTON,"Dig Ink Low Intensity
Non-Coated Digital",No P.O.,189.0,2026-08-11,
365798,5035455,2,2026-08-18,500,15,1,1,15,1,3000,1.0,0,,"Slitter 90""",2000,6624.0,13248.0,2000.0,2200,12853,,,2026-08-21,0,13248.0,190834,2026-08-21,C,Regular Slotted Carton,Slitter,Nozomi Digital 1 Side Print,1,3,,2.0,8,1,0,36.04,52.1,0,55.0,"24LB - CNBPB24
14 x 11-1/4 x 6-3/8 (2 Up)
RSC, Glued, 
Digital Print C Flute 
44 ECT Kraft WRA S",Iron,,0,,,1.0,0,0,0,True,1,,Regular,False,14,0,C44 K,CRB,2026-07-28 12:47:26,,0,False,0,0,275 C,Slitter,,1,65,0,12,0,GI,"Dig Ink Low Intensity (40%), Non-Coated Digital (0%)",St. Catharines,14.0,11.04,6.06,,1.0,0,False,2026-07-28,Glued,No P.O.,"N,Slitter,L",13864 - LANGSTON,"Dig Ink Low Intensity
Non-Coated Digital",No P.O.,69.0,2026-08-20,387.0
365799,5035455,2,2026-08-20,500,25,69,1,50,1,4320,1.0,0,,Langston Saturn 50x110,2000,6624.0,13248.0,2000.0,2200,12853,,,2026-08-21,0,13248.0,190834,2026-08-21,C,Regular Slotted Carton,L,Nozomi Digital 1 Side Print,1,3,,2.0,3,1,0,36.04,52.1,0,78.0,"24LB - CNBPB24
14 x 11-1/4 x 6-3/8 (2 Up)
RSC, Glued, 
Digital Print C Flute 
44 ECT Kraft WRA S",Iron,,0,,,0.6,0,0,0,True,2,,Regular,False,1,0,C44 K,CRB,2026-07-28 12:47:26,,0,False,0,0,275 C,Langston,,1,65,0,12,0,GI,"Dig Ink Low Intensity (40%), Non-Coated Digital (0%)",St. Catharines,14.0,11.04,6.06,,1.0,0,False,2026-07-28,Glued,No P.O.,"N,Slitter,L",13864 - LANGSTON,"Dig Ink Low Intensity
=======
44 ECT Kraft WRA S",Iron,,0,,,1.0,0,0,0,True,0,,Regular,False,234,0,C44 K,CRB,2026-07-28 12:47:26,,0,False,0,0,275 C,,,1,65,0,12,0,GI,"Dig Ink Low Intensity (40%), Non-Coated Digital (0%)",St. Catharines,14.0,11.04,6.06,,0.0,0,False,2026-07-28,Glued,No P.O.,"N,Slitter,L",13864 - LANGSTON,"Dig Ink Low Intensity
Non-Coated Digital",No P.O.,189.0,2026-08-17,
365797,5035455,2,2026-08-17,500,5,189,1,10,1,9673,1.0,0,,Nozomi Digital Printer,2000,6624.0,13248.0,2000.0,2200,12853,,,2026-08-21,0,13248.0,190834,2026-08-21,C,Regular Slotted Carton,N,Nozomi Digital 1 Side Print,1,3,,2.0,3,1,0,36.04,52.1,0,22.0,"24LB - CNBPB24
14 x 11-1/4 x 6-3/8 (2 Up)
RSC, Glued, 
Digital Print C Flute 
44 ECT Kraft WRA S",Iron,,0,,,1.0,0,0,0,True,1,,Regular,False,1,0,C44 K,CRB,2026-07-28 12:47:26,,0,False,0,0,275 C,NAZ,,1,65,0,12,0,GI,"Dig Ink Low Intensity (40%), Non-Coated Digital (0%)",St. Catharines,14.0,11.04,6.06,,0.0,0,False,2026-07-28,Glued,No P.O.,"N,Slitter,L",13864 - LANGSTON,"Dig Ink Low Intensity
Non-Coated Digital",No P.O.,1.0,2026-08-18,70.0
365799,5035455,2,2026-08-19,500,25,69,1,50,1,4320,1.0,0,,Langston Saturn 50x110,2000,6624.0,13248.0,2000.0,2200,12853,,,2026-08-21,0,13248.0,190834,2026-08-21,C,Regular Slotted Carton,L,Nozomi Digital 1 Side Print,1,3,,2.0,3,1,0,36.04,52.1,0,78.0,"24LB - CNBPB24
14 x 11-1/4 x 6-3/8 (2 Up)
RSC, Glued, 
Digital Print C Flute 
44 ECT Kraft WRA S",Iron,,0,,,0.6,0,0,0,True,2,,Regular,False,1,0,C44 K,CRB,2026-07-28 12:47:26,,0,False,0,0,275 C,Langston,,1,65,0,12,0,GI,"Dig Ink Low Intensity (40%), Non-Coated Digital (0%)",St. Catharines,14.0,11.04,6.06,,0.0,0,False,2026-07-28,Glued,No P.O.,"N,Slitter,L",13864 - LANGSTON,"Dig Ink Low Intensity
>>>>>>> 3d7f0d50c55d01c676d7c4bff56f84cbc3a91754
Non-Coated Digital",No P.O.,238.0,2026-08-20,136.0
365800,5035455,2,2026-08-20,500,35,238,1,0,1,0,1.0,0,,Pack & Protect A-2,2000,6624.0,13248.0,2000.0,2200,12853,,,2026-08-21,0,13248.0,190834,2026-08-21,C,Regular Slotted Carton,,Nozomi Digital 1 Side Print,1,3,,2.0,5,1,0,36.04,52.1,0,0.0,"24LB - CNBPB24
14 x 11-1/4 x 6-3/8 (2 Up)
RSC, Glued, 
Digital Print C Flute 
<<<<<<< HEAD
44 ECT Kraft WRA S",Iron,,0,,,1.0,0,0,0,True,0,,Regular,False,6,0,C44 K,CRB,2026-07-28 12:47:26,,0,False,0,0,275 C,,,1,65,0,12,0,GI,"Dig Ink Low Intensity (40%), Non-Coated Digital (0%)",St. Catharines,14.0,11.04,6.06,,1.0,0,False,2026-07-28,Glued,No P.O.,"N,Slitter,L",13864 - LANGSTON,"Dig Ink Low Intensity
Non-Coated Digital",No P.O.,,,
=======
44 ECT Kraft WRA S",Iron,,0,,,1.0,0,0,0,True,0,,Regular,False,6,0,C44 K,CRB,2026-07-28 12:47:26,,0,False,0,0,275 C,,,1,65,0,12,0,GI,"Dig Ink Low Intensity (40%), Non-Coated Digital (0%)",St. Catharines,14.0,11.04,6.06,,0.0,0,False,2026-07-28,Glued,No P.O.,"N,Slitter,L",13864 - LANGSTON,"Dig Ink Low Intensity
Non-Coated Digital",No P.O.,,,
365798,5035455,2,2026-08-18,500,15,1,1,15,1,3000,1.0,0,,"Slitter 90""",2000,6624.0,13248.0,2000.0,2200,12853,,,2026-08-21,0,13248.0,190834,2026-08-21,C,Regular Slotted Carton,Slitter,Nozomi Digital 1 Side Print,1,3,,2.0,8,1,0,36.04,52.1,0,55.0,"24LB - CNBPB24
14 x 11-1/4 x 6-3/8 (2 Up)
RSC, Glued, 
Digital Print C Flute 
44 ECT Kraft WRA S",Iron,,0,,,1.0,0,0,0,True,1,,Regular,False,14,0,C44 K,CRB,2026-07-28 12:47:26,,0,False,0,0,275 C,Slitter,,1,65,0,12,0,GI,"Dig Ink Low Intensity (40%), Non-Coated Digital (0%)",St. Catharines,14.0,11.04,6.06,,0.0,0,False,2026-07-28,Glued,No P.O.,"N,Slitter,L",13864 - LANGSTON,"Dig Ink Low Intensity
Non-Coated Digital",No P.O.,69.0,2026-08-19,387.0
365809,5035455,4,2026-08-19,500,25,69,1,50,1,4320,1.0,0,,Langston Saturn 50x110,2000,6624.0,13248.0,2000.0,2200,12853,,,2026-08-21,0,13248.0,190835,2026-08-21,C,Regular Slotted Carton,L,Nozomi Digital 1 Side Print,1,3,,2.0,3,1,0,36.04,52.1,0,78.0,"24LB - CNBSP24
14 x 11-1/4 x 6-3/8 (2 Up)
RSC, Glued, 
Digital Print C Flute 
44 ECT Kraft WRA S",Iron,,0,,,0.6,0,0,0,True,2,,Regular,False,1,0,C44 K,CRB,2026-07-28 12:47:26,,0,False,0,0,275 C,Langston,,1,65,0,12,0,GI,"Dig Ink Low Intensity (40%), Non-Coated Digital (0%)",St. Catharines,14.0,11.04,6.06,,0.0,0,False,2026-07-28,Glued,08/07-MONT01,"N,Slitter,L",13864 - LANGSTON,"Dig Ink Low Intensity
Non-Coated Digital",08/07-MONT01,238.0,2026-08-20,304.0
365810,5035455,4,2026-08-20,500,35,238,1,0,1,0,1.0,0,,Pack & Protect A-2,2000,6624.0,13248.0,2000.0,2200,12853,,,2026-08-21,0,13248.0,190835,2026-08-21,C,Regular Slotted Carton,,Nozomi Digital 1 Side Print,1,3,,2.0,5,1,0,36.04,52.1,0,0.0,"24LB - CNBSP24
14 x 11-1/4 x 6-3/8 (2 Up)
RSC, Glued, 
Digital Print C Flute 
44 ECT Kraft WRA S",Iron,,0,,,1.0,0,0,0,True,0,,Regular,False,6,0,C44 K,CRB,2026-07-28 12:47:26,,0,False,0,0,275 C,,,1,65,0,12,0,GI,"Dig Ink Low Intensity (40%), Non-Coated Digital (0%)",St. Catharines,14.0,11.04,6.06,,0.0,0,False,2026-07-28,Glued,08/07-MONT01,"N,Slitter,L",13864 - LANGSTON,"Dig Ink Low Intensity
Non-Coated Digital",08/07-MONT01,,,
365806,5035455,4,2026-08-14,500,1,234,0,0,0,0,1.0,0,,Corrugator,2000,6624.0,13248.0,2000.0,2200,12853,,,2026-08-21,0,13248.0,190835,2026-08-21,C,Regular Slotted Carton,,Nozomi Digital 1 Side Print,1,3,,2.0,0,1,0,36.04,52.1,0,0.0,"24LB - CNBSP24
14 x 11-1/4 x 6-3/8 (2 Up)
RSC, Glued, 
Digital Print C Flute 
44 ECT Kraft WRA S",Iron,,0,,,1.0,0,0,0,True,0,,Regular,False,234,0,C44 K,CRB,2026-07-28 12:47:26,,0,False,0,0,275 C,,,1,65,0,12,0,GI,"Dig Ink Low Intensity (40%), Non-Coated Digital (0%)",St. Catharines,14.0,11.04,6.06,,0.0,0,False,2026-07-28,Glued,08/07-MONT01,"N,Slitter,L",13864 - LANGSTON,"Dig Ink Low Intensity
Non-Coated Digital",08/07-MONT01,189.0,2026-08-17,
365807,5035455,4,2026-08-17,500,5,189,1,10,1,9673,1.0,0,,Nozomi Digital Printer,2000,6624.0,13248.0,2000.0,2200,12853,,,2026-08-21,0,13248.0,190835,2026-08-21,C,Regular Slotted Carton,N,Nozomi Digital 1 Side Print,1,3,,2.0,3,1,0,36.04,52.1,0,22.0,"24LB - CNBSP24
14 x 11-1/4 x 6-3/8 (2 Up)
RSC, Glued, 
Digital Print C Flute 
44 ECT Kraft WRA S",Iron,,0,,,1.0,0,0,0,True,1,,Regular,False,1,0,C44 K,CRB,2026-07-28 12:47:26,,0,False,0,0,275 C,NAZ,,1,65,0,12,0,GI,"Dig Ink Low Intensity (40%), Non-Coated Digital (0%)",St. Catharines,14.0,11.04,6.06,,0.0,0,False,2026-07-28,Glued,08/07-MONT01,"N,Slitter,L",13864 - LANGSTON,"Dig Ink Low Intensity
Non-Coated Digital",08/07-MONT01,1.0,2026-08-18,48.0
365808,5035455,4,2026-08-18,500,15,1,1,15,1,3000,1.0,0,,"Slitter 90""",2000,6624.0,13248.0,2000.0,2200,12853,,,2026-08-21,0,13248.0,190835,2026-08-21,C,Regular Slotted Carton,Slitter,Nozomi Digital 1 Side Print,1,3,,2.0,8,1,0,36.04,52.1,0,55.0,"24LB - CNBSP24
14 x 11-1/4 x 6-3/8 (2 Up)
RSC, Glued, 
Digital Print C Flute 
44 ECT Kraft WRA S",Iron,,0,,,1.0,0,0,0,True,1,,Regular,False,14,0,C44 K,CRB,2026-07-28 12:47:26,,0,False,0,0,275 C,Slitter,,1,65,0,12,0,GI,"Dig Ink Low Intensity (40%), Non-Coated Digital (0%)",St. Catharines,14.0,11.04,6.06,,0.0,0,False,2026-07-28,Glued,08/07-MONT01,"N,Slitter,L",13864 - LANGSTON,"Dig Ink Low Intensity
Non-Coated Digital",08/07-MONT01,69.0,2026-08-19,149.0
>>>>>>> 3d7f0d50c55d01c676d7c4bff56f84cbc3a91754
365866,5035455,16,2026-08-14,500,1,234,0,0,0,0,1.0,0,,Corrugator,2000,6624.0,13248.0,2000.0,2200,12853,,,2026-08-21,0,13248.0,190837,2026-08-21,C,Regular Slotted Carton,,Nozomi Digital 1 Side Print,1,3,,2.0,0,1,0,36.04,52.1,0,0.0,"24LB - CNTBP24
14 x 11-1/4 x 6-3/8 (2 Up)
RSC, Glued, 
Digital Print C Flute 
<<<<<<< HEAD
44 ECT Kraft WRA S",Iron,,0,,,1.0,0,0,0,True,0,,Regular,False,234,0,C44 K,CRB,2026-07-28 12:47:26,,0,False,0,0,275 C,,,1,65,0,12,0,GI,"Dig Ink Low Intensity (40%), Non-Coated Digital (0%)",St. Catharines,14.0,11.04,6.06,,1.0,0,False,2026-07-28,Glued,No P.O.,"N,Slitter,L",13864 - LANGSTON,"Dig Ink Low Intensity
Non-Coated Digital",No P.O.,189.0,2026-08-12,
=======
44 ECT Kraft WRA S",Iron,,0,,,1.0,0,0,0,True,0,,Regular,False,234,0,C44 K,CRB,2026-07-28 12:47:26,,0,False,0,0,275 C,,,1,65,0,12,0,GI,"Dig Ink Low Intensity (40%), Non-Coated Digital (0%)",St. Catharines,14.0,11.04,6.06,,0.0,0,False,2026-07-28,Glued,No P.O.,"N,Slitter,L",13864 - LANGSTON,"Dig Ink Low Intensity
Non-Coated Digital",No P.O.,189.0,2026-08-17,
365867,5035455,16,2026-08-17,500,5,189,1,10,1,9673,1.0,0,,Nozomi Digital Printer,2000,6624.0,13248.0,2000.0,2200,12853,,,2026-08-21,0,13248.0,190837,2026-08-21,C,Regular Slotted Carton,N,Nozomi Digital 1 Side Print,1,3,,2.0,3,1,0,36.04,52.1,0,22.0,"24LB - CNTBP24
14 x 11-1/4 x 6-3/8 (2 Up)
RSC, Glued, 
Digital Print C Flute 
44 ECT Kraft WRA S",Iron,,0,,,1.0,0,0,0,True,1,,Regular,False,1,0,C44 K,CRB,2026-07-28 12:47:26,,0,False,0,0,275 C,NAZ,,1,65,0,12,0,GI,"Dig Ink Low Intensity (40%), Non-Coated Digital (0%)",St. Catharines,14.0,11.04,6.06,,0.0,0,False,2026-07-28,Glued,No P.O.,"N,Slitter,L",13864 - LANGSTON,"Dig Ink Low Intensity
Non-Coated Digital",No P.O.,1.0,2026-08-18,37.0
>>>>>>> 3d7f0d50c55d01c676d7c4bff56f84cbc3a91754
365868,5035455,16,2026-08-18,500,15,1,1,15,1,3000,1.0,0,,"Slitter 90""",2000,6624.0,13248.0,2000.0,2200,12853,,,2026-08-21,0,13248.0,190837,2026-08-21,C,Regular Slotted Carton,Slitter,Nozomi Digital 1 Side Print,1,3,,2.0,8,1,0,36.04,52.1,0,55.0,"24LB - CNTBP24
14 x 11-1/4 x 6-3/8 (2 Up)
RSC, Glued, 
Digital Print C Flute 
<<<<<<< HEAD
44 ECT Kraft WRA S",Iron,,0,,,1.0,0,0,0,True,1,,Regular,False,14,0,C44 K,CRB,2026-07-28 12:47:26,,0,False,0,0,275 C,Slitter,,1,65,0,12,0,GI,"Dig Ink Low Intensity (40%), Non-Coated Digital (0%)",St. Catharines,14.0,11.04,6.06,,1.0,0,False,2026-07-28,Glued,No P.O.,"N,Slitter,L",13864 - LANGSTON,"Dig Ink Low Intensity
Non-Coated Digital",No P.O.,69.0,2026-08-20,176.0
365869,5035455,16,2026-08-20,500,25,69,1,50,1,4320,1.0,0,,Langston Saturn 50x110,2000,6624.0,13248.0,2000.0,2200,12853,,,2026-08-21,0,13248.0,190837,2026-08-21,C,Regular Slotted Carton,L,Nozomi Digital 1 Side Print,1,3,,2.0,3,1,0,36.04,52.1,0,78.0,"24LB - CNTBP24
14 x 11-1/4 x 6-3/8 (2 Up)
RSC, Glued, 
Digital Print C Flute 
44 ECT Kraft WRA S",Iron,,0,,,0.6,0,0,0,True,2,,Regular,False,1,0,C44 K,CRB,2026-07-28 12:47:26,,0,False,0,0,275 C,Langston,,1,65,0,12,0,GI,"Dig Ink Low Intensity (40%), Non-Coated Digital (0%)",St. Catharines,14.0,11.04,6.06,,1.0,0,False,2026-07-28,Glued,No P.O.,"N,Slitter,L",13864 - LANGSTON,"Dig Ink Low Intensity
Non-Coated Digital",No P.O.,238.0,2026-08-20,99.0
=======
44 ECT Kraft WRA S",Iron,,0,,,1.0,0,0,0,True,1,,Regular,False,14,0,C44 K,CRB,2026-07-28 12:47:26,,0,False,0,0,275 C,Slitter,,1,65,0,12,0,GI,"Dig Ink Low Intensity (40%), Non-Coated Digital (0%)",St. Catharines,14.0,11.04,6.06,,0.0,0,False,2026-07-28,Glued,No P.O.,"N,Slitter,L",13864 - LANGSTON,"Dig Ink Low Intensity
Non-Coated Digital",No P.O.,69.0,2026-08-19,176.0
365869,5035455,16,2026-08-19,500,25,69,1,50,1,4320,1.0,0,,Langston Saturn 50x110,2000,6624.0,13248.0,2000.0,2200,12853,,,2026-08-21,0,13248.0,190837,2026-08-21,C,Regular Slotted Carton,L,Nozomi Digital 1 Side Print,1,3,,2.0,3,1,0,36.04,52.1,0,78.0,"24LB - CNTBP24
14 x 11-1/4 x 6-3/8 (2 Up)
RSC, Glued, 
Digital Print C Flute 
44 ECT Kraft WRA S",Iron,,0,,,0.6,0,0,0,True,2,,Regular,False,1,0,C44 K,CRB,2026-07-28 12:47:26,,0,False,0,0,275 C,Langston,,1,65,0,12,0,GI,"Dig Ink Low Intensity (40%), Non-Coated Digital (0%)",St. Catharines,14.0,11.04,6.06,,0.0,0,False,2026-07-28,Glued,No P.O.,"N,Slitter,L",13864 - LANGSTON,"Dig Ink Low Intensity
Non-Coated Digital",No P.O.,238.0,2026-08-20,110.0
>>>>>>> 3d7f0d50c55d01c676d7c4bff56f84cbc3a91754
365870,5035455,16,2026-08-20,500,35,238,1,0,1,0,1.0,0,,Pack & Protect A-2,2000,6624.0,13248.0,2000.0,2200,12853,,,2026-08-21,0,13248.0,190837,2026-08-21,C,Regular Slotted Carton,,Nozomi Digital 1 Side Print,1,3,,2.0,5,1,0,36.04,52.1,0,0.0,"24LB - CNTBP24
14 x 11-1/4 x 6-3/8 (2 Up)
RSC, Glued, 
Digital Print C Flute 
<<<<<<< HEAD
44 ECT Kraft WRA S",Iron,,0,,,1.0,0,0,0,True,0,,Regular,False,6,0,C44 K,CRB,2026-07-28 12:47:26,,0,False,0,0,275 C,,,1,65,0,12,0,GI,"Dig Ink Low Intensity (40%), Non-Coated Digital (0%)",St. Catharines,14.0,11.04,6.06,,1.0,0,False,2026-07-28,Glued,No P.O.,"N,Slitter,L",13864 - LANGSTON,"Dig Ink Low Intensity
Non-Coated Digital",No P.O.,,,
=======
44 ECT Kraft WRA S",Iron,,0,,,1.0,0,0,0,True,0,,Regular,False,6,0,C44 K,CRB,2026-07-28 12:47:26,,0,False,0,0,275 C,,,1,65,0,12,0,GI,"Dig Ink Low Intensity (40%), Non-Coated Digital (0%)",St. Catharines,14.0,11.04,6.06,,0.0,0,False,2026-07-28,Glued,No P.O.,"N,Slitter,L",13864 - LANGSTON,"Dig Ink Low Intensity
Non-Coated Digital",No P.O.,,,
365817,5035455,6,2026-08-17,500,5,189,1,10,1,9673,1.0,0,,Nozomi Digital Printer,2000,6624.0,13248.0,2000.0,2200,12853,,,2026-08-21,0,13248.0,190839,2026-08-21,C,Regular Slotted Carton,N,Nozomi Digital 1 Side Print,1,3,,2.0,3,1,0,36.04,52.1,0,22.0,"24LB - CNCF24
14 x 11-1/4 x 6-3/8 (2 Up)
RSC, Glued, 
Digital Print C Flute 
44 ECT Kraft WRA Si",Iron,,0,,,1.0,0,0,0,True,1,,Regular,False,1,0,C44 K,CRB,2026-07-28 12:47:26,,0,False,0,0,275 C,NAZ,,1,65,0,12,0,GI,"Dig Ink Low Intensity (40%), Non-Coated Digital (0%)",St. Catharines,14.0,11.04,6.06,,0.0,0,False,2026-07-28,Glued,No P.O.,"N,Slitter,L",13864 - LANGSTON,"Dig Ink Low Intensity
Non-Coated Digital",No P.O.,1.0,2026-08-18,54.0
>>>>>>> 3d7f0d50c55d01c676d7c4bff56f84cbc3a91754
365816,5035455,6,2026-08-14,500,1,234,0,0,0,0,1.0,0,,Corrugator,2000,6624.0,13248.0,2000.0,2200,12853,,,2026-08-21,0,13248.0,190839,2026-08-21,C,Regular Slotted Carton,,Nozomi Digital 1 Side Print,1,3,,2.0,0,1,0,36.04,52.1,0,0.0,"24LB - CNCF24
14 x 11-1/4 x 6-3/8 (2 Up)
RSC, Glued, 
Digital Print C Flute 
<<<<<<< HEAD
44 ECT Kraft WRA Si",Iron,,0,,,1.0,0,0,0,True,0,,Regular,False,234,0,C44 K,CRB,2026-07-28 12:47:26,,0,False,0,0,275 C,,,1,65,0,12,0,GI,"Dig Ink Low Intensity (40%), Non-Coated Digital (0%)",St. Catharines,14.0,11.04,6.06,,1.0,0,False,2026-07-28,Glued,No P.O.,"N,Slitter,L",13864 - LANGSTON,"Dig Ink Low Intensity
Non-Coated Digital",No P.O.,189.0,2026-08-11,
=======
44 ECT Kraft WRA Si",Iron,,0,,,1.0,0,0,0,True,0,,Regular,False,234,0,C44 K,CRB,2026-07-28 12:47:26,,0,False,0,0,275 C,,,1,65,0,12,0,GI,"Dig Ink Low Intensity (40%), Non-Coated Digital (0%)",St. Catharines,14.0,11.04,6.06,,0.0,0,False,2026-07-28,Glued,No P.O.,"N,Slitter,L",13864 - LANGSTON,"Dig Ink Low Intensity
Non-Coated Digital",No P.O.,189.0,2026-08-17,
>>>>>>> 3d7f0d50c55d01c676d7c4bff56f84cbc3a91754
365818,5035455,6,2026-08-18,500,15,1,1,15,1,3000,1.0,0,,"Slitter 90""",2000,6624.0,13248.0,2000.0,2200,12853,,,2026-08-21,0,13248.0,190839,2026-08-21,C,Regular Slotted Carton,Slitter,Nozomi Digital 1 Side Print,1,3,,2.0,8,1,0,36.04,52.1,0,55.0,"24LB - CNCF24
14 x 11-1/4 x 6-3/8 (2 Up)
RSC, Glued, 
Digital Print C Flute 
<<<<<<< HEAD
44 ECT Kraft WRA Si",Iron,,0,,,1.0,0,0,0,True,1,,Regular,False,14,0,C44 K,CRB,2026-07-28 12:47:26,,0,False,0,0,275 C,Slitter,,1,65,0,12,0,GI,"Dig Ink Low Intensity (40%), Non-Coated Digital (0%)",St. Catharines,14.0,11.04,6.06,,1.0,0,False,2026-07-28,Glued,No P.O.,"N,Slitter,L",13864 - LANGSTON,"Dig Ink Low Intensity
Non-Coated Digital",No P.O.,69.0,2026-08-20,103.0
365819,5035455,6,2026-08-20,500,25,69,1,50,1,4320,1.0,0,,Langston Saturn 50x110,2000,6624.0,13248.0,2000.0,2200,12853,,,2026-08-21,0,13248.0,190839,2026-08-21,C,Regular Slotted Carton,L,Nozomi Digital 1 Side Print,1,3,,2.0,3,1,0,36.04,52.1,0,78.0,"24LB - CNCF24
14 x 11-1/4 x 6-3/8 (2 Up)
RSC, Glued, 
Digital Print C Flute 
44 ECT Kraft WRA Si",Iron,,0,,,0.6,0,0,0,True,2,,Regular,False,1,0,C44 K,CRB,2026-07-28 12:47:26,,0,False,0,0,275 C,Langston,,1,65,0,12,0,GI,"Dig Ink Low Intensity (40%), Non-Coated Digital (0%)",St. Catharines,14.0,11.04,6.06,,1.0,0,False,2026-07-28,Glued,No P.O.,"N,Slitter,L",13864 - LANGSTON,"Dig Ink Low Intensity
=======
44 ECT Kraft WRA Si",Iron,,0,,,1.0,0,0,0,True,1,,Regular,False,14,0,C44 K,CRB,2026-07-28 12:47:26,,0,False,0,0,275 C,Slitter,,1,65,0,12,0,GI,"Dig Ink Low Intensity (40%), Non-Coated Digital (0%)",St. Catharines,14.0,11.04,6.06,,0.0,0,False,2026-07-28,Glued,No P.O.,"N,Slitter,L",13864 - LANGSTON,"Dig Ink Low Intensity
Non-Coated Digital",No P.O.,69.0,2026-08-19,103.0
365819,5035455,6,2026-08-19,500,25,69,1,50,1,4320,1.0,0,,Langston Saturn 50x110,2000,6624.0,13248.0,2000.0,2200,12853,,,2026-08-21,0,13248.0,190839,2026-08-21,C,Regular Slotted Carton,L,Nozomi Digital 1 Side Print,1,3,,2.0,3,1,0,36.04,52.1,0,78.0,"24LB - CNCF24
14 x 11-1/4 x 6-3/8 (2 Up)
RSC, Glued, 
Digital Print C Flute 
44 ECT Kraft WRA Si",Iron,,0,,,0.6,0,0,0,True,2,,Regular,False,1,0,C44 K,CRB,2026-07-28 12:47:26,,0,False,0,0,275 C,Langston,,1,65,0,12,0,GI,"Dig Ink Low Intensity (40%), Non-Coated Digital (0%)",St. Catharines,14.0,11.04,6.06,,0.0,0,False,2026-07-28,Glued,No P.O.,"N,Slitter,L",13864 - LANGSTON,"Dig Ink Low Intensity
>>>>>>> 3d7f0d50c55d01c676d7c4bff56f84cbc3a91754
Non-Coated Digital",No P.O.,238.0,2026-08-20,249.0
365820,5035455,6,2026-08-20,500,35,238,1,0,1,0,1.0,0,,Pack & Protect A-2,2000,6624.0,13248.0,2000.0,2200,12853,,,2026-08-21,0,13248.0,190839,2026-08-21,C,Regular Slotted Carton,,Nozomi Digital 1 Side Print,1,3,,2.0,5,1,0,36.04,52.1,0,0.0,"24LB - CNCF24
14 x 11-1/4 x 6-3/8 (2 Up)
RSC, Glued, 
Digital Print C Flute 
<<<<<<< HEAD
44 ECT Kraft WRA Si",Iron,,0,,,1.0,0,0,0,True,0,,Regular,False,6,0,C44 K,CRB,2026-07-28 12:47:26,,0,False,0,0,275 C,,,1,65,0,12,0,GI,"Dig Ink Low Intensity (40%), Non-Coated Digital (0%)",St. Catharines,14.0,11.04,6.06,,1.0,0,False,2026-07-28,Glued,No P.O.,"N,Slitter,L",13864 - LANGSTON,"Dig Ink Low Intensity
Non-Coated Digital",No P.O.,,,
365846,5035455,12,2026-08-14,100,1,178,0,0,0,0,1.0,0,,Container Corp,750,6223.0,4667.25,750.0,825,12853,,,2026-08-21,0,4667.25,191096,2026-08-21,E,Flat Bed Die Cut,Container Corp,Nozomi Digital 1 Side Print,1,3,,2.0,7,1,0,44.04,40.08,0,0.0,"PKG-CNP16
=======
44 ECT Kraft WRA Si",Iron,,0,,,1.0,0,0,0,True,0,,Regular,False,6,0,C44 K,CRB,2026-07-28 12:47:26,,0,False,0,0,275 C,,,1,65,0,12,0,GI,"Dig Ink Low Intensity (40%), Non-Coated Digital (0%)",St. Catharines,14.0,11.04,6.06,,0.0,0,False,2026-07-28,Glued,No P.O.,"N,Slitter,L",13864 - LANGSTON,"Dig Ink Low Intensity
Non-Coated Digital",No P.O.,,,
365841,5035455,11,2026-08-18,500,1,256,0,0,0,0,1.0,0,,Interpac Corrugator,750,6223.0,4667.25,675.0,825,12853,,,2026-08-21,0,4667.25,191095,2026-08-21,E,Flat Bed Die Cut,,Nozomi Digital 1 Side Print,1,3,,2.0,1,1,0,44.04,40.08,0,0.0,"PKG-CNMP16
>>>>>>> 3d7f0d50c55d01c676d7c4bff56f84cbc3a91754
11-3/16 x 7-9/16 x 8-7/8
Flat Bed Die Cut, Glued, 
16 x 1lb
Digital 1 Side
<<<<<<< HEAD
6 Prints",Iron,,0,,,1.0,0,0,0,True,0,,Regular,False,0,0,E32 Coated White 1S,CRB,2026-07-28 12:47:26,,0,False,0,0,,,,1,65,0,12,0,GI,"Dig Ink Med Intensity (50%), Coated Digital (0%)",St. Catharines,11.03,7.09,8.14,,1.0,0,False,2026-07-28,Glued,08/18-ASTR01,"ContainerCorp,N,E",14855 - ETERNA C3-C,"Dig Ink Med Intensity
Coated Digital",08/18-ASTR01,189.0,2026-08-14,
365847,5035455,12,2026-08-14,120,10,189,1,10,1,10778,1.0,0,,Nozomi Digital Printer,750,6223.0,4667.25,750.0,825,12853,,,2026-08-21,0,4667.25,191096,2026-08-21,E,Flat Bed Die Cut,N,Nozomi Digital 1 Side Print,1,3,,2.0,3,1,0,44.04,40.08,0,14.0,"PKG-CNP16
=======
6 Prints",Iron,,0,,,1.0,0,0,0,True,0,,Regular,False,0,0,E32 Coated White 1S,CRB,2026-07-28 12:47:26,,0,False,0,0,,,,1,65,0,12,0,GI,"Dig Ink Med Intensity (50%), Coated Digital (0%)",St. Catharines,11.03,7.09,8.14,,0.0,0,False,2026-07-28,Glued,08/10-Moyy,"N,E",14855 - ETERNA C3-C,"Dig Ink Med Intensity
Coated Digital",08/10-Moyy,189.0,2026-08-18,
365842,5035455,11,2026-08-18,500,10,189,1,10,1,10778,1.0,0,,Nozomi Digital Printer,750,6223.0,4667.25,675.0,825,12853,,,2026-08-21,0,4667.25,191095,2026-08-21,E,Flat Bed Die Cut,N,Nozomi Digital 1 Side Print,1,3,,2.0,3,1,0,44.04,40.08,0,14.0,"PKG-CNMP16
>>>>>>> 3d7f0d50c55d01c676d7c4bff56f84cbc3a91754
11-3/16 x 7-9/16 x 8-7/8
Flat Bed Die Cut, Glued, 
16 x 1lb
Digital 1 Side
<<<<<<< HEAD
6 Prints",Iron,,0,,,1.0,0,0,0,True,1,,Regular,False,1,0,E32 Coated White 1S,CRB,2026-07-28 12:47:26,,0,False,0,0,,NAZ,,1,65,0,12,0,GI,"Dig Ink Med Intensity (50%), Coated Digital (0%)",St. Catharines,11.03,7.09,8.14,,1.0,0,False,2026-07-28,Glued,08/18-ASTR01,"ContainerCorp,N,E",14855 - ETERNA C3-C,"Dig Ink Med Intensity
Coated Digital",08/18-ASTR01,213.0,2026-08-18,30.0
365848,5035455,12,2026-08-18,450,20,213,1,25,1,5040,2.0,0,,Eterna,750,6223.0,4667.25,375.0,825,12853,,,2026-08-21,0,4667.25,191096,2026-08-21,E,Flat Bed Die Cut,E,Nozomi Digital 1 Side Print,1,3,,2.0,3,1,0,44.04,40.08,0,34.0,"PKG-CNP16
=======
6 Prints",Iron,,0,,,1.0,0,0,0,True,1,,Regular,False,1,0,E32 Coated White 1S,CRB,2026-07-28 12:47:26,,0,False,0,0,,NAZ,,1,65,0,12,0,GI,"Dig Ink Med Intensity (50%), Coated Digital (0%)",St. Catharines,11.03,7.09,8.14,,0.0,0,False,2026-07-28,Glued,08/10-Moyy,"N,E",14855 - ETERNA C3-C,"Dig Ink Med Intensity
Coated Digital",08/10-Moyy,213.0,2026-08-19,26.0
365843,5035455,11,2026-08-19,500,20,213,1,25,1,5040,2.0,0,,Eterna,750,6223.0,4667.25,337.5,825,12853,,,2026-08-21,0,4667.25,191095,2026-08-21,E,Flat Bed Die Cut,E,Nozomi Digital 1 Side Print,1,3,,2.0,3,1,0,44.04,40.08,0,34.0,"PKG-CNMP16
>>>>>>> 3d7f0d50c55d01c676d7c4bff56f84cbc3a91754
11-3/16 x 7-9/16 x 8-7/8
Flat Bed Die Cut, Glued, 
16 x 1lb
Digital 1 Side
<<<<<<< HEAD
6 Prints",Iron,,0,,,1.0,0,0,0,True,0,,Regular,False,3,0,E32 Coated White 1S,CRB,2026-07-28 12:47:26,,0,False,0,0,,Eterna,,1,65,0,12,0,GI,"Dig Ink Med Intensity (50%), Coated Digital (0%)",St. Catharines,11.03,7.09,8.14,,1.0,0,False,2026-07-28,Glued,08/18-ASTR01,"ContainerCorp,N,E",14855 - ETERNA C3-C,"Dig Ink Med Intensity
=======
6 Prints",Iron,,0,,,1.0,0,0,0,True,0,,Regular,False,3,0,E32 Coated White 1S,CRB,2026-07-28 12:47:26,,0,False,0,0,,Eterna,,1,65,0,12,0,GI,"Dig Ink Med Intensity (50%), Coated Digital (0%)",St. Catharines,11.03,7.09,8.14,,0.0,0,False,2026-07-28,Glued,08/10-Moyy,"N,E",14855 - ETERNA C3-C,"Dig Ink Med Intensity
Coated Digital",08/10-Moyy,257.0,2026-08-20,80.0
365844,5035455,11,2026-08-20,500,40,257,1,0,1,0,1.0,0,,Astrapac - Glue,750,6223.0,4667.25,675.0,825,12853,,,2026-08-21,0,4667.25,191095,2026-08-21,E,Flat Bed Die Cut,,Nozomi Digital 1 Side Print,1,3,,2.0,0,1,0,44.04,40.08,0,0.0,"PKG-CNMP16
11-3/16 x 7-9/16 x 8-7/8
Flat Bed Die Cut, Glued, 
16 x 1lb
Digital 1 Side
6 Prints",Iron,,0,,,1.0,0,0,0,True,0,,Regular,False,0,0,E32 Coated White 1S,CRB,2026-07-28 12:47:26,,0,False,0,0,,,,1,65,0,12,0,GI,"Dig Ink Med Intensity (50%), Coated Digital (0%)",St. Catharines,11.03,7.09,8.14,,0.0,0,False,2026-07-28,Glued,08/10-Moyy,"N,E",14855 - ETERNA C3-C,"Dig Ink Med Intensity
Coated Digital",08/10-Moyy,238.0,2026-08-20,
365845,5035455,11,2026-08-20,500,50,238,1,0,1,0,1.0,0,,Pack & Protect A-2,750,6223.0,4667.25,675.0,825,12853,,,2026-08-21,0,4667.25,191095,2026-08-21,E,Flat Bed Die Cut,,Nozomi Digital 1 Side Print,1,3,,2.0,5,1,0,44.04,40.08,0,0.0,"PKG-CNMP16
11-3/16 x 7-9/16 x 8-7/8
Flat Bed Die Cut, Glued, 
16 x 1lb
Digital 1 Side
6 Prints",Iron,,0,,,1.0,0,0,0,True,0,,Regular,False,6,0,E32 Coated White 1S,CRB,2026-07-28 12:47:26,,0,False,0,0,,,,1,65,0,12,0,GI,"Dig Ink Med Intensity (50%), Coated Digital (0%)",St. Catharines,11.03,7.09,8.14,,0.0,0,False,2026-07-28,Glued,08/10-Moyy,"N,E",14855 - ETERNA C3-C,"Dig Ink Med Intensity
Coated Digital",08/10-Moyy,,,
365846,5035455,12,2026-08-18,500,1,256,0,0,0,0,1.0,0,,Interpac Corrugator,750,6223.0,4667.25,750.0,825,12853,,,2026-08-21,0,4667.25,191096,2026-08-21,E,Flat Bed Die Cut,,Nozomi Digital 1 Side Print,1,3,,2.0,1,1,0,44.04,40.08,0,0.0,"PKG-CNP16
11-3/16 x 7-9/16 x 8-7/8
Flat Bed Die Cut, Glued, 
16 x 1lb
Digital 1 Side
6 Prints",Iron,,0,,,1.0,0,0,0,True,0,,Regular,False,0,0,E32 Coated White 1S,CRB,2026-07-28 12:47:26,,0,False,0,0,,,,1,65,0,12,0,GI,"Dig Ink Med Intensity (50%), Coated Digital (0%)",St. Catharines,11.03,7.09,8.14,,0.0,0,False,2026-07-28,Glued,08/18-ASTR01,"N,E",14855 - ETERNA C3-C,"Dig Ink Med Intensity
Coated Digital",08/18-ASTR01,189.0,2026-08-18,
365847,5035455,12,2026-08-18,500,10,189,1,10,1,10778,1.0,0,,Nozomi Digital Printer,750,6223.0,4667.25,750.0,825,12853,,,2026-08-21,0,4667.25,191096,2026-08-21,E,Flat Bed Die Cut,N,Nozomi Digital 1 Side Print,1,3,,2.0,3,1,0,44.04,40.08,0,14.0,"PKG-CNP16
11-3/16 x 7-9/16 x 8-7/8
Flat Bed Die Cut, Glued, 
16 x 1lb
Digital 1 Side
6 Prints",Iron,,0,,,1.0,0,0,0,True,1,,Regular,False,1,0,E32 Coated White 1S,CRB,2026-07-28 12:47:26,,0,False,0,0,,NAZ,,1,65,0,12,0,GI,"Dig Ink Med Intensity (50%), Coated Digital (0%)",St. Catharines,11.03,7.09,8.14,,0.0,0,False,2026-07-28,Glued,08/18-ASTR01,"N,E",14855 - ETERNA C3-C,"Dig Ink Med Intensity
Coated Digital",08/18-ASTR01,213.0,2026-08-19,30.0
365848,5035455,12,2026-08-19,500,20,213,1,25,1,5040,2.0,0,,Eterna,750,6223.0,4667.25,375.0,825,12853,,,2026-08-21,0,4667.25,191096,2026-08-21,E,Flat Bed Die Cut,E,Nozomi Digital 1 Side Print,1,3,,2.0,3,1,0,44.04,40.08,0,34.0,"PKG-CNP16
11-3/16 x 7-9/16 x 8-7/8
Flat Bed Die Cut, Glued, 
16 x 1lb
Digital 1 Side
6 Prints",Iron,,0,,,1.0,0,0,0,True,0,,Regular,False,3,0,E32 Coated White 1S,CRB,2026-07-28 12:47:26,,0,False,0,0,,Eterna,,1,65,0,12,0,GI,"Dig Ink Med Intensity (50%), Coated Digital (0%)",St. Catharines,11.03,7.09,8.14,,0.0,0,False,2026-07-28,Glued,08/18-ASTR01,"N,E",14855 - ETERNA C3-C,"Dig Ink Med Intensity
>>>>>>> 3d7f0d50c55d01c676d7c4bff56f84cbc3a91754
Coated Digital",08/18-ASTR01,257.0,2026-08-20,81.0
365849,5035455,12,2026-08-20,500,40,257,1,0,1,0,1.0,0,,Astrapac - Glue,750,6223.0,4667.25,750.0,825,12853,,,2026-08-21,0,4667.25,191096,2026-08-21,E,Flat Bed Die Cut,,Nozomi Digital 1 Side Print,1,3,,2.0,0,1,0,44.04,40.08,0,0.0,"PKG-CNP16
11-3/16 x 7-9/16 x 8-7/8
Flat Bed Die Cut, Glued, 
16 x 1lb
Digital 1 Side
<<<<<<< HEAD
6 Prints",Iron,,0,,,1.0,0,0,0,True,0,,Regular,False,0,0,E32 Coated White 1S,CRB,2026-07-28 12:47:26,,0,False,0,0,,,,1,65,0,12,0,GI,"Dig Ink Med Intensity (50%), Coated Digital (0%)",St. Catharines,11.03,7.09,8.14,,1.0,0,False,2026-07-28,Glued,08/18-ASTR01,"ContainerCorp,N,E",14855 - ETERNA C3-C,"Dig Ink Med Intensity
=======
6 Prints",Iron,,0,,,1.0,0,0,0,True,0,,Regular,False,0,0,E32 Coated White 1S,CRB,2026-07-28 12:47:26,,0,False,0,0,,,,1,65,0,12,0,GI,"Dig Ink Med Intensity (50%), Coated Digital (0%)",St. Catharines,11.03,7.09,8.14,,0.0,0,False,2026-07-28,Glued,08/18-ASTR01,"N,E",14855 - ETERNA C3-C,"Dig Ink Med Intensity
>>>>>>> 3d7f0d50c55d01c676d7c4bff56f84cbc3a91754
Coated Digital",08/18-ASTR01,238.0,2026-08-20,
365850,5035455,12,2026-08-20,500,50,238,1,0,1,0,1.0,0,,Pack & Protect A-2,750,6223.0,4667.25,750.0,825,12853,,,2026-08-21,0,4667.25,191096,2026-08-21,E,Flat Bed Die Cut,,Nozomi Digital 1 Side Print,1,3,,2.0,5,1,0,44.04,40.08,0,0.0,"PKG-CNP16
11-3/16 x 7-9/16 x 8-7/8
Flat Bed Die Cut, Glued, 
16 x 1lb
Digital 1 Side
<<<<<<< HEAD
6 Prints",Iron,,0,,,1.0,0,0,0,True,0,,Regular,False,6,0,E32 Coated White 1S,CRB,2026-07-28 12:47:26,,0,False,0,0,,,,1,65,0,12,0,GI,"Dig Ink Med Intensity (50%), Coated Digital (0%)",St. Catharines,11.03,7.09,8.14,,1.0,0,False,2026-07-28,Glued,08/18-ASTR01,"ContainerCorp,N,E",14855 - ETERNA C3-C,"Dig Ink Med Intensity
Coated Digital",08/18-ASTR01,,,
365856,5035455,14,2026-08-14,100,1,178,0,0,0,0,1.0,0,,Container Corp,750,6223.0,4667.25,750.0,825,12853,,,2026-08-21,0,4667.25,191097,2026-08-21,E,Flat Bed Die Cut,Container Corp,Nozomi Digital 1 Side Print,1,3,,2.0,7,1,0,44.04,40.08,0,0.0,"PKG-CNR16
=======
6 Prints",Iron,,0,,,1.0,0,0,0,True,0,,Regular,False,6,0,E32 Coated White 1S,CRB,2026-07-28 12:47:26,,0,False,0,0,,,,1,65,0,12,0,GI,"Dig Ink Med Intensity (50%), Coated Digital (0%)",St. Catharines,11.03,7.09,8.14,,0.0,0,False,2026-07-28,Glued,08/18-ASTR01,"N,E",14855 - ETERNA C3-C,"Dig Ink Med Intensity
Coated Digital",08/18-ASTR01,,,
365856,5035455,14,2026-08-18,500,1,256,0,0,0,0,1.0,0,,Interpac Corrugator,750,6223.0,4667.25,750.0,825,12853,,,2026-08-21,0,4667.25,191097,2026-08-21,E,Flat Bed Die Cut,,Nozomi Digital 1 Side Print,1,3,,2.0,1,1,0,44.04,40.08,0,0.0,"PKG-CNR16
>>>>>>> 3d7f0d50c55d01c676d7c4bff56f84cbc3a91754
11-3/16 x 7-9/16 x 8-7/8
Flat Bed Die Cut, Glued, 
16 x 1lb
Digital 1 Side
<<<<<<< HEAD
6 Prints",Iron,,0,,,1.0,0,0,0,True,0,,Regular,False,0,0,E32 Coated White 1S,CRB,2026-07-28 12:47:26,,0,False,0,0,,,,1,65,0,12,0,GI,"Dig Ink Med Intensity (50%), Coated Digital (0%)",St. Catharines,11.03,7.09,8.14,,1.0,0,False,2026-07-28,Glued,08/18-ASTR01,"ContainerCorp,N,E",14855 - ETERNA C3-C,"Dig Ink Med Intensity
Coated Digital",08/18-ASTR01,189.0,2026-08-14,
365857,5035455,14,2026-08-14,110,10,189,1,10,1,10778,1.0,0,,Nozomi Digital Printer,750,6223.0,4667.25,750.0,825,12853,,,2026-08-21,0,4667.25,191097,2026-08-21,E,Flat Bed Die Cut,N,Nozomi Digital 1 Side Print,1,3,,2.0,3,1,0,44.04,40.08,0,14.0,"PKG-CNR16
=======
6 Prints",Iron,,0,,,1.0,0,0,0,True,0,,Regular,False,0,0,E32 Coated White 1S,CRB,2026-07-28 12:47:26,,0,False,0,0,,,,1,65,0,12,0,GI,"Dig Ink Med Intensity (50%), Coated Digital (0%)",St. Catharines,11.03,7.09,8.14,,0.0,0,False,2026-07-28,Glued,08/18-ASTR01,"N,E",14855 - ETERNA C3-C,"Dig Ink Med Intensity
Coated Digital",08/18-ASTR01,189.0,2026-08-18,
365857,5035455,14,2026-08-18,500,10,189,1,10,1,10778,1.0,0,,Nozomi Digital Printer,750,6223.0,4667.25,750.0,825,12853,,,2026-08-21,0,4667.25,191097,2026-08-21,E,Flat Bed Die Cut,N,Nozomi Digital 1 Side Print,1,3,,2.0,3,1,0,44.04,40.08,0,14.0,"PKG-CNR16
>>>>>>> 3d7f0d50c55d01c676d7c4bff56f84cbc3a91754
11-3/16 x 7-9/16 x 8-7/8
Flat Bed Die Cut, Glued, 
16 x 1lb
Digital 1 Side
<<<<<<< HEAD
6 Prints",Iron,,0,,,1.0,0,0,0,True,1,,Regular,False,1,0,E32 Coated White 1S,CRB,2026-07-28 12:47:26,,0,False,0,0,,NAZ,,1,65,0,12,0,GI,"Dig Ink Med Intensity (50%), Coated Digital (0%)",St. Catharines,11.03,7.09,8.14,,1.0,0,False,2026-07-28,Glued,08/18-ASTR01,"ContainerCorp,N,E",14855 - ETERNA C3-C,"Dig Ink Med Intensity
Coated Digital",08/18-ASTR01,213.0,2026-08-18,26.0
365858,5035455,14,2026-08-18,450,20,213,1,25,1,5040,2.0,0,,Eterna,750,6223.0,4667.25,375.0,825,12853,,,2026-08-21,0,4667.25,191097,2026-08-21,E,Flat Bed Die Cut,E,Nozomi Digital 1 Side Print,1,3,,2.0,3,1,0,44.04,40.08,0,34.0,"PKG-CNR16
11-3/16 x 7-9/16 x 8-7/8
Flat Bed Die Cut, Glued, 
16 x 1lb
Digital 1 Side
6 Prints",Iron,,0,,,1.0,0,0,0,True,0,,Regular,False,3,0,E32 Coated White 1S,CRB,2026-07-28 12:47:26,,0,False,0,0,,Eterna,,1,65,0,12,0,GI,"Dig Ink Med Intensity (50%), Coated Digital (0%)",St. Catharines,11.03,7.09,8.14,,1.0,0,False,2026-07-28,Glued,08/18-ASTR01,"ContainerCorp,N,E",14855 - ETERNA C3-C,"Dig Ink Med Intensity
Coated Digital",08/18-ASTR01,257.0,2026-08-20,61.0
=======
6 Prints",Iron,,0,,,1.0,0,0,0,True,1,,Regular,False,1,0,E32 Coated White 1S,CRB,2026-07-28 12:47:26,,0,False,0,0,,NAZ,,1,65,0,12,0,GI,"Dig Ink Med Intensity (50%), Coated Digital (0%)",St. Catharines,11.03,7.09,8.14,,0.0,0,False,2026-07-28,Glued,08/18-ASTR01,"N,E",14855 - ETERNA C3-C,"Dig Ink Med Intensity
Coated Digital",08/18-ASTR01,213.0,2026-08-19,26.0
>>>>>>> 3d7f0d50c55d01c676d7c4bff56f84cbc3a91754
365859,5035455,14,2026-08-20,500,40,257,1,0,1,0,1.0,0,,Astrapac - Glue,750,6223.0,4667.25,750.0,825,12853,,,2026-08-21,0,4667.25,191097,2026-08-21,E,Flat Bed Die Cut,,Nozomi Digital 1 Side Print,1,3,,2.0,0,1,0,44.04,40.08,0,0.0,"PKG-CNR16
11-3/16 x 7-9/16 x 8-7/8
Flat Bed Die Cut, Glued, 
16 x 1lb
Digital 1 Side
<<<<<<< HEAD
6 Prints",Iron,,0,,,1.0,0,0,0,True,0,,Regular,False,0,0,E32 Coated White 1S,CRB,2026-07-28 12:47:26,,0,False,0,0,,,,1,65,0,12,0,GI,"Dig Ink Med Intensity (50%), Coated Digital (0%)",St. Catharines,11.03,7.09,8.14,,1.0,0,False,2026-07-28,Glued,08/18-ASTR01,"ContainerCorp,N,E",14855 - ETERNA C3-C,"Dig Ink Med Intensity
=======
6 Prints",Iron,,0,,,1.0,0,0,0,True,0,,Regular,False,0,0,E32 Coated White 1S,CRB,2026-07-28 12:47:26,,0,False,0,0,,,,1,65,0,12,0,GI,"Dig Ink Med Intensity (50%), Coated Digital (0%)",St. Catharines,11.03,7.09,8.14,,0.0,0,False,2026-07-28,Glued,08/18-ASTR01,"N,E",14855 - ETERNA C3-C,"Dig Ink Med Intensity
>>>>>>> 3d7f0d50c55d01c676d7c4bff56f84cbc3a91754
Coated Digital",08/18-ASTR01,238.0,2026-08-20,
365860,5035455,14,2026-08-20,500,50,238,1,0,1,0,1.0,0,,Pack & Protect A-2,750,6223.0,4667.25,750.0,825,12853,,,2026-08-21,0,4667.25,191097,2026-08-21,E,Flat Bed Die Cut,,Nozomi Digital 1 Side Print,1,3,,2.0,5,1,0,44.04,40.08,0,0.0,"PKG-CNR16
11-3/16 x 7-9/16 x 8-7/8
Flat Bed Die Cut, Glued, 
16 x 1lb
Digital 1 Side
<<<<<<< HEAD
6 Prints",Iron,,0,,,1.0,0,0,0,True,0,,Regular,False,6,0,E32 Coated White 1S,CRB,2026-07-28 12:47:26,,0,False,0,0,,,,1,65,0,12,0,GI,"Dig Ink Med Intensity (50%), Coated Digital (0%)",St. Catharines,11.03,7.09,8.14,,1.0,0,False,2026-07-28,Glued,08/18-ASTR01,"ContainerCorp,N,E",14855 - ETERNA C3-C,"Dig Ink Med Intensity
Coated Digital",08/18-ASTR01,,,
365876,5035455,18,2026-08-14,100,1,178,0,0,0,0,1.0,0,,Container Corp,750,6223.0,4667.25,750.0,825,12853,,,2026-08-21,0,4667.25,191098,2026-08-21,E,Flat Bed Die Cut,Container Corp,Nozomi Digital 1 Side Print,1,3,,2.0,7,1,0,44.04,40.08,0,0.0,"PKG-NBVP16
=======
6 Prints",Iron,,0,,,1.0,0,0,0,True,0,,Regular,False,6,0,E32 Coated White 1S,CRB,2026-07-28 12:47:26,,0,False,0,0,,,,1,65,0,12,0,GI,"Dig Ink Med Intensity (50%), Coated Digital (0%)",St. Catharines,11.03,7.09,8.14,,0.0,0,False,2026-07-28,Glued,08/18-ASTR01,"N,E",14855 - ETERNA C3-C,"Dig Ink Med Intensity
Coated Digital",08/18-ASTR01,,,
365858,5035455,14,2026-08-19,500,20,213,1,25,1,5040,2.0,0,,Eterna,750,6223.0,4667.25,375.0,825,12853,,,2026-08-21,0,4667.25,191097,2026-08-21,E,Flat Bed Die Cut,E,Nozomi Digital 1 Side Print,1,3,,2.0,3,1,0,44.04,40.08,0,34.0,"PKG-CNR16
>>>>>>> 3d7f0d50c55d01c676d7c4bff56f84cbc3a91754
11-3/16 x 7-9/16 x 8-7/8
Flat Bed Die Cut, Glued, 
16 x 1lb
Digital 1 Side
<<<<<<< HEAD
6 Prints",Iron,,0,,,1.0,0,0,0,True,0,,Regular,False,0,0,E32 Coated White 1S,CRB,2026-07-28 12:47:26,,0,False,0,0,,,,1,65,0,12,0,GI,"Dig Ink Med Intensity (50%), Coated Digital (0%)",St. Catharines,11.03,7.09,8.14,,1.0,0,False,2026-07-28,Glued,08/18-ASTR01,"ContainerCorp,N,E",14855 - ETERNA C3-C,"Dig Ink Med Intensity
Coated Digital",08/18-ASTR01,189.0,2026-08-14,
365877,5035455,18,2026-08-14,100,10,189,1,10,1,10778,1.0,0,,Nozomi Digital Printer,750,6223.0,4667.25,750.0,825,12853,,,2026-08-21,0,4667.25,191098,2026-08-21,E,Flat Bed Die Cut,N,Nozomi Digital 1 Side Print,1,3,,2.0,3,1,0,44.04,40.08,0,14.0,"PKG-NBVP16
=======
6 Prints",Iron,,0,,,1.0,0,0,0,True,0,,Regular,False,3,0,E32 Coated White 1S,CRB,2026-07-28 12:47:26,,0,False,0,0,,Eterna,,1,65,0,12,0,GI,"Dig Ink Med Intensity (50%), Coated Digital (0%)",St. Catharines,11.03,7.09,8.14,,0.0,0,False,2026-07-28,Glued,08/18-ASTR01,"N,E",14855 - ETERNA C3-C,"Dig Ink Med Intensity
Coated Digital",08/18-ASTR01,257.0,2026-08-20,61.0
365877,5035455,18,2026-08-18,500,10,189,1,10,1,10778,1.0,0,,Nozomi Digital Printer,750,6223.0,4667.25,750.0,825,12853,,,2026-08-21,0,4667.25,191098,2026-08-21,E,Flat Bed Die Cut,N,Nozomi Digital 1 Side Print,1,3,,2.0,3,1,0,44.04,40.08,0,14.0,"PKG-NBVP16
>>>>>>> 3d7f0d50c55d01c676d7c4bff56f84cbc3a91754
11-3/16 x 7-9/16 x 8-7/8
Flat Bed Die Cut, Glued, 
16 x 1lb
Digital 1 Side
<<<<<<< HEAD
6 Prints",Iron,,0,,,1.0,0,0,0,True,1,,Regular,False,1,0,E32 Coated White 1S,CRB,2026-07-28 12:47:26,,0,False,0,0,,NAZ,,1,65,0,12,0,GI,"Dig Ink Med Intensity (50%), Coated Digital (0%)",St. Catharines,11.03,7.09,8.14,,1.0,0,False,2026-07-28,Glued,08/18-ASTR01,"ContainerCorp,N,E",14855 - ETERNA C3-C,"Dig Ink Med Intensity
Coated Digital",08/18-ASTR01,213.0,2026-08-18,33.0
365878,5035455,18,2026-08-18,450,20,213,1,25,1,5040,2.0,0,,Eterna,750,6223.0,4667.25,375.0,825,12853,,,2026-08-21,0,4667.25,191098,2026-08-21,E,Flat Bed Die Cut,E,Nozomi Digital 1 Side Print,1,3,,2.0,3,1,0,44.04,40.08,0,34.0,"PKG-NBVP16
=======
6 Prints",Iron,,0,,,1.0,0,0,0,True,1,,Regular,False,1,0,E32 Coated White 1S,CRB,2026-07-28 12:47:26,,0,False,0,0,,NAZ,,1,65,0,12,0,GI,"Dig Ink Med Intensity (50%), Coated Digital (0%)",St. Catharines,11.03,7.09,8.14,,0.0,0,False,2026-07-28,Glued,08/18-ASTR01,"N,E",14855 - ETERNA C3-C,"Dig Ink Med Intensity
Coated Digital",08/18-ASTR01,213.0,2026-08-19,33.0
365876,5035455,18,2026-08-18,500,1,256,0,0,0,0,1.0,0,,Interpac Corrugator,750,6223.0,4667.25,750.0,825,12853,,,2026-08-21,0,4667.25,191098,2026-08-21,E,Flat Bed Die Cut,,Nozomi Digital 1 Side Print,1,3,,2.0,1,1,0,44.04,40.08,0,0.0,"PKG-NBVP16
>>>>>>> 3d7f0d50c55d01c676d7c4bff56f84cbc3a91754
11-3/16 x 7-9/16 x 8-7/8
Flat Bed Die Cut, Glued, 
16 x 1lb
Digital 1 Side
<<<<<<< HEAD
6 Prints",Iron,,0,,,1.0,0,0,0,True,0,,Regular,False,3,0,E32 Coated White 1S,CRB,2026-07-28 12:47:26,,0,False,0,0,,Eterna,,1,65,0,12,0,GI,"Dig Ink Med Intensity (50%), Coated Digital (0%)",St. Catharines,11.03,7.09,8.14,,1.0,0,False,2026-07-28,Glued,08/18-ASTR01,"ContainerCorp,N,E",14855 - ETERNA C3-C,"Dig Ink Med Intensity
=======
6 Prints",Iron,,0,,,1.0,0,0,0,True,0,,Regular,False,0,0,E32 Coated White 1S,CRB,2026-07-28 12:47:26,,0,False,0,0,,,,1,65,0,12,0,GI,"Dig Ink Med Intensity (50%), Coated Digital (0%)",St. Catharines,11.03,7.09,8.14,,0.0,0,False,2026-07-28,Glued,08/18-ASTR01,"N,E",14855 - ETERNA C3-C,"Dig Ink Med Intensity
Coated Digital",08/18-ASTR01,189.0,2026-08-18,
365878,5035455,18,2026-08-19,500,20,213,1,25,1,5040,2.0,0,,Eterna,750,6223.0,4667.25,375.0,825,12853,,,2026-08-21,0,4667.25,191098,2026-08-21,E,Flat Bed Die Cut,E,Nozomi Digital 1 Side Print,1,3,,2.0,3,1,0,44.04,40.08,0,34.0,"PKG-NBVP16
11-3/16 x 7-9/16 x 8-7/8
Flat Bed Die Cut, Glued, 
16 x 1lb
Digital 1 Side
6 Prints",Iron,,0,,,1.0,0,0,0,True,0,,Regular,False,3,0,E32 Coated White 1S,CRB,2026-07-28 12:47:26,,0,False,0,0,,Eterna,,1,65,0,12,0,GI,"Dig Ink Med Intensity (50%), Coated Digital (0%)",St. Catharines,11.03,7.09,8.14,,0.0,0,False,2026-07-28,Glued,08/18-ASTR01,"N,E",14855 - ETERNA C3-C,"Dig Ink Med Intensity
>>>>>>> 3d7f0d50c55d01c676d7c4bff56f84cbc3a91754
Coated Digital",08/18-ASTR01,257.0,2026-08-20,72.0
365879,5035455,18,2026-08-20,500,40,257,1,0,1,0,1.0,0,,Astrapac - Glue,750,6223.0,4667.25,750.0,825,12853,,,2026-08-21,0,4667.25,191098,2026-08-21,E,Flat Bed Die Cut,,Nozomi Digital 1 Side Print,1,3,,2.0,0,1,0,44.04,40.08,0,0.0,"PKG-NBVP16
11-3/16 x 7-9/16 x 8-7/8
Flat Bed Die Cut, Glued, 
16 x 1lb
Digital 1 Side
<<<<<<< HEAD
6 Prints",Iron,,0,,,1.0,0,0,0,True,0,,Regular,False,0,0,E32 Coated White 1S,CRB,2026-07-28 12:47:26,,0,False,0,0,,,,1,65,0,12,0,GI,"Dig Ink Med Intensity (50%), Coated Digital (0%)",St. Catharines,11.03,7.09,8.14,,1.0,0,False,2026-07-28,Glued,08/18-ASTR01,"ContainerCorp,N,E",14855 - ETERNA C3-C,"Dig Ink Med Intensity
=======
6 Prints",Iron,,0,,,1.0,0,0,0,True,0,,Regular,False,0,0,E32 Coated White 1S,CRB,2026-07-28 12:47:26,,0,False,0,0,,,,1,65,0,12,0,GI,"Dig Ink Med Intensity (50%), Coated Digital (0%)",St. Catharines,11.03,7.09,8.14,,0.0,0,False,2026-07-28,Glued,08/18-ASTR01,"N,E",14855 - ETERNA C3-C,"Dig Ink Med Intensity
>>>>>>> 3d7f0d50c55d01c676d7c4bff56f84cbc3a91754
Coated Digital",08/18-ASTR01,238.0,2026-08-20,
365880,5035455,18,2026-08-20,500,50,238,1,0,1,0,1.0,0,,Pack & Protect A-2,750,6223.0,4667.25,750.0,825,12853,,,2026-08-21,0,4667.25,191098,2026-08-21,E,Flat Bed Die Cut,,Nozomi Digital 1 Side Print,1,3,,2.0,5,1,0,44.04,40.08,0,0.0,"PKG-NBVP16
11-3/16 x 7-9/16 x 8-7/8
Flat Bed Die Cut, Glued, 
16 x 1lb
Digital 1 Side
<<<<<<< HEAD
6 Prints",Iron,,0,,,1.0,0,0,0,True,0,,Regular,False,6,0,E32 Coated White 1S,CRB,2026-07-28 12:47:26,,0,False,0,0,,,,1,65,0,12,0,GI,"Dig Ink Med Intensity (50%), Coated Digital (0%)",St. Catharines,11.03,7.09,8.14,,1.0,0,False,2026-07-28,Glued,08/18-ASTR01,"ContainerCorp,N,E",14855 - ETERNA C3-C,"Dig Ink Med Intensity
Coated Digital",08/18-ASTR01,,,
368578,5035574,1,2026-08-14,-170,1,234,1,0,1,0,0.0,0,,Corrugator,5000,7081.0,35405.0,4500.0,5500,13964,,,2026-08-26,0,35405.0,191351,2026-08-26,C,RDC - Rotary Die Cut,,Flexo 3 Colour Printing,3,3,,2.0,0,1,0,33.08,60.14,0,0.0,"Lid 40lb PURPLE MAJESTY
16-3/16 x 59-7/8 (2 Up)
RDC, Glued, 3C Flexo 32C W WRA

Main - G11460015",Berlo's,,0,,,1.0,0,0,0,True,0,,Regular,False,234,0,C32 OY,OT,2026-08-11 11:47:02,,0,False,0,3,200 C Oys,,,1,64,0,12,0,GI,"GCMI 2081 GREEN (10%), PMS 262 C (10%), PMS 688 C (10%)",Simcoe,59.14,16.03,0.0,,1.0,0,False,2026-08-11,Glued,08/17-MONT01,"R,BobstGluer","12070 - ROYAL ST. THOMAS
14878 - ROYAL ST. THOMAS","GCMI 2081 GREEN
PMS 262 C
PMS 688 C",08/17-MONT01,166.0,2026-08-17,
368574,5035574,1,2026-08-17,500,10,166,1,133,1,4000,1.0,0,,United Rotary 66x113 4 Colour,5000,7081.0,35405.0,4500.0,5500,13964,,,2026-08-26,0,35405.0,191351,2026-08-26,C,RDC - Rotary Die Cut,R,Flexo 3 Colour Printing,3,3,,2.0,3,1,0,33.08,60.14,0,208.0,"Lid 40lb PURPLE MAJESTY
16-3/16 x 59-7/8 (2 Up)
RDC, Glued, 3C Flexo 32C W WRA

Main - G11460015",Berlo's,,0,,,1.0,0,0,0,True,2,,Regular,False,2,0,C32 OY,OT,2026-08-11 11:47:02,,0,False,0,3,200 C Oys,Prospect Rotary,,1,64,0,12,0,GI,"GCMI 2081 GREEN (10%), PMS 262 C (10%), PMS 688 C (10%)",Simcoe,59.14,16.03,0.0,,1.0,0,False,2026-08-11,Glued,08/17-MONT01,"R,BobstGluer","12070 - ROYAL ST. THOMAS
14878 - ROYAL ST. THOMAS","GCMI 2081 GREEN
PMS 262 C
PMS 688 C",08/17-MONT01,167.0,2026-08-21,208.0
368575,5035574,1,2026-08-21,500,20,167,1,31,1,4500,1.0,0,,"Bobst Specialty Gluer 115""",5000,7081.0,35405.0,4500.0,5500,13964,,,2026-08-26,0,35405.0,191351,2026-08-26,C,RDC - Rotary Die Cut,Bobst Gluer,Flexo 3 Colour Printing,3,3,,2.0,3,1,0,33.08,60.14,0,98.0,"Lid 40lb PURPLE MAJESTY
16-3/16 x 59-7/8 (2 Up)
RDC, Glued, 3C Flexo 32C W WRA

Main - G11460015",Berlo's,,0,,,1.0,0,0,0,True,0,,Regular,False,6,0,C32 OY,OT,2026-08-11 11:47:02,,0,False,0,3,200 C Oys,Bobst Gluer,,1,64,0,12,0,GI,"GCMI 2081 GREEN (10%), PMS 262 C (10%), PMS 688 C (10%)",Simcoe,59.14,16.03,0.0,,1.0,0,False,2026-08-11,Glued,08/17-MONT01,"R,BobstGluer","12070 - ROYAL ST. THOMAS
14878 - ROYAL ST. THOMAS","GCMI 2081 GREEN
PMS 262 C
PMS 688 C",08/17-MONT01,,,97.0
359226,5034172,1,2026-09-21,500,1,234,0,0,0,0,1.0,0,,Corrugator,1150,6625.0,7618.75,1035.0,1265,11853,,,2026-09-23,0,7618.75,191879,2026-09-23,B,Pad,,Plain,0,3,,1.0,0,1,0,24.0,39.12,0,0.0,"24 x 39-3/4
Pad, Plain 23B Kraft
700/unit",Hendriks,,0,,,1.0,0,0,0,True,0,,Regular,False,234,0,B23 K,CRB,2026-07-03 12:51:12,,0,False,0,0,125 B,,,1,66,0,12,0,N,,Beamsville,24.0,39.12,0.0,,0.0,0,False,2026-07-03,No Closure,No P.O.,,,,No P.O.,208.0,2026-09-22,
359227,5034172,1,2026-09-22,500,10,208,1,0,1,0,1.0,0,,Finished Good,1150,6625.0,7618.75,1035.0,1265,11853,,,2026-09-23,0,7618.75,191879,2026-09-23,B,Pad,,Plain,0,3,,1.0,8,1,0,24.0,39.12,0,0.0,"24 x 39-3/4
Pad, Plain 23B Kraft
700/unit",Hendriks,,0,,,1.0,0,0,0,True,0,,Regular,False,0,0,B23 K,CRB,2026-07-03 12:51:12,,0,False,0,0,125 B,,,1,66,0,12,0,N,,Beamsville,24.0,39.12,0.0,,0.0,0,False,2026-07-03,No Closure,No P.O.,,,,No P.O.,,,
359657,5034203,1,2026-08-24,500,10,208,1,0,1,0,1.0,0,,Finished Good,6480,0.0,0.0,5832.0,7128,19523,,,2026-08-25,0,0.0,192938,2026-08-25,N/A,Not Applicable,,Not Applicable,0,3,,1.0,8,1,0,0.0,0.0,0,0.0,"Honeycomb Pad
34-5/8 x 4 x 3 - 1/2"" cell 
With PSA applied
180 /pallet",Precision,,0,,,1.0,0,0,0,False,0,,Regular,False,0,0,Not Applicable,CRB,2026-07-08 14:04:12,,0,False,0,0,,,,0,74,0,12,0,,,MISSISSAUGA,34.1,4.0,3.0,,0.0,0,False,2026-07-08,Not Applicable,08/20-AXXO01,,,,08/20-AXXO01,,,
366835,5035503,2,2026-08-18,500,1,234,0,0,0,0,1.0,0,,Corrugator,729,4467.0,3256.443,729.0,729,10019,,,2026-08-18,0,3256.443,192946,2026-08-18,E,Flat Bed Die Cut,,Nozomi Digital 1 Side Print,1,3,,2.0,0,1,0,40.02,32.01,0,0.0,"Every Man Jack 260508 
5-3/8 x 8-1/4 x 7-1/16
Flat Bed Die Cut, No Closure, 
Nozomi Digital 1 Sid",Turn-Key,,0,,,1.0,0,0,0,True,0,,Regular,False,234,0,E32 Coated White 1S,OT,2026-08-04 14:50:45,,0,False,0,0,,,,1,65,0,12,0,N,"Dig Ink Med Intensity (100%), Coated Digital (0%)",MISSISSAUGA,30.01,18.01,0.0,,1.0,0,False,2026-08-04,No Closure,08/06-STAX01,"N,Elitron",14020 - STAX,"Dig Ink Med Intensity
Coated Digital",08/06-STAX01,189.0,2026-08-13,
366838,5035503,2,2026-08-21,500,20,168,1,0,1,0,1.0,0,,Farm Out,729,4467.0,3256.443,729.0,729,10019,,,2026-08-18,0,3256.443,192946,2026-08-18,E,Flat Bed Die Cut,,Nozomi Digital 1 Side Print,1,3,,2.0,7,1,0,40.02,32.01,0,0.0,"Every Man Jack 260508 
5-3/8 x 8-1/4 x 7-1/16
Flat Bed Die Cut, No Closure, 
Nozomi Digital 1 Sid",Turn-Key,,0,,,1.0,0,0,0,True,0,,Regular,False,4,0,E32 Coated White 1S,OT,2026-08-04 14:50:45,,0,False,0,0,,Farm Out,,1,65,0,12,0,N,"Dig Ink Med Intensity (100%), Coated Digital (0%)",MISSISSAUGA,30.01,18.01,0.0,,1.0,0,False,2026-08-04,No Closure,08/06-STAX01,"N,Elitron",14020 - STAX,"Dig Ink Med Intensity
Coated Digital",08/06-STAX01,238.0,2026-08-21,
366839,5035503,2,2026-08-21,500,30,238,1,0,1,0,1.0,0,,Pack & Protect A-2,729,4467.0,3256.443,729.0,729,10019,,,2026-08-18,0,3256.443,192946,2026-08-18,E,Flat Bed Die Cut,,Nozomi Digital 1 Side Print,1,3,,2.0,5,1,0,40.02,32.01,0,0.0,"Every Man Jack 260508 
5-3/8 x 8-1/4 x 7-1/16
Flat Bed Die Cut, No Closure, 
Nozomi Digital 1 Sid",Turn-Key,,0,,,1.0,0,0,0,True,0,,Regular,False,6,0,E32 Coated White 1S,OT,2026-08-04 14:50:45,,0,False,0,0,,,,1,65,0,12,0,N,"Dig Ink Med Intensity (100%), Coated Digital (0%)",MISSISSAUGA,30.01,18.01,0.0,,1.0,0,False,2026-08-04,No Closure,08/06-STAX01,"N,Elitron",14020 - STAX,"Dig Ink Med Intensity
Coated Digital",08/06-STAX01,,,
369361,5035614,1,2026-08-20,500,1,234,0,0,0,0,1.0,0,,Corrugator,900,26000.0,23400.0,900.0,900,10001,,,2026-08-24,0,23400.0,193042,2026-08-21,B,Sheet,,Not Applicable,0,3,,1.0,0,1,0,48.0,78.0,0,0.0,"48 x 78
Sheet 
B Flute 32 ECT Coated W 2 S

 *** NO PALLETS -  EXTRA DUNNAGE TOP AND BOTTOM ***",Moyy|WB,,0,,,1.0,10,0,0,True,0,,Regular,False,234,0,B32 Coated White 2S,OT,2026-08-13 13:57:58,,0,False,0,0,,,,1,66,0,12,0,,,Hamilton,48.0,78.0,0.0,,0.0,0,False,2026-08-13,Not Applicable,No P.O.,,,,No P.O.,256.0,2026-08-21,
369362,5035614,1,2026-08-21,500,10,256,1,0,1,0,1.0,0,,Interpac Corrugator,900,26000.0,23400.0,900.0,900,10001,,,2026-08-24,0,23400.0,193042,2026-08-21,B,Sheet,,Not Applicable,0,3,,1.0,1,1,0,48.0,78.0,0,0.0,"48 x 78
Sheet 
B Flute 32 ECT Coated W 2 S

 *** NO PALLETS -  EXTRA DUNNAGE TOP AND BOTTOM ***",Moyy|WB,,0,,,1.0,10,0,0,True,0,,Regular,False,0,0,B32 Coated White 2S,OT,2026-08-13 13:57:58,,0,False,0,0,,,,1,66,0,12,0,,,Hamilton,48.0,78.0,0.0,,0.0,0,False,2026-08-13,Not Applicable,No P.O.,,,,No P.O.,,,41.0
366458,5035484,1,2026-08-14,0,10,168,1,0,1,0,1.0,0,,Farm Out,3000,0.0,0.0,2700.0,3300,16165,,,2026-08-31,0,0.0,193206,2026-08-31,N/A,Flat Bed Die Cut,,Not Applicable,0,3,,1.0,7,1,0,0.0,0.0,0,0.0,"Legacy Carton - Mailer
4-5/8 x 4-3/8 x 1-1/8
24.00 pt C2S Cover
Print Two Sides + Gloss AQ Two Si",JTR,,0,,,1.0,0,0,0,True,0,,Regular,False,4,0,Not Applicable,OT,2026-07-30 12:26:37,,0,False,0,0,,Farm Out,,1,77,0,12,0,,,Vernon,4.1,4.06,1.02,,0.0,0,False,2026-07-30,Not Applicable,08/05-PBII01,,13019 -,,08/05-PBII01,,,
364484,5035395,1,2026-08-14,-400,1,234,0,0,0,0,1.0,0,,Corrugator,2000,10767.0,21534.0,1800.0,2200,12170,,,2026-08-19,0,21534.0,193300,2026-08-19,C,Regular Slotted Carton,,Plain,0,3,,1.0,0,1,0,27.1,56.02,0,0.0,"PKG-SH-7113
13-1/2 x 13-1/2 x 13-1/2 
RSC, Glued, Plain
C Flute 32 ECT Kraft
125/unit",Mitchell's,,0,,,1.0,0,0,0,True,0,,Regular,False,234,0,C32 K,OT,2026-07-23 12:16:56,,0,False,0,0,200 C,,,1,60,0,12,0,GI,,Aylmer,13.08,13.08,13.08,,1.0,0,False,2026-07-23,Glued,07/27-MONT01,L,,,07/27-MONT01,69.0,2026-08-17,
364485,5035395,1,2026-08-17,300,10,69,1,33,1,1995,1.0,0,,Langston Saturn 50x110,2000,10767.0,21534.0,1800.0,2200,12170,,,2026-08-19,0,21534.0,193300,2026-08-19,C,Regular Slotted Carton,L,Plain,0,3,,1.0,3,1,0,27.1,56.02,0,93.0,"PKG-SH-7113
13-1/2 x 13-1/2 x 13-1/2 
RSC, Glued, Plain
C Flute 32 ECT Kraft
125/unit",Mitchell's,,0,,,0.6,0,0,0,True,2,,Regular,False,1,0,C32 K,OT,2026-07-23 12:16:56,,0,False,0,0,200 C,Langston,,1,60,0,12,0,GI,,Aylmer,13.08,13.08,13.08,,1.0,0,False,2026-07-23,Glued,07/27-MONT01,L,,,07/27-MONT01,,,93.0
367765,5035550,1,2026-09-04,500,1,256,0,0,0,0,1.0,0,,Interpac Corrugator,17000,6587.0,111979.0,15300.0,18700,16435,,,2026-09-08,0,111979.0,194638,2026-09-08,C,Regular Slotted Carton,,Plain,0,3,M2601089-A,1.0,1,1,0,16.12,56.1,0,0.0,"M16 17 1/8 x 10 1/8 x 6 1/2 *REVA
RSC, Glued, Plain 32C ECT Kraft
Extended Glue Tabs
500/unit",Scheps Novelties,,0,,,1.0,0,0,0,True,0,,Regular,False,0,0,C32 K,CRB,2026-08-07 15:39:58,,0,False,0,0,200 C,,,1,60,0,12,0,GI,,Tillsonburg,17.02,10.02,6.08,,0.0,0,False,2026-08-07,Glued,08/31-Moyy,L,,,08/31-Moyy,69.0,2026-09-04,
367766,5035550,1,2026-09-04,500,10,69,1,78,1,1500,1.0,0,,Langston Saturn 50x110,17000,6587.0,111979.0,15300.0,18700,16435,,,2026-09-08,0,111979.0,194638,2026-09-08,C,Regular Slotted Carton,L,Plain,0,3,M2601089-A,1.0,3,1,0,16.12,56.1,0,758.0,"M16 17 1/8 x 10 1/8 x 6 1/2 *REVA
RSC, Glued, Plain 32C ECT Kraft
Extended Glue Tabs
500/unit",Scheps Novelties,,0,,,0.6,0,0,0,True,2,,Regular,False,1,0,C32 K,CRB,2026-08-07 15:39:58,,0,False,0,0,200 C,Langston,,1,60,0,12,0,GI,,Tillsonburg,17.02,10.02,6.08,,0.0,0,False,2026-08-07,Glued,08/31-Moyy,L,,,08/31-Moyy,,,758.0
366084,5035470,1,2026-08-14,-100,1,234,0,0,0,0,1.0,0,,Corrugator,2000,5014.0,10028.0,1800.0,2200,19463,,,2026-08-06,0,10028.0,194777,2026-08-06,C,Sheet,,Not Applicable,0,3,,1.0,0,1,0,19.0,38.0,0,0.0,"19 x 38
Sheet C Flute 29 ECT Kraft
NO SCORES
Bales must be a max of 48"" High",Mid-North,,0,,,1.0,0,0,0,True,0,,Regular,False,234,0,C29 K,OT,2026-07-29 15:53:42,,0,False,0,0,175 C,,,1,66,0,12,0,,,New Liskeard,19.0,38.0,0.0,,0.0,0,False,2026-07-29,Not Applicable,08/04-MONT01,,,,08/04-MONT01,208.0,2026-08-14,
366085,5035470,1,2026-08-14,0,10,208,1,0,1,0,1.0,0,,Finished Good,2000,5014.0,10028.0,1800.0,2200,19463,,,2026-08-06,0,10028.0,194777,2026-08-06,C,Sheet,,Not Applicable,0,3,,1.0,8,1,0,19.0,38.0,0,0.0,"19 x 38
Sheet C Flute 29 ECT Kraft
NO SCORES
Bales must be a max of 48"" High",Mid-North,,0,,,1.0,0,0,0,True,0,,Regular,False,0,0,C29 K,OT,2026-07-29 15:53:42,,0,False,0,0,175 C,,,1,66,0,12,0,,,New Liskeard,19.0,38.0,0.0,,0.0,0,False,2026-07-29,Not Applicable,08/04-MONT01,,,,08/04-MONT01,,,
366080,5035469,1,2026-08-14,-100,1,234,0,0,0,0,1.0,0,,Corrugator,2000,4000.0,8000.0,1800.0,2200,19463,,,2026-08-06,0,8000.0,194778,2026-08-06,C,Sheet,,Not Applicable,0,3,,1.0,0,1,0,24.0,24.0,0,0.0,"24 x 24
Sheet C Flute 29 ECT Kraft
NO SCORES
Bales must be a max of 48"" High",Mid-North,,0,,,1.0,0,0,0,True,0,,Regular,False,234,0,C29 K,OT,2026-07-29 15:50:39,,0,False,0,0,175 C,,,1,66,0,12,0,,,New Liskeard,24.0,24.0,0.0,,0.0,0,False,2026-07-29,Not Applicable,08/04-MONT01,,,,08/04-MONT01,208.0,2026-08-14,
366081,5035469,1,2026-08-14,0,10,208,1,0,1,0,1.0,0,,Finished Good,2000,4000.0,8000.0,1800.0,2200,19463,,,2026-08-06,0,8000.0,194778,2026-08-06,C,Sheet,,Not Applicable,0,3,,1.0,8,1,0,24.0,24.0,0,0.0,"24 x 24
Sheet C Flute 29 ECT Kraft
NO SCORES
Bales must be a max of 48"" High",Mid-North,,0,,,1.0,0,0,0,True,0,,Regular,False,0,0,C29 K,OT,2026-07-29 15:50:39,,0,False,0,0,175 C,,,1,66,0,12,0,,,New Liskeard,24.0,24.0,0.0,,0.0,0,False,2026-07-29,Not Applicable,08/04-MONT01,,,,08/04-MONT01,,,
367142,5035514,1,2026-08-25,500,1,234,0,0,0,0,1.0,0,,Corrugator,1800,3228.0,5810.4,1800.0,1890,19568,,,2026-08-26,0,5810.4,194805,2026-08-26,B,RDC - Rotary Die Cut,,Nozomi Digital 1 Side Print,1,3,M2402058,2.0,0,1,0,28.15,32.02,0,0.0,"LE - Red Tray 24Pk Sleek Tray 
2 Side Rollover 
32B Oyster 1 Side +MRA
Digitally Printed",Purple,,0,,,1.0,0,0,0,True,0,,Regular,False,234,0,B32 OY,OT,2026-08-06 10:01:48,,0,False,0,0,200 B Oys,,,1,65,0,12,0,N,Dig Ink Med Intensity (100%),Niagara Falls,15.09,10.06,3.0,,1.0,0,False,2026-08-06,No Closure,08/17-MONT01,"N,R",14160 - L-3,Dig Ink Med Intensity,08/17-MONT01,189.0,2026-08-18,
367143,5035514,1,2026-08-18,500,20,189,2,10,1,13491,1.0,0,,Nozomi Digital Printer,1800,3228.0,5810.4,1800.0,1890,19568,,,2026-08-26,0,5810.4,194805,2026-08-26,B,RDC - Rotary Die Cut,N,Nozomi Digital 1 Side Print,1,3,M2402058,2.0,3,1,0,28.15,32.02,0,28.0,"LE - Red Tray 24Pk Sleek Tray 
2 Side Rollover 
32B Oyster 1 Side +MRA
Digitally Printed",Purple,,0,,,1.0,0,0,0,True,1,,Regular,False,1,0,B32 OY,OT,2026-08-06 10:01:48,,0,False,0,0,200 B Oys,NAZ,,1,65,0,12,0,N,Dig Ink Med Intensity (100%),Niagara Falls,15.09,10.06,3.0,,1.0,0,False,2026-08-06,No Closure,08/17-MONT01,"N,R",14160 - L-3,Dig Ink Med Intensity,08/17-MONT01,166.0,2026-08-17,18.0
367144,5035514,1,2026-08-17,500,30,166,1,33,1,2400,1.0,0,,United Rotary 66x113 4 Colour,1800,3228.0,5810.4,1800.0,1890,19568,,,2026-08-26,0,5810.4,194805,2026-08-26,B,RDC - Rotary Die Cut,R,Nozomi Digital 1 Side Print,1,3,M2402058,2.0,3,1,0,28.15,32.02,0,78.0,"LE - Red Tray 24Pk Sleek Tray 
2 Side Rollover 
32B Oyster 1 Side +MRA
Digitally Printed",Purple,,0,,,1.0,0,0,0,True,2,,Regular,False,2,0,B32 OY,OT,2026-08-06 10:01:48,,0,False,0,0,200 B Oys,Prospect Rotary,,1,65,0,12,0,N,Dig Ink Med Intensity (100%),Niagara Falls,15.09,10.06,3.0,,1.0,0,False,2026-08-06,No Closure,08/17-MONT01,"N,R",14160 - L-3,Dig Ink Med Intensity,08/17-MONT01,,,78.0
367055,5035511,1,2026-08-19,500,1,234,0,0,0,0,1.0,0,,Corrugator,9360,12161.0,113826.96,9360.0,9828,16435,,,2026-08-21,0,113826.96,194810,2026-08-21,C,Regular Slotted Carton,,Plain,0,3,M2600996,1.0,0,1,0,23.1,74.02,0,0.0,"Sorrissa Trader Joes M18 
20-1/2 x 15-1/2 x 7-3/4
RSC, Glued, Plain 32C Kraft +wra
Extended Glue",Scheps Novelties,,0,,,1.0,0,0,0,True,0,,Regular,False,234,0,C32 K,OT,2026-08-06 07:10:27,,0,False,0,0,200 C,,,1,60,0,12,0,GI,,Tillsonburg,20.08,15.08,7.12,,1.0,0,False,2026-08-06,Glued,08/12-MONT01,L,,,08/12-MONT01,69.0,2026-08-18,
367056,5035511,1,2026-08-18,500,10,69,1,33,1,2520,1.0,0,,Langston Saturn 50x110,9360,12161.0,113826.96,9360.0,9828,16435,,,2026-08-21,0,113826.96,194810,2026-08-21,C,Regular Slotted Carton,L,Plain,0,3,M2600996,1.0,3,1,0,23.1,74.02,0,256.0,"Sorrissa Trader Joes M18 
20-1/2 x 15-1/2 x 7-3/4
RSC, Glued, Plain 32C Kraft +wra
Extended Glue",Scheps Novelties,,0,,,0.6,0,0,0,True,2,,Regular,False,1,0,C32 K,OT,2026-08-06 07:10:27,,0,False,0,0,200 C,Langston,,1,60,0,12,0,GI,,Tillsonburg,20.08,15.08,7.12,,1.0,0,False,2026-08-06,Glued,08/12-MONT01,L,,,08/12-MONT01,,,255.0
367061,5035512,1,2026-09-10,500,1,256,0,0,0,0,1.0,0,,Interpac Corrugator,9000,12161.0,109449.0,9000.0,9450,16435,,,2026-09-14,0,109449.0,194810,2026-09-14,C,Regular Slotted Carton,,Plain,0,3,M2600996,1.0,1,1,0,23.1,74.02,0,0.0,"Sorrissa Trader Joes M18 
20-1/2 x 15-1/2 x 7-3/4
RSC, Glued, Plain 32C Kraft +wra
Extended Glue",Scheps Novelties,,0,,,1.0,0,0,0,True,0,,Regular,False,0,0,C32 K,CRB,2026-08-06 07:12:38,,0,False,0,0,200 C,,,1,60,0,12,0,GI,,Tillsonburg,20.08,15.08,7.12,,0.0,0,False,2026-08-06,Glued,09/07-Moyy,L,,,09/07-Moyy,69.0,2026-09-10,
367062,5035512,1,2026-09-10,500,10,69,1,33,1,2520,1.0,0,,Langston Saturn 50x110,9000,12161.0,109449.0,9000.0,9450,16435,,,2026-09-14,0,109449.0,194810,2026-09-14,C,Regular Slotted Carton,L,Plain,0,3,M2600996,1.0,3,1,0,23.1,74.02,0,247.0,"Sorrissa Trader Joes M18 
20-1/2 x 15-1/2 x 7-3/4
RSC, Glued, Plain 32C Kraft +wra
Extended Glue",Scheps Novelties,,0,,,0.6,0,0,0,True,2,,Regular,False,1,0,C32 K,CRB,2026-08-06 07:12:38,,0,False,0,0,200 C,Langston,,1,60,0,12,0,GI,,Tillsonburg,20.08,15.08,7.12,,0.0,0,False,2026-08-06,Glued,09/07-Moyy,L,,,09/07-Moyy,,,247.0
367999,5035566,1,2026-08-18,500,1,234,0,0,0,0,1.0,0,,Corrugator,485,20813.0,10094.305,437.0,534,19463,,,2026-08-26,0,10094.305,194847,2026-08-26,N/A,Sheet,,Not Applicable,0,3,,1.0,0,1,0,40.08,74.0,0,0.0,"40-1/2 x 74
Sheet ACC Flute 90 ECT Kraft
Scored at 12 x 16-1/2 x 12",Mid-North,,0,,,1.0,0,0,0,True,0,,Regular,False,234,0,ACC 90 K,OT,2026-08-10 12:03:35,,0,False,0,0,,,,1,66,0,12,0,,,New Liskeard,40.08,74.0,0.0,,0.0,0,False,2026-08-10,Not Applicable,08/21-TENN01,,,,08/21-TENN01,208.0,2026-08-19,
368000,5035566,1,2026-08-19,500,10,208,1,0,1,0,1.0,0,,Finished Good,485,20813.0,10094.305,437.0,534,19463,,,2026-08-26,0,10094.305,194847,2026-08-26,N/A,Sheet,,Not Applicable,0,3,,1.0,8,1,0,40.08,74.0,0,0.0,"40-1/2 x 74
Sheet ACC Flute 90 ECT Kraft
Scored at 12 x 16-1/2 x 12",Mid-North,,0,,,1.0,0,0,0,True,0,,Regular,False,0,0,ACC 90 K,OT,2026-08-10 12:03:35,,0,False,0,0,,,,1,66,0,12,0,,,New Liskeard,40.08,74.0,0.0,,0.0,0,False,2026-08-10,Not Applicable,08/21-TENN01,,,,08/21-TENN01,,,
366920,5035506,1,2026-08-14,300,1,234,0,0,0,0,1.0,0,,Corrugator,1000,7324.0,7324.0,1000.0,1100,19157,,,2026-08-21,0,7324.0,194857,2026-08-21,C,RDC - Rotary Die Cut,,Nozomi Digital 1 Side Print,1,3,M2501603A,2.0,0,1,0,37.04,56.1,0,0.0,"Brokedown Pallet 24Pk Tear x 473ml
RSC Style Carton with 
Tare Strip Digitally Printed
32 C Oyste",Clifford,,0,,,1.0,0,0,0,True,0,,Regular,True,234,0,C32 OY,OT,2026-08-05 13:34:41,,0,False,0,0,200 C Oys,,,1,65,0,12,0,GI,Dig Ink Med Intensity (100%),Hamilton,54.08,17.1,0.0,,1.0,0,False,2026-08-05,Glued,08/11-MONT01,"N,E,BobstGluer",14578 - CAN3-C,Dig Ink Med Intensity,08/11-MONT01,189.0,2026-08-17,
366921,5035506,1,2026-08-17,500,10,189,1,10,1,7700,1.0,0,,Nozomi Digital Printer,1000,7324.0,7324.0,1000.0,1100,19157,,,2026-08-21,0,7324.0,194857,2026-08-21,C,RDC - Rotary Die Cut,N,Nozomi Digital 1 Side Print,1,3,M2501603A,2.0,3,1,0,37.04,56.1,0,18.0,"Brokedown Pallet 24Pk Tear x 473ml
RSC Style Carton with 
Tare Strip Digitally Printed
32 C Oyste",Clifford,,0,,,1.0,0,0,0,True,1,,Regular,True,1,0,C32 OY,OT,2026-08-05 13:34:41,,0,False,0,0,200 C Oys,NAZ,,1,65,0,12,0,GI,Dig Ink Med Intensity (100%),Hamilton,54.08,17.1,0.0,,1.0,0,False,2026-08-05,Glued,08/11-MONT01,"N,E,BobstGluer",14578 - CAN3-C,Dig Ink Med Intensity,08/11-MONT01,213.0,2026-08-19,17.0
366922,5035506,1,2026-08-19,500,20,213,1,25,1,4920,1.0,0,,Eterna,1000,7324.0,7324.0,1000.0,1100,19157,,,2026-08-21,0,7324.0,194857,2026-08-21,C,RDC - Rotary Die Cut,E,Nozomi Digital 1 Side Print,1,3,M2501603A,2.0,3,1,0,37.04,56.1,0,37.0,"Brokedown Pallet 24Pk Tear x 473ml
RSC Style Carton with 
Tare Strip Digitally Printed
32 C Oyste",Clifford,,0,,,1.0,0,0,0,True,0,,Regular,True,3,0,C32 OY,OT,2026-08-05 13:34:41,,0,False,0,0,200 C Oys,Eterna,,1,65,0,12,0,GI,Dig Ink Med Intensity (100%),Hamilton,54.08,17.1,0.0,,1.0,0,False,2026-08-05,Glued,08/11-MONT01,"N,E,BobstGluer",14578 - CAN3-C,Dig Ink Med Intensity,08/11-MONT01,167.0,2026-08-17,37.0
366923,5035506,1,2026-08-17,500,30,167,1,31,1,5600,1.0,0,,"Bobst Specialty Gluer 115""",1000,7324.0,7324.0,1000.0,1100,19157,,,2026-08-21,0,7324.0,194857,2026-08-21,C,RDC - Rotary Die Cut,Bobst Gluer,Nozomi Digital 1 Side Print,1,3,M2501603A,2.0,3,1,0,37.04,56.1,0,42.0,"Brokedown Pallet 24Pk Tear x 473ml
RSC Style Carton with 
Tare Strip Digitally Printed
32 C Oyste",Clifford,,0,,,1.0,0,0,0,True,0,,Regular,True,6,0,C32 OY,OT,2026-08-05 13:34:41,,0,False,0,0,200 C Oys,Bobst Gluer,,1,65,0,12,0,GI,Dig Ink Med Intensity (100%),Hamilton,54.08,17.1,0.0,,1.0,0,False,2026-08-05,Glued,08/11-MONT01,"N,E,BobstGluer",14578 - CAN3-C,Dig Ink Med Intensity,08/11-MONT01,238.0,2026-08-18,41.0
366924,5035506,1,2026-08-18,500,40,238,1,0,1,0,1.0,0,,Pack & Protect A-2,1000,7324.0,7324.0,1000.0,1100,19157,,,2026-08-21,0,7324.0,194857,2026-08-21,C,RDC - Rotary Die Cut,,Nozomi Digital 1 Side Print,1,3,M2501603A,2.0,5,1,0,37.04,56.1,0,0.0,"Brokedown Pallet 24Pk Tear x 473ml
RSC Style Carton with 
Tare Strip Digitally Printed
32 C Oyste",Clifford,,0,,,1.0,0,0,0,True,0,,Regular,True,6,0,C32 OY,OT,2026-08-05 13:34:41,,0,False,0,0,200 C Oys,,,1,65,0,12,0,GI,Dig Ink Med Intensity (100%),Hamilton,54.08,17.1,0.0,,1.0,0,False,2026-08-05,Glued,08/11-MONT01,"N,E,BobstGluer",14578 - CAN3-C,Dig Ink Med Intensity,08/11-MONT01,,,
369368,5035615,1,2026-08-28,500,1,234,0,0,0,0,1.0,0,,Corrugator,1575,24765.0,39004.875,1575.0,1575,10019,,,2026-08-27,0,39004.875,194889,2026-08-27,B,Sheet,,Nozomi Digital 1 Side Print,1,3,,1.0,0,1,0,43.01,82.13,0,0.0,"TOI BASE 260519
23-3/4 x 15-3/4 x 27-5/8 
Diecut and Glued
Digital outside print
B32 Coated Whit",Turn-Key,,0,,,1.0,0,0,0,True,0,,Regular,False,234,0,B32 Coated White 1S,OT,2026-08-13 14:05:47,,0,False,0,0,,,,1,65,0,12,0,GI,"Dig Ink Med Intensity (100%), Coated Digital (0%)",MISSISSAUGA,23.12,15.12,27.1,,0.0,0,False,2026-08-13,Glued,08/18-MONT01,"N,R,BobstGluer",14709 - P-12,"Dig Ink Med Intensity
Coated Digital",08/18-MONT01,189.0,2026-08-31,
369369,5035615,1,2026-08-31,500,10,189,1,10,1,1314,1.0,0,,Nozomi Digital Printer,1575,24765.0,39004.875,1575.0,1575,10019,,,2026-08-27,0,39004.875,194889,2026-08-27,B,Sheet,N,Nozomi Digital 1 Side Print,1,3,,1.0,3,1,0,43.01,82.13,0,82.0,"TOI BASE 260519
23-3/4 x 15-3/4 x 27-5/8 
Diecut and Glued
Digital outside print
B32 Coated Whit",Turn-Key,,0,,,1.0,0,0,0,True,1,,Regular,False,1,0,B32 Coated White 1S,OT,2026-08-13 14:05:47,,0,False,0,0,,NAZ,,1,65,0,12,0,GI,"Dig Ink Med Intensity (100%), Coated Digital (0%)",MISSISSAUGA,23.12,15.12,27.1,,0.0,0,False,2026-08-13,Glued,08/18-MONT01,"N,R,BobstGluer",14709 - P-12,"Dig Ink Med Intensity
Coated Digital",08/18-MONT01,166.0,2026-09-01,85.0
369370,5035615,1,2026-09-01,500,30,166,1,33,1,1800,1.0,0,,United Rotary 66x113 4 Colour,1575,24765.0,39004.875,1575.0,1575,10019,,,2026-08-27,0,39004.875,194889,2026-08-27,B,Sheet,R,Nozomi Digital 1 Side Print,1,3,,1.0,3,1,0,43.01,82.13,0,86.0,"TOI BASE 260519
23-3/4 x 15-3/4 x 27-5/8 
Diecut and Glued
Digital outside print
B32 Coated Whit",Turn-Key,,0,,,1.0,0,0,0,True,2,,Regular,False,2,0,B32 Coated White 1S,OT,2026-08-13 14:05:47,,0,False,0,0,,Prospect Rotary,,1,65,0,12,0,GI,"Dig Ink Med Intensity (100%), Coated Digital (0%)",MISSISSAUGA,23.12,15.12,27.1,,0.0,0,False,2026-08-13,Glued,08/18-MONT01,"N,R,BobstGluer",14709 - P-12,"Dig Ink Med Intensity
Coated Digital",08/18-MONT01,167.0,2026-09-02,85.0
369371,5035615,1,2026-09-02,500,45,167,1,25,1,1500,1.0,0,,"Bobst Specialty Gluer 115""",1575,24765.0,39004.875,1575.0,1575,10019,,,2026-08-27,0,39004.875,194889,2026-08-27,B,Sheet,Bobst Gluer,Nozomi Digital 1 Side Print,1,3,,1.0,3,1,0,43.01,82.13,0,88.0,"TOI BASE 260519
23-3/4 x 15-3/4 x 27-5/8 
Diecut and Glued
Digital outside print
B32 Coated Whit",Turn-Key,,0,,,1.0,0,0,0,True,0,,Regular,False,6,0,B32 Coated White 1S,OT,2026-08-13 14:05:47,,0,False,0,0,,Bobst Gluer,,1,65,0,12,0,GI,"Dig Ink Med Intensity (100%), Coated Digital (0%)",MISSISSAUGA,23.12,15.12,27.1,,0.0,0,False,2026-08-13,Glued,08/18-MONT01,"N,R,BobstGluer",14709 - P-12,"Dig Ink Med Intensity
Coated Digital",08/18-MONT01,238.0,2026-09-03,88.0
369372,5035615,1,2026-09-03,500,50,238,1,0,1,0,1.0,0,,Pack & Protect A-2,1575,24765.0,39004.875,1575.0,1575,10019,,,2026-08-27,0,39004.875,194889,2026-08-27,B,Sheet,,Nozomi Digital 1 Side Print,1,3,,1.0,5,1,0,43.01,82.13,0,0.0,"TOI BASE 260519
23-3/4 x 15-3/4 x 27-5/8 
Diecut and Glued
Digital outside print
B32 Coated Whit",Turn-Key,,0,,,1.0,0,0,0,True,0,,Regular,False,6,0,B32 Coated White 1S,OT,2026-08-13 14:05:47,,0,False,0,0,,,,1,65,0,12,0,GI,"Dig Ink Med Intensity (100%), Coated Digital (0%)",MISSISSAUGA,23.12,15.12,27.1,,0.0,0,False,2026-08-13,Glued,08/18-MONT01,"N,R,BobstGluer",14709 - P-12,"Dig Ink Med Intensity
Coated Digital",08/18-MONT01,,,
367262,5035519,1,2026-08-14,400,1,234,0,0,0,0,1.0,0,,Corrugator,200,22726.0,4545.2,180.0,220,19463,,,2026-08-14,0,4545.2,194891,2026-08-14,C,Sheet,,Not Applicable,0,3,,1.0,0,1,0,40.0,81.13,0,0.0,"40 x 81-13/16
Sheet C Flute 44 ECT Kraft
NO SCORES
Bales must be a max of 48"" High",Mid-North,,0,,,1.0,0,0,0,True,0,,Regular,False,234,0,C44 K,OT,2026-08-06 13:39:25,,0,False,0,0,275 C,,,1,66,0,12,0,,,New Liskeard,40.0,81.13,0.0,,0.0,0,False,2026-08-06,Not Applicable,08/11-MONT01,,,,08/11-MONT01,208.0,2026-08-14,
367263,5035519,1,2026-08-14,500,10,208,1,0,1,0,1.0,0,,Finished Good,200,22726.0,4545.2,180.0,220,19463,,,2026-08-14,0,4545.2,194891,2026-08-14,C,Sheet,,Not Applicable,0,3,,1.0,8,1,0,40.0,81.13,0,0.0,"40 x 81-13/16
Sheet C Flute 44 ECT Kraft
NO SCORES
Bales must be a max of 48"" High",Mid-North,,0,,,1.0,0,0,0,True,0,,Regular,False,0,0,C44 K,OT,2026-08-06 13:39:25,,0,False,0,0,275 C,,,1,66,0,12,0,,,New Liskeard,40.0,81.13,0.0,,0.0,0,False,2026-08-06,Not Applicable,08/11-MONT01,,,,08/11-MONT01,,,
367268,5035520,1,2026-08-14,400,1,234,0,0,0,0,1.0,0,,Corrugator,160,29087.0,4653.92,144.0,176,19463,,,2026-08-14,0,4653.92,194892,2026-08-14,C,Sheet,,Not Applicable,0,3,,1.0,0,1,0,64.14,64.09,0,0.0,"64-7/8 x 64-9/16
Sheet C Flute 32 ECT Kraft
Scored at 12-1/8 x 40-5/8 x 12-1/8

Bales must be a",Mid-North,,0,,,1.0,0,0,0,True,0,,Regular,False,234,0,C32 K,OT,2026-08-06 13:41:53,,0,False,0,0,200 C,,,1,66,0,12,0,,,New Liskeard,64.14,64.09,0.0,,0.0,0,False,2026-08-06,Not Applicable,08/11-MONT01,,,,08/11-MONT01,208.0,2026-08-14,
367269,5035520,1,2026-08-14,500,10,208,1,0,1,0,1.0,0,,Finished Good,160,29087.0,4653.92,144.0,176,19463,,,2026-08-14,0,4653.92,194892,2026-08-14,C,Sheet,,Not Applicable,0,3,,1.0,8,1,0,64.14,64.09,0,0.0,"64-7/8 x 64-9/16
Sheet C Flute 32 ECT Kraft
Scored at 12-1/8 x 40-5/8 x 12-1/8

Bales must be a",Mid-North,,0,,,1.0,0,0,0,True,0,,Regular,False,0,0,C32 K,OT,2026-08-06 13:41:53,,0,False,0,0,200 C,,,1,66,0,12,0,,,New Liskeard,64.14,64.09,0.0,,0.0,0,False,2026-08-06,Not Applicable,08/11-MONT01,,,,08/11-MONT01,,,
368124,5035567,1,2026-08-18,500,1,256,0,0,0,0,1.0,0,,Interpac Corrugator,500,6620.0,3310.0,500.0,550,18597,,,2026-08-25,0,3310.0,194896,2026-08-25,B,Flat Bed Die Cut,,Nozomi Digital 1 Side Print,1,3,,2.0,1,1,0,32.05,59.0,0,0.0,"16 x 1 lb Big Box DUCK
Chicken/turkey/beef
15-3/16 x 57
FBDC, Glued, 20/Bundle
Nozomi Digital 1",Healthy,,0,,,1.0,0,0,0,True,0,,Regular,False,0,0,B32 Coated White 1S,OT,2026-08-10 12:13:13,,0,False,0,0,,,,1,65,0,12,0,GI,"Dig Ink Med Intensity (40%), Coated Digital (0%)",Smithville,57.0,15.03,0.0,,1.0,0,False,2026-08-10,Glued,08/13-Moyy,"N,E,BobstGluer",13750 - C4 E,"Dig Ink Med Intensity
Coated Digital",08/13-Moyy,189.0,2026-08-19,
368122,5035567,1,2026-08-19,500,10,189,1,1,1,0,1.0,0,,Nozomi Digital Printer,500,6620.0,3310.0,500.0,550,18597,,,2026-08-25,0,3310.0,194896,2026-08-25,B,Flat Bed Die Cut,N,Nozomi Digital 1 Side Print,1,3,,2.0,3,1,0,32.05,59.0,0,1.0,"16 x 1 lb Big Box DUCK
Chicken/turkey/beef
15-3/16 x 57
FBDC, Glued, 20/Bundle
Nozomi Digital 1",Healthy,,0,,,1.0,0,0,0,True,1,,Regular,False,1,0,B32 Coated White 1S,OT,2026-08-10 12:13:13,,0,False,0,0,,NAZ,,1,65,0,12,0,GI,"Dig Ink Med Intensity (40%), Coated Digital (0%)",Smithville,57.0,15.03,0.0,,1.0,0,False,2026-08-10,Glued,08/13-Moyy,"N,E,BobstGluer",13750 - C4 E,"Dig Ink Med Intensity
Coated Digital",08/13-Moyy,213.0,2026-08-21,
368123,5035567,1,2026-08-21,500,20,213,1,25,1,7000,1.0,0,,Eterna,500,6620.0,3310.0,500.0,550,18597,,,2026-08-25,0,3310.0,194896,2026-08-25,B,Flat Bed Die Cut,E,Nozomi Digital 1 Side Print,1,3,,2.0,3,1,0,32.05,59.0,0,29.0,"16 x 1 lb Big Box DUCK
Chicken/turkey/beef
15-3/16 x 57
FBDC, Glued, 20/Bundle
Nozomi Digital 1",Healthy,,0,,,1.0,0,0,0,True,0,,Regular,False,3,0,B32 Coated White 1S,OT,2026-08-10 12:13:13,,0,False,0,0,,Eterna,,1,65,0,12,0,GI,"Dig Ink Med Intensity (40%), Coated Digital (0%)",Smithville,57.0,15.03,0.0,,1.0,0,False,2026-08-10,Glued,08/13-Moyy,"N,E,BobstGluer",13750 - C4 E,"Dig Ink Med Intensity
Coated Digital",08/13-Moyy,167.0,2026-08-21,29.0
368121,5035567,1,2026-08-21,500,30,167,1,31,1,6500,1.0,0,,"Bobst Specialty Gluer 115""",500,6620.0,3310.0,500.0,550,18597,,,2026-08-25,0,3310.0,194896,2026-08-25,B,Flat Bed Die Cut,Bobst Gluer,Nozomi Digital 1 Side Print,1,3,,2.0,3,1,0,32.05,59.0,0,36.0,"16 x 1 lb Big Box DUCK
Chicken/turkey/beef
15-3/16 x 57
FBDC, Glued, 20/Bundle
Nozomi Digital 1",Healthy,,0,,,1.0,0,0,0,True,0,,Regular,False,6,0,B32 Coated White 1S,OT,2026-08-10 12:13:13,,0,False,0,0,,Bobst Gluer,,1,65,0,12,0,GI,"Dig Ink Med Intensity (40%), Coated Digital (0%)",Smithville,57.0,15.03,0.0,,1.0,0,False,2026-08-10,Glued,08/13-Moyy,"N,E,BobstGluer",13750 - C4 E,"Dig Ink Med Intensity
Coated Digital",08/13-Moyy,,,35.0
368673,5035586,1,2026-08-18,500,10,208,1,0,1,0,1.0,0,,Finished Good,1125,4550.0,5118.75,1125.0,1181,18353,,,2026-08-19,0,5118.75,194907,2026-08-19,B,Telescope Lid,,Plain,0,3,,1.0,8,1,0,21.12,30.02,0,0.0,"BIN - TCAP 
23-7/8 x 15-1/2 x 3
Tray Tray Plain 
B Flute 29 ECT Kraft
710/unit",Duvet,,0,,,1.0,0,0,0,True,0,,Regular,False,0,0,B29 K,CRB,2026-08-12 07:58:01,,0,False,0,0,175 B,,,1,69,0,12,0,N,,Montreal,23.14,15.08,3.0,,0.0,0,False,2026-08-12,No Closure,08/17-FLIN01,,,,08/17-FLIN01,,,
367806,5035557,1,2026-08-31,500,1,234,0,0,0,0,1.0,0,,Corrugator,370,10935.0,4045.95,370.0,407,19415,,,2026-08-26,0,4045.95,194918,2026-08-26,B,Flat Bed Die Cut,,Nozomi Digital 1 Side Print,1,3,M2501833,1.0,0,1,0,39.0,40.06,0,0.0,"P3377 Apple Carrot-Costco Tray
4 Side Roll Over
Inside size 23 x 18-3/4 x 3
40 B Coated White 1 S",Riverside,,0,,,1.0,0,0,0,True,0,,Regular,True,234,0,B40 Coated White 1S,OT,2026-08-10 09:34:10,,0,False,0,0,,,,1,65,0,14,0,N,Dig Ink Med Intensity (75%),ETOBICOKE,23.0,18.12,3.0,,1.0,0,False,2026-08-10,No Closure,08/14-MONT01,"N,R,PP",14635 - L-9,Dig Ink Med Intensity,08/14-MONT01,189.0,2026-08-18,
367807,5035557,1,2026-08-18,500,10,189,1,10,1,2695,1.0,0,,Nozomi Digital Printer,370,10935.0,4045.95,370.0,407,19415,,,2026-08-26,0,4045.95,194918,2026-08-26,B,Flat Bed Die Cut,N,Nozomi Digital 1 Side Print,1,3,M2501833,1.0,3,1,0,39.0,40.06,0,18.0,"P3377 Apple Carrot-Costco Tray
4 Side Roll Over
Inside size 23 x 18-3/4 x 3
40 B Coated White 1 S",Riverside,,0,,,1.0,0,0,0,True,1,,Regular,True,1,0,B40 Coated White 1S,OT,2026-08-10 09:34:10,,0,False,0,0,,NAZ,,1,65,0,14,0,N,Dig Ink Med Intensity (75%),ETOBICOKE,23.0,18.12,3.0,,1.0,0,False,2026-08-10,No Closure,08/14-MONT01,"N,R,PP",14635 - L-9,Dig Ink Med Intensity,08/14-MONT01,166.0,2026-08-20,18.0
367808,5035557,1,2026-08-20,500,20,166,1,33,1,2000,1.0,0,,United Rotary 66x113 4 Colour,370,10935.0,4045.95,370.0,407,19415,,,2026-08-26,0,4045.95,194918,2026-08-26,B,Flat Bed Die Cut,R,Nozomi Digital 1 Side Print,1,3,M2501833,1.0,3,1,0,39.0,40.06,0,44.0,"P3377 Apple Carrot-Costco Tray
4 Side Roll Over
Inside size 23 x 18-3/4 x 3
40 B Coated White 1 S",Riverside,,0,,,1.0,0,0,0,True,2,,Regular,True,2,0,B40 Coated White 1S,OT,2026-08-10 09:34:10,,0,False,0,0,,Prospect Rotary,,1,65,0,14,0,N,Dig Ink Med Intensity (75%),ETOBICOKE,23.0,18.12,3.0,,1.0,0,False,2026-08-10,No Closure,08/14-MONT01,"N,R,PP",14635 - L-9,Dig Ink Med Intensity,08/14-MONT01,237.0,2026-09-03,44.0
367809,5035557,1,2026-09-03,500,30,237,1,0,1,0,1.0,0,,Pack & Protect A-1,370,10935.0,4045.95,370.0,407,19415,,,2026-08-26,0,4045.95,194918,2026-08-26,B,Flat Bed Die Cut,PP,Nozomi Digital 1 Side Print,1,3,M2501833,1.0,5,1,0,39.0,40.06,0,0.0,"P3377 Apple Carrot-Costco Tray
4 Side Roll Over
Inside size 23 x 18-3/4 x 3
40 B Coated White 1 S",Riverside,,0,,,1.0,0,0,0,True,0,,Regular,True,6,0,B40 Coated White 1S,OT,2026-08-10 09:34:10,,0,False,0,0,,,,1,65,0,14,0,N,Dig Ink Med Intensity (75%),ETOBICOKE,23.0,18.12,3.0,,1.0,0,False,2026-08-10,No Closure,08/14-MONT01,"N,R,PP",14635 - L-9,Dig Ink Med Intensity,08/14-MONT01,,,
368968,5035597,1,2026-08-19,500,10,208,1,0,1,0,1.0,0,,Finished Good,2140,619.0,1324.66,1926.0,2354,12265,,,2026-08-20,0,1324.66,194931,2026-08-20,C,Sheet,,Plain,0,3,,1.0,8,1,0,7.12,11.08,0,0.0,"1235-0016-02
24x100 Bitters Pad
7-3/4 x 11-1/2
Sheets, No Closure, Plain
26 C Kraft",Dillons,,0,,,1.0,0,0,0,True,0,,Regular,False,0,0,C26 K,OT,2026-08-12 13:41:51,,0,False,0,0,125 O/T C,,,1,66,0,12,0,N,,Beamsville,7.12,11.08,0.0,,0.0,0,False,2026-08-12,No Closure,08/17-INDE02,,,,08/17-INDE02,,,
369420,5035565,1,2026-08-17,500,1,234,0,0,0,0,1.0,0,,Corrugator,250,12000.0,3000.0,225.0,275,19585,,,2026-08-17,0,3000.0,194933,2026-08-17,C,Sheet,,Not Applicable,0,3,,1.0,0,1,0,48.0,36.0,0,0.0,"W031551A
48 x 36
Sheet - NO SCORES
C Flute 32 ECT Kraft",Corrugated,,0,,,1.0,0,0,0,True,0,,Regular,False,234,0,C32 K,CRB,2026-08-10 13:25:04,,0,False,0,0,200 C,,,1,66,0,16,0,,,Fitchburg,48.0,36.0,0.0,,0.0,0,False,2026-08-10,Not Applicable,08/12-MONT01,,,,08/12-MONT01,208.0,2026-08-18,
369419,5035565,1,2026-08-18,500,10,208,1,0,1,0,1.0,0,,Finished Good,250,12000.0,3000.0,225.0,275,19585,,,2026-08-17,0,3000.0,194933,2026-08-17,C,Sheet,,Not Applicable,0,3,,1.0,8,1,0,48.0,36.0,0,0.0,"W031551A
48 x 36
Sheet - NO SCORES
C Flute 32 ECT Kraft",Corrugated,,0,,,1.0,0,0,0,True,0,,Regular,False,0,0,C32 K,CRB,2026-08-10 13:25:04,,0,False,0,0,200 C,,,1,66,0,16,0,,,Fitchburg,48.0,36.0,0.0,,0.0,0,False,2026-08-10,Not Applicable,08/12-MONT01,,,,08/12-MONT01,,,
369422,5035565,2,2026-08-17,500,1,234,0,0,0,0,1.0,0,,Corrugator,1000,11333.0,11333.0,900.0,1100,19585,,,2026-08-17,0,11333.0,194934,2026-08-17,C,Sheet,,Not Applicable,0,3,,1.0,0,1,0,48.0,34.0,0,0.0,"031551B
48 x 34
Sheet - NO SCORES
C Flute 32 ECT Kraft",Corrugated,,0,,,1.0,0,0,0,True,0,,Regular,False,234,0,C32 K,CRB,2026-08-10 13:25:04,,0,False,0,0,200 C,,,1,66,0,16,0,,,Fitchburg,48.0,34.0,0.0,,0.0,0,False,2026-08-10,Not Applicable,08/12-MONT01,,,,08/12-MONT01,208.0,2026-08-18,
369421,5035565,2,2026-08-18,500,10,208,1,0,1,0,1.0,0,,Finished Good,1000,11333.0,11333.0,900.0,1100,19585,,,2026-08-17,0,11333.0,194934,2026-08-17,C,Sheet,,Not Applicable,0,3,,1.0,8,1,0,48.0,34.0,0,0.0,"031551B
48 x 34
Sheet - NO SCORES
C Flute 32 ECT Kraft",Corrugated,,0,,,1.0,0,0,0,True,0,,Regular,False,0,0,C32 K,CRB,2026-08-10 13:25:04,,0,False,0,0,200 C,,,1,66,0,16,0,,,Fitchburg,48.0,34.0,0.0,,0.0,0,False,2026-08-10,Not Applicable,08/12-MONT01,,,,08/12-MONT01,,,
369424,5035565,3,2026-08-17,500,1,234,0,0,0,0,1.0,0,,Corrugator,1000,7792.0,7792.0,900.0,1100,19585,,,2026-08-17,0,7792.0,194935,2026-08-17,C,Sheet,,Not Applicable,0,3,,1.0,0,1,0,34.0,33.0,0,0.0,"031551C
34 x 33
Sheet - NO SCORES
C Flute 32 ECT Kraft",Corrugated,,0,,,1.0,0,0,0,True,0,,Regular,False,234,0,C32 K,OT,2026-08-10 13:25:04,,0,False,0,0,200 C,,,1,66,0,16,0,,,Fitchburg,34.0,33.0,0.0,,0.0,0,False,2026-08-10,Not Applicable,08/12-MONT01,,,,08/12-MONT01,208.0,2026-08-18,
369423,5035565,3,2026-08-18,500,10,208,1,0,1,0,1.0,0,,Finished Good,1000,7792.0,7792.0,900.0,1100,19585,,,2026-08-17,0,7792.0,194935,2026-08-17,C,Sheet,,Not Applicable,0,3,,1.0,8,1,0,34.0,33.0,0,0.0,"031551C
34 x 33
Sheet - NO SCORES
C Flute 32 ECT Kraft",Corrugated,,0,,,1.0,0,0,0,True,0,,Regular,False,0,0,C32 K,OT,2026-08-10 13:25:04,,0,False,0,0,200 C,,,1,66,0,16,0,,,Fitchburg,34.0,33.0,0.0,,0.0,0,False,2026-08-10,Not Applicable,08/12-MONT01,,,,08/12-MONT01,,,
369426,5035565,4,2026-08-17,500,1,234,0,0,0,0,1.0,0,,Corrugator,500,8500.0,4250.0,450.0,550,19585,,,2026-08-17,0,4250.0,194936,2026-08-17,C,Sheet,,Not Applicable,0,3,,1.0,0,1,0,34.0,36.0,0,0.0,"W031552
34 x 36
Sheet - NO SCORES
C Flute 32 ECT Kraft",Corrugated,,0,,,1.0,0,0,0,True,0,,Regular,False,234,0,C32 K,CRB,2026-08-10 13:25:04,,0,False,0,0,200 C,,,1,66,0,16,0,,,Fitchburg,34.0,36.0,0.0,,0.0,0,False,2026-08-10,Not Applicable,08/12-MONT01,,,,08/12-MONT01,208.0,2026-08-18,
369425,5035565,4,2026-08-18,500,10,208,1,0,1,0,1.0,0,,Finished Good,500,8500.0,4250.0,450.0,550,19585,,,2026-08-17,0,4250.0,194936,2026-08-17,C,Sheet,,Not Applicable,0,3,,1.0,8,1,0,34.0,36.0,0,0.0,"W031552
34 x 36
Sheet - NO SCORES
C Flute 32 ECT Kraft",Corrugated,,0,,,1.0,0,0,0,True,0,,Regular,False,0,0,C32 K,CRB,2026-08-10 13:25:04,,0,False,0,0,200 C,,,1,66,0,16,0,,,Fitchburg,34.0,36.0,0.0,,0.0,0,False,2026-08-10,Not Applicable,08/12-MONT01,,,,08/12-MONT01,,,
369430,5035565,6,2026-08-17,500,1,234,0,0,0,0,1.0,0,,Corrugator,100,41311.0,4131.1,90.0,110,19585,,,2026-08-17,0,4131.1,194937,2026-08-17,C,Sheet,,Not Applicable,0,3,,1.0,0,1,0,60.1,98.02,0,0.0,"B031541A
60-5/8 x 98-1/8
Sheet - NO SCORES
C Flute 32 ECT Kraft",Corrugated,,0,,,1.0,0,0,0,True,0,,Regular,False,234,0,C32 K,CRB,2026-08-10 13:25:04,,0,False,0,0,200 C,,,1,66,0,16,0,,,Fitchburg,60.1,98.02,0.0,,0.0,0,False,2026-08-10,Not Applicable,08/12-MONT01,,,,08/12-MONT01,208.0,2026-08-18,
369429,5035565,6,2026-08-18,500,10,208,1,0,1,0,1.0,0,,Finished Good,100,41311.0,4131.1,90.0,110,19585,,,2026-08-17,0,4131.1,194937,2026-08-17,C,Sheet,,Not Applicable,0,3,,1.0,8,1,0,60.1,98.02,0,0.0,"B031541A
60-5/8 x 98-1/8
Sheet - NO SCORES
C Flute 32 ECT Kraft",Corrugated,,0,,,1.0,0,0,0,True,0,,Regular,False,0,0,C32 K,CRB,2026-08-10 13:25:04,,0,False,0,0,200 C,,,1,66,0,16,0,,,Fitchburg,60.1,98.02,0.0,,0.0,0,False,2026-08-10,Not Applicable,08/12-MONT01,,,,08/12-MONT01,,,
369432,5035565,7,2026-08-17,500,1,234,0,0,0,0,1.0,0,,Corrugator,100,36692.0,3669.2,90.0,110,19585,,,2026-08-17,0,3669.2,194938,2026-08-17,C,Sheet,,Not Applicable,0,3,,1.0,0,1,0,58.1,90.02,0,0.0,"B031541B
58-5/8 x 90-1/8
Sheet - NO SCORES
C Flute 32 ECT Kraft",Corrugated,,0,,,1.0,0,0,0,True,0,,Regular,False,234,0,C32 K,CRB,2026-08-10 13:25:04,,0,False,0,0,200 C,,,1,66,0,16,0,,,Fitchburg,58.1,90.02,0.0,,0.0,0,False,2026-08-10,Not Applicable,08/12-MONT01,,,,08/12-MONT01,208.0,2026-08-18,
369431,5035565,7,2026-08-18,500,10,208,1,0,1,0,1.0,0,,Finished Good,100,36692.0,3669.2,90.0,110,19585,,,2026-08-17,0,3669.2,194938,2026-08-17,C,Sheet,,Not Applicable,0,3,,1.0,8,1,0,58.1,90.02,0,0.0,"B031541B
58-5/8 x 90-1/8
Sheet - NO SCORES
C Flute 32 ECT Kraft",Corrugated,,0,,,1.0,0,0,0,True,0,,Regular,False,0,0,C32 K,CRB,2026-08-10 13:25:04,,0,False,0,0,200 C,,,1,66,0,16,0,,,Fitchburg,58.1,90.02,0.0,,0.0,0,False,2026-08-10,Not Applicable,08/12-MONT01,,,,08/12-MONT01,,,
369434,5035565,8,2026-08-17,500,1,234,0,0,0,0,1.0,0,,Corrugator,100,46153.0,4615.3,90.0,110,19585,,,2026-08-17,0,4615.3,194939,2026-08-17,C,Sheet,,Not Applicable,0,3,,1.0,0,1,0,62.1,106.02,0,0.0,"B031541C
62-5/8 x 106-1/8
Sheet - NO SCORES
C Flute 32 ECT Kraft",Corrugated,,0,,,1.0,0,0,0,True,0,,Regular,False,234,0,C32 K,CRB,2026-08-10 13:25:04,,0,False,0,0,200 C,,,1,66,0,16,0,,,Fitchburg,62.1,106.02,0.0,,0.0,0,False,2026-08-10,Not Applicable,08/12-MONT01,,,,08/12-MONT01,208.0,2026-08-18,
369433,5035565,8,2026-08-18,500,10,208,1,0,1,0,1.0,0,,Finished Good,100,46153.0,4615.3,90.0,110,19585,,,2026-08-17,0,4615.3,194939,2026-08-17,C,Sheet,,Not Applicable,0,3,,1.0,8,1,0,62.1,106.02,0,0.0,"B031541C
62-5/8 x 106-1/8
Sheet - NO SCORES
C Flute 32 ECT Kraft",Corrugated,,0,,,1.0,0,0,0,True,0,,Regular,False,0,0,C32 K,CRB,2026-08-10 13:25:04,,0,False,0,0,200 C,,,1,66,0,16,0,,,Fitchburg,62.1,106.02,0.0,,0.0,0,False,2026-08-10,Not Applicable,08/12-MONT01,,,,08/12-MONT01,,,
369428,5035565,5,2026-08-17,500,1,234,0,0,0,0,1.0,0,,Corrugator,78,30211.0,2356.458,70.0,86,19585,,,2026-08-17,0,3935.28486,194944,2026-08-17,DW,Sheet,,Not Applicable,0,3,,1.0,0,1,0,43.12,99.07,0,0.0,"P031555
43-3/4 x 99-7/16
Sheet BC Flute 48 ECT Kraft
Scored at : 12-1/4 x 19-1/4 x 12-1/4",Corrugated,,0,,,1.0,0,0,0,True,0,,Regular,False,234,0,BC48 K,CRB,2026-08-10 13:25:04,,0,False,0,0,275 BC,,,1,66,0,16,0,,,Fitchburg,43.12,99.07,0.0,,0.0,0,False,2026-08-10,Not Applicable,08/12-MONT01,,,,08/12-MONT01,208.0,2026-08-18,
369427,5035565,5,2026-08-18,500,10,208,1,0,1,0,1.0,0,,Finished Good,78,30211.0,2356.458,70.0,86,19585,,,2026-08-17,0,3935.28486,194944,2026-08-17,DW,Sheet,,Not Applicable,0,3,,1.0,8,1,0,43.12,99.07,0,0.0,"P031555
43-3/4 x 99-7/16
Sheet BC Flute 48 ECT Kraft
Scored at : 12-1/4 x 19-1/4 x 12-1/4",Corrugated,,0,,,1.0,0,0,0,True,0,,Regular,False,0,0,BC48 K,CRB,2026-08-10 13:25:04,,0,False,0,0,275 BC,,,1,66,0,16,0,,,Fitchburg,43.12,99.07,0.0,,0.0,0,False,2026-08-10,Not Applicable,08/12-MONT01,,,,08/12-MONT01,,,
369436,5035565,9,2026-08-17,500,1,234,0,0,0,0,1.0,0,,Corrugator,410,10869.0,4456.29,369.0,451,19585,,,2026-08-17,0,7442.0043,194945,2026-08-17,DW,Sheet,,Not Applicable,0,3,,1.0,0,1,0,17.08,89.07,0,0.0,"P031538
17-1/2 x 89-7/16
Sheet BC Flute 48 ECT Kraft
Scored at : 5-5/16 x 6-7/8 x 5-5/16",Corrugated,,0,,,1.0,0,0,0,True,0,,Regular,False,234,0,BC48 K,CRB,2026-08-10 13:25:04,,0,False,0,0,275 BC,,,1,66,0,16,0,,,Fitchburg,17.08,89.07,0.0,,0.0,0,False,2026-08-10,Not Applicable,08/12-MONT01,,,,08/12-MONT01,208.0,2026-08-18,
369435,5035565,9,2026-08-18,500,10,208,1,0,1,0,1.0,0,,Finished Good,410,10869.0,4456.29,369.0,451,19585,,,2026-08-17,0,7442.0043,194945,2026-08-17,DW,Sheet,,Not Applicable,0,3,,1.0,8,1,0,17.08,89.07,0,0.0,"P031538
17-1/2 x 89-7/16
Sheet BC Flute 48 ECT Kraft
Scored at : 5-5/16 x 6-7/8 x 5-5/16",Corrugated,,0,,,1.0,0,0,0,True,0,,Regular,False,0,0,BC48 K,CRB,2026-08-10 13:25:04,,0,False,0,0,275 BC,,,1,66,0,16,0,,,Fitchburg,17.08,89.07,0.0,,0.0,0,False,2026-08-10,Not Applicable,08/12-MONT01,,,,08/12-MONT01,,,
369438,5035565,10,2026-08-17,500,1,234,0,0,0,0,1.0,0,,Corrugator,205,13686.0,2805.63,185.0,226,19585,,,2026-08-17,0,4685.4021,194946,2026-08-17,DW,Sheet,,Not Applicable,0,3,,1.0,0,1,0,25.02,78.07,0,0.0,"P031523
25-1/8 x 78-7/16
Sheet BC Flute 48 ECT Kraft
Scored at : 8-13/16 x 7-1/2 x 8-13/16",Corrugated,,0,,,1.0,0,0,0,True,0,,Regular,False,234,0,BC48 K,CRB,2026-08-10 13:25:04,,0,False,0,0,275 BC,,,1,66,0,16,0,,,Fitchburg,25.02,78.07,0.0,,0.0,0,False,2026-08-10,Not Applicable,08/12-MONT01,,,,08/12-MONT01,208.0,2026-08-18,
369437,5035565,10,2026-08-18,500,10,208,1,0,1,0,1.0,0,,Finished Good,205,13686.0,2805.63,185.0,226,19585,,,2026-08-17,0,4685.4021,194946,2026-08-17,DW,Sheet,,Not Applicable,0,3,,1.0,8,1,0,25.02,78.07,0,0.0,"P031523
25-1/8 x 78-7/16
Sheet BC Flute 48 ECT Kraft
Scored at : 8-13/16 x 7-1/2 x 8-13/16",Corrugated,,0,,,1.0,0,0,0,True,0,,Regular,False,0,0,BC48 K,CRB,2026-08-10 13:25:04,,0,False,0,0,275 BC,,,1,66,0,16,0,,,Fitchburg,25.02,78.07,0.0,,0.0,0,False,2026-08-10,Not Applicable,08/12-MONT01,,,,08/12-MONT01,,,
369440,5035565,11,2026-08-17,500,1,234,0,0,0,0,1.0,0,,Corrugator,360,5830.0,2098.8,324.0,396,19585,,,2026-08-17,0,3504.996,194947,2026-08-17,DW,Sheet,,Not Applicable,0,3,,1.0,0,1,0,18.06,45.11,0,0.0,"P031528
18-3/8 x 45-11/16
Sheet BC Flute 48 ECT Kraft
Scored at : 4-7/8 x 8-5/8 x 4-7/8",Corrugated,,0,,,1.0,0,0,0,True,0,,Regular,False,234,0,BC48 K,CRB,2026-08-10 13:25:04,,0,False,0,0,275 BC,,,1,66,0,16,0,,,Fitchburg,18.06,45.11,0.0,,0.0,0,False,2026-08-10,Not Applicable,08/12-MONT01,,,,08/12-MONT01,208.0,2026-08-18,
369439,5035565,11,2026-08-18,500,10,208,1,0,1,0,1.0,0,,Finished Good,360,5830.0,2098.8,324.0,396,19585,,,2026-08-17,0,3504.996,194947,2026-08-17,DW,Sheet,,Not Applicable,0,3,,1.0,8,1,0,18.06,45.11,0,0.0,"P031528
18-3/8 x 45-11/16
Sheet BC Flute 48 ECT Kraft
Scored at : 4-7/8 x 8-5/8 x 4-7/8",Corrugated,,0,,,1.0,0,0,0,True,0,,Regular,False,0,0,BC48 K,CRB,2026-08-10 13:25:04,,0,False,0,0,275 BC,,,1,66,0,16,0,,,Fitchburg,18.06,45.11,0.0,,0.0,0,False,2026-08-10,Not Applicable,08/12-MONT01,,,,08/12-MONT01,,,
368662,5035582,1,2026-08-20,500,10,69,1,47,1,2400,1.0,0,,Langston Saturn 50x110,1000,22478.0,22478.0,900.0,1100,19026,,,2026-08-21,0,37538.26,194948,2026-08-21,DW,Regular Slotted Carton,L,Plain,0,3,M2301205,1.0,3,1,0,43.06,74.1,0,72.0,"W201626 with Vents
20 x 16 x 26-1/2
RSC, Glued, Plain
42BC +MRA
Partial Die Cut
75/unit",Jarja,,0,,,0.6,0,0,0,True,2,,Regular,False,1,0,BC42 K,OT,2026-08-11 15:47:38,,0,False,0,0,200 BC,Langston,,1,63,0,12,0,GI,,Simcoe,20.0,16.0,26.08,,0.0,0,False,2026-08-11,Glued,08/18-MONT01,L,"13655 - LANGSTON
14480 - COLEMAN",,08/18-MONT01,,,72.0
368651,5035581,1,2026-08-20,500,1,234,0,0,0,0,1.0,0,,Corrugator,7620,4984.0,37978.08,6858.0,8382,10001,,,2026-08-25,0,37978.08,194980,2026-08-25,B,RDC - Rotary Die Cut Digital,,Plain,0,3,,2.0,0,1,0,33.0,43.08,0,0.0,"32B Kraft - 355/473ml X 24
15 3/4 x 10 9/16 x 3
2 Side Roll Over
32B kraft+WRA
1000/ Pallet",Moyy|WB,,0,,,1.0,10,0,0,True,0,,Regular,False,234,0,B32 K,OT,2026-08-11 14:15:20,,0,False,0,0,200 B,,,1,63,0,12,0,N,,Hamilton,0.0,0.0,0.0,,0.0,0,False,2026-08-11,No Closure,08/14-Moyy,R,14286 - G-4,,08/14-Moyy,166.0,2026-08-21,
368652,5035581,1,2026-08-21,500,10,166,1,33,1,4000,1.0,0,,United Rotary 66x113 4 Colour,7620,4984.0,37978.08,6858.0,8382,10001,,,2026-08-25,0,37978.08,194980,2026-08-25,B,RDC - Rotary Die Cut Digital,R,Plain,0,3,,2.0,3,1,0,33.0,43.08,0,147.0,"32B Kraft - 355/473ml X 24
15 3/4 x 10 9/16 x 3
2 Side Roll Over
32B kraft+WRA
1000/ Pallet",Moyy|WB,,0,,,1.0,10,0,0,True,2,,Regular,False,2,0,B32 K,OT,2026-08-11 14:15:20,,0,False,0,0,200 B,Prospect Rotary,,1,63,0,12,0,N,,Hamilton,0.0,0.0,0.0,,0.0,0,False,2026-08-11,No Closure,08/14-Moyy,R,14286 - G-4,,08/14-Moyy,,,148.0
368686,5035588,1,2026-08-14,500,10,208,1,0,1,0,1.0,0,,Finished Good,305,6986.0,2130.73,275.0,336,19585,,,2026-08-17,0,3558.3191,194983,2026-08-17,DW,Sheet,,Not Applicable,0,3,,1.0,8,1,0,19.12,50.15,0,0.0,"P031570
19-3/4 x 50-15/16
Sheet BC Flute 48 ECT Kraft
Scored at : 6-3/16 x 7-3/8 x 6-3/16",Corrugated,,0,,,1.0,0,0,0,True,0,,Regular,False,0,0,BC48 K,CRB,2026-08-12 08:29:56,,0,False,0,0,275 BC,,,1,66,0,16,0,,,Fitchburg,19.12,50.15,0.0,,0.0,0,False,2026-08-12,Not Applicable,08/17-MONT01,,,,08/17-MONT01,,,
368687,5035588,2,2026-08-14,500,10,208,1,0,1,0,1.0,0,,Finished Good,205,19648.0,4027.84,185.0,226,19585,,,2026-08-17,0,6726.4928,194984,2026-08-17,DW,Sheet,,Not Applicable,0,3,,1.0,8,1,0,49.05,57.06,0,0.0,"P031514A
49-5/16 x 57-3/8
Sheet BC Flute 48 ECT Kraft
Scored at : 4-3/16 x 40-15/16 x 4-3/16",Corrugated,,0,,,1.0,0,0,0,True,0,,Regular,False,0,0,BC48 K,CRB,2026-08-12 08:29:56,,0,False,0,0,275 BC,,,1,66,0,16,0,,,Fitchburg,49.05,57.06,0.0,,0.0,0,False,2026-08-12,Not Applicable,08/17-MONT01,,,,08/17-MONT01,,,
368690,5035588,5,2026-08-14,500,10,208,1,0,1,0,1.0,0,,Finished Good,55,40591.0,2232.505,50.0,61,19585,,,2026-08-17,0,3728.28335,194985,2026-08-17,DW,Sheet,,Not Applicable,0,3,,1.0,8,1,0,41.0,142.09,0,0.0,"B031546
41 x 142-9/16
Sheet BC Flute 48 ECT Kraft",Corrugated,,0,,,1.0,0,0,0,True,0,,Regular,False,0,0,BC48 K,CRB,2026-08-12 08:29:56,,0,False,0,0,275 BC,,,1,66,0,16,0,,,Fitchburg,41.0,142.09,0.0,,0.0,0,False,2026-08-12,Not Applicable,08/17-MONT01,,,,08/17-MONT01,,,
368688,5035588,3,2026-08-14,500,10,208,1,0,1,0,1.0,0,,Finished Good,410,13423.0,5503.43,369.0,451,19585,,,2026-08-17,0,9190.7281,194993,2026-08-17,DW,Sheet,,Not Applicable,0,3,,1.0,8,1,0,30.08,63.06,0,0.0,"P031559
30-1/2 x 63-3/8
Sheet BC Flute 51 ECT Kraft
Scored at : 8-15/16 x 12-5/8 x 8-15/16",Corrugated,,0,,,1.0,0,0,0,True,0,,Regular,False,0,0,BC51 K,CRB,2026-08-12 08:29:56,,0,False,0,0,350 BC,,,1,66,0,16,0,,,Fitchburg,30.08,63.06,0.0,,0.0,0,False,2026-08-12,Not Applicable,08/17-MONT01,,,,08/17-MONT01,,,
368689,5035588,4,2026-08-14,500,10,208,1,0,1,0,1.0,0,,Finished Good,105,31850.0,3344.25,95.0,116,19585,,,2026-08-17,0,5584.8975,194994,2026-08-17,DW,Sheet,,Not Applicable,0,3,,1.0,8,1,0,33.04,137.15,0,0.0,"B031514B
33-1/4 x 137-15/16
Sheet BC Flute 51 ECT Kraft
No Scores",Corrugated,,0,,,1.0,0,0,0,True,0,,Regular,False,0,0,BC51 K,CRB,2026-08-12 08:29:56,,0,False,0,0,350 BC,,,1,66,0,16,0,,,Fitchburg,33.04,137.15,0.0,,0.0,0,False,2026-08-12,Not Applicable,08/17-MONT01,,,,08/17-MONT01,,,
368692,5035588,7,2026-08-14,500,10,208,1,0,1,0,1.0,0,,Finished Good,625,3421.0,2138.125,563.0,688,19585,,,2026-08-17,0,2138.125,194995,2026-08-17,C,Sheet,,Not Applicable,0,3,,1.0,8,1,0,13.14,35.08,0,0.0,"W031569
13-7/8 x 35-1/2
Sheet C Flute 32 ECT Kraft
No Scores",Corrugated,,0,,,1.0,0,0,0,True,0,,Regular,False,0,0,C32 K,CRB,2026-08-12 08:29:56,,0,False,0,0,200 C,,,1,66,0,16,0,,,Fitchburg,13.14,35.08,0.0,,0.0,0,False,2026-08-12,Not Applicable,08/17-MONT01,,,,08/17-MONT01,,,
368691,5035588,6,2026-08-14,500,10,208,1,0,1,0,1.0,0,,Finished Good,255,8146.0,2077.23,230.0,281,19585,,,2026-08-17,0,2077.23,194996,2026-08-17,C,Sheet,,Not Applicable,0,3,,1.0,8,1,0,34.04,34.04,0,0.0,"P031549
34-1/4 x 34-1/4
Sheet C Flute 32 ECT Kraft
Scored at : 1-1/8 x 32 x 1-1/8",Corrugated,,0,,,1.0,0,0,0,True,0,,Regular,False,0,0,C32 K,CRB,2026-08-12 08:29:56,,0,False,0,0,200 C,,,1,66,0,16,0,,,Fitchburg,34.04,34.04,0.0,,0.0,0,False,2026-08-12,Not Applicable,08/17-MONT01,,,,08/17-MONT01,,,
368714,5035590,1,2026-08-14,500,10,208,1,0,1,0,1.0,0,,Finished Good,1050,8316.0,8731.8,945.0,1155,19585,,,2026-08-17,0,8731.8,194999,2026-08-17,C,Sheet,,Not Applicable,0,3,,1.0,8,1,0,20.02,59.08,0,0.0,"P031578
20-1/8 x 59-1/2
Sheet C Flute 32 ECT Kraft
Scored at : 6-5/8 x 6-7/8 x 6-5/8",Corrugated,,0,,,1.0,0,0,0,True,0,,Regular,False,0,0,C32 K,CRB,2026-08-12 09:56:27,,0,False,0,0,200 C,,,1,66,0,16,0,,,Fitchburg,20.02,59.08,0.0,,0.0,0,False,2026-08-12,Not Applicable,08/17-MONT01,,,,08/17-MONT01,,,
368715,5035590,2,2026-08-14,500,10,208,1,0,1,0,1.0,0,,Finished Good,1050,13000.0,13650.0,945.0,1155,19585,,,2026-08-17,0,13650.0,195000,2026-08-17,C,Sheet,,Not Applicable,0,3,,1.0,8,1,0,29.04,64.0,0,0.0,"P031576
29-1/4 x 64
Sheet C Flute 32 ECT Kraft
Scored at : 7-1/2 x 14-1/4 x 7-1/2",Corrugated,,0,,,1.0,0,0,0,True,0,,Regular,False,0,0,C32 K,CRB,2026-08-12 09:56:27,,0,False,0,0,200 C,,,1,66,0,16,0,,,Fitchburg,29.04,64.0,0.0,,0.0,0,False,2026-08-12,Not Applicable,08/17-MONT01,,,,08/17-MONT01,,,
368716,5035590,3,2026-08-14,500,10,208,1,0,1,0,1.0,0,,Finished Good,205,11649.0,2388.045,185.0,226,19585,,,2026-08-17,0,2388.045,195001,2026-08-17,C,Sheet,,Not Applicable,0,3,,1.0,8,1,0,27.08,61.0,0,0.0,"P031577
27-1/2 x 61
Sheet C Flute 32 ECT Kraft
Scored at : 7-1/4 x 13 x 7-1/4",Corrugated,,0,,,1.0,0,0,0,True,0,,Regular,False,0,0,C32 K,CRB,2026-08-12 09:56:27,,0,False,0,0,200 C,,,1,66,0,16,0,,,Fitchburg,27.08,61.0,0.0,,0.0,0,False,2026-08-12,Not Applicable,08/17-MONT01,,,,08/17-MONT01,,,
369180,5035602,1,2026-08-14,500,1,234,0,0,0,0,1.0,0,,Corrugator,3900,15557.0,60672.3,3900.0,4290,18370,,,2026-08-14,0,60672.3,195033,2026-08-14,C,Sheet,,Not Applicable,0,3,,1.0,0,1,0,45.05,49.07,0,0.0,"Ref# 290441-1
45-5/16 x 49-7/16
Sheet C Flute 32 ECT Kraft
Scored at 9-3/4 x 25-13/16 x 9-3/4",Flint,,0,,,1.0,0,0,0,True,0,,Regular,False,234,0,C32 K,OT,2026-08-13 07:28:56,,0,False,0,0,200 C,,,1,66,0,12,0,,,Woodbridge,45.05,49.07,0.0,,1.0,0,False,2026-08-13,Not Applicable,08/14-Moyy,,,,08/14-Moyy,256.0,2026-08-14,
369181,5035602,1,2026-08-14,20,10,256,1,0,1,0,1.0,0,,Interpac Corrugator,3900,15557.0,60672.3,3900.0,4290,18370,,,2026-08-14,0,60672.3,195033,2026-08-14,C,Sheet,,Not Applicable,0,3,,1.0,1,1,0,45.05,49.07,0,0.0,"Ref# 290441-1
45-5/16 x 49-7/16
Sheet C Flute 32 ECT Kraft
Scored at 9-3/4 x 25-13/16 x 9-3/4",Flint,,0,,,1.0,0,0,0,True,0,,Regular,False,0,0,C32 K,OT,2026-08-13 07:28:56,,0,False,0,0,200 C,,,1,66,0,12,0,,,Woodbridge,45.05,49.07,0.0,,1.0,0,False,2026-08-13,Not Applicable,08/14-Moyy,,,,08/14-Moyy,,,
366837,5035503,2,2026-08-14,0,12,231,1,25,1,120,1.0,0,,Elitron,729,4467.0,3256.443,729.0,729,10019,,,2026-08-18,0,3256.443,192946,2026-08-18,E,Flat Bed Die Cut,Elitron,Nozomi Digital 1 Side Print,1,3,,2.0,5,1,0,40.02,32.01,0,390.0,"Every Man Jack 260508 
5-3/8 x 8-1/4 x 7-1/16
Flat Bed Die Cut, No Closure, 
Nozomi Digital 1 Sid",Turn-Key,,0,2026-08-13 15:20:46,1.0,1.0,0,0,0,True,0,,Regular,False,8,0,E32 Coated White 1S,OT,2026-08-04 14:50:45,,0,False,0,0,,Elitron,,1,65,0,12,0,N,"Dig Ink Med Intensity (100%), Coated Digital (0%)",MISSISSAUGA,30.01,18.01,0.0,,1.0,0,False,2026-08-04,No Closure,08/06-STAX01,"N,Elitron",14020 - STAX,"Dig Ink Med Intensity
Coated Digital",08/06-STAX01,168.0,2026-08-21,389.0
369293,5035608,1,2026-08-25,500,1,234,0,0,0,0,1.0,0,,Corrugator,4000,9889.0,39556.0,3600.0,4400,10001,,,2026-08-27,1,39556.0,102760,2026-08-27,C,Regular Slotted Carton,,Plain,0,3,,1.0,0,1,0,24.08,58.02,0,0.0,"W141410
14 x 14 x 10 
32C Kraft RSC 25/250
bundled in 25s",Moyy|WB,,0,,,1.0,10,0,0,True,0,Colex I Cutter (WB),Stock & Release,False,234,0,C32 K,OT,2026-08-13 12:33:54,,0,False,0,0,200 C,,,1,1,0,12,0,GI,,Hamilton,14.0,14.0,10.0,,0.0,0,False,2026-08-13,Glued,08/21-MONT01,L,,,08/21-MONT01,69.0,2026-08-26,
369294,5035608,1,2026-08-26,500,10,69,1,20,1,4200,1.0,0,,Langston Saturn 50x110,4000,9889.0,39556.0,3600.0,4400,10001,,,2026-08-27,1,39556.0,102760,2026-08-27,C,Regular Slotted Carton,L,Plain,0,3,,1.0,3,1,0,24.08,58.02,0,77.0,"W141410
14 x 14 x 10 
32C Kraft RSC 25/250
bundled in 25s",Moyy|WB,,0,,,0.6,10,0,0,True,2,Colex I Cutter (WB),Stock & Release,False,1,0,C32 K,OT,2026-08-13 12:33:54,,0,False,0,0,200 C,Langston,,1,1,0,12,0,GI,,Hamilton,14.0,14.0,10.0,,0.0,0,False,2026-08-13,Glued,08/21-MONT01,L,,,08/21-MONT01,,,97.0
369380,5035616,1,2026-08-21,500,10,69,1,20,1,4500,1.0,0,,Langston Saturn 50x110,3000,8734.0,26202.0,2700.0,3300,11342,,,2026-08-25,0,43757.34,102973,2026-08-25,DW,Regular Slotted Carton,L,Plain,0,3,,1.0,3,1,0,26.11,47.02,0,60.0,"Box 5922
12-1/8 x 10-1/8 x 15-9/16  
42BC Kraft RSC Master Box
240/bale",Tech,,0,,,0.6,0,0,0,True,2,Colex ICutter,Regular,False,1,0,BC42 K,OT,2026-08-13 14:20:50,,0,False,0,0,200 BC,Langston,,1,60,0,12,0,GI,,Hamilton,12.02,10.02,15.09,,0.0,0,False,2026-08-13,Glued,08/18-MONT01,L,,,08/18-MONT01,,,196.0
369281,5035606,1,2026-08-21,500,1,234,0,0,0,0,1.0,0,,Corrugator,750,8811.0,6608.25,675.0,825,10001,,,2026-08-26,1,11035.7775,102976,2026-08-26,DW,Regular Slotted Carton,,Plain,0,3,,1.0,0,1,0,25.01,50.1,0,0.0,"W121212DW
12 x 12 x 12 42BC Kraft 
RSC 150/unit",Moyy|WB,,0,,,1.0,10,0,0,True,0,Colex I Cutter (WB),Stock & Release,False,234,0,BC42 K,OT,2026-08-13 12:33:00,,0,False,0,0,200 BC,,,1,60,0,12,0,GI,,Hamilton,12.0,12.0,12.0,,0.0,0,False,2026-08-13,Glued,08/18-MONT01,L,,,08/18-MONT01,69.0,2026-08-24,
369282,5035606,1,2026-08-24,500,10,69,1,20,1,4200,1.0,0,,Langston Saturn 50x110,750,8811.0,6608.25,675.0,825,10001,,,2026-08-26,1,11035.7775,102976,2026-08-26,DW,Regular Slotted Carton,L,Plain,0,3,,1.0,3,1,0,25.01,50.1,0,31.0,"W121212DW
12 x 12 x 12 42BC Kraft 
RSC 150/unit",Moyy|WB,,0,,,0.6,10,0,0,True,2,Colex I Cutter (WB),Stock & Release,False,1,0,BC42 K,OT,2026-08-13 12:33:00,,0,False,0,0,200 BC,Langston,,1,60,0,12,0,GI,,Hamilton,12.0,12.0,12.0,,0.0,0,False,2026-08-13,Glued,08/18-MONT01,L,,,08/18-MONT01,,,65.0
367627,5035522,1,2026-08-14,300,1,234,0,0,0,0,1.0,0,,Corrugator,1000,8209.0,8209.0,900.0,1100,10001,,,2026-08-17,1,8209.0,102977,2026-08-17,C,Regular Slotted Carton,,Plain,0,3,,1.0,0,1,0,22.04,53.02,0,0.0,"W121209
12-3/4 x 12-3/4 x 9
32C Kraft RSC 25/500",Moyy|WB,,0,,,1.0,10,0,0,True,0,Colex I Cutter (WB),Stock & Release,False,234,0,C32 K,OT,2026-08-06 16:06:00,,0,False,0,0,200 C,,,1,60,0,12,0,GI,,Hamilton,12.12,12.12,9.0,,1.0,0,False,2026-08-06,Glued,08/13-MONT01,L,,,08/13-MONT01,69.0,2026-08-17,
367628,5035522,1,2026-08-17,120,10,69,1,20,1,1873,1.0,0,,Langston Saturn 50x110,1000,8209.0,8209.0,900.0,1100,10001,,,2026-08-17,1,8209.0,102977,2026-08-17,C,Regular Slotted Carton,L,Plain,0,3,,1.0,3,1,0,22.04,53.02,0,52.0,"W121209
12-3/4 x 12-3/4 x 9
32C Kraft RSC 25/500",Moyy|WB,,0,,,0.6,10,0,0,True,2,Colex I Cutter (WB),Stock & Release,False,1,0,C32 K,OT,2026-08-06 16:06:00,,0,False,0,0,200 C,Langston,,1,60,0,12,0,GI,,Hamilton,12.12,12.12,9.0,,1.0,0,False,2026-08-06,Glued,08/13-MONT01,L,,,08/13-MONT01,,,45.0
368431,5035528,1,2026-08-14,500,1,234,0,0,0,0,1.0,0,,Corrugator,500,18789.0,9394.5,450.0,550,10001,,,2026-08-19,1,9394.5,103222,2026-08-18,C,Regular Slotted Carton,,Plain,0,3,,1.0,0,1,0,36.08,74.02,0,0.0,"W181818
18 x 18 x 18
RSC Glued Inside, Plain
32 C Kraft
120/ Unit",Moyy|WB,,0,,,1.0,10,0,0,True,0,Colex I Cutter (WB),Stock & Release,False,234,0,C32 K,OT,2026-08-10 18:02:32,,0,False,0,0,200 C,,,1,1,0,12,0,GI,,Hamilton,18.0,18.0,18.0,,1.0,0,False,2026-08-06,Glued,08/13-MONT01,L,,,08/13-MONT01,69.0,2026-08-17,
368432,5035528,1,2026-08-17,130,10,69,1,33,1,1800,1.0,0,,Langston Saturn 50x110,500,18789.0,9394.5,450.0,550,10001,,,2026-08-19,1,9394.5,103222,2026-08-18,C,Regular Slotted Carton,L,Plain,0,3,,1.0,3,1,0,36.08,74.02,0,50.0,"W181818
18 x 18 x 18
RSC Glued Inside, Plain
32 C Kraft
120/ Unit",Moyy|WB,,0,,,0.6,10,0,0,True,2,Colex I Cutter (WB),Stock & Release,False,1,0,C32 K,OT,2026-08-10 18:02:32,,0,False,0,0,200 C,Langston,,1,1,0,12,0,GI,,Hamilton,18.0,18.0,18.0,,1.0,0,False,2026-08-06,Glued,08/13-MONT01,L,,,08/13-MONT01,,,49.0
368428,5035526,1,2026-08-14,500,1,234,0,0,0,0,1.0,0,,Corrugator,1000,5428.0,5428.0,900.0,1100,10001,,,2026-08-19,1,5428.0,103248,2026-08-19,C,Regular Slotted Carton,,Plain,0,3,,1.0,0,1,0,20.08,38.02,0,0.0,"W090911
9 x 9 x 11
RSC 32C Kraft 25/500",Moyy|WB,,0,,,1.0,10,0,0,True,0,Colex I Cutter (WB),Stock & Release,False,234,0,C32 K,OT,2026-08-10 17:59:36,,0,False,0,0,200 C,,,1,60,0,12,0,GI,,Hamilton,9.0,9.0,11.0,,1.0,0,False,2026-08-06,Glued,08/13-MONT01,L,,,08/13-MONT01,69.0,2026-08-17,
368427,5035526,1,2026-08-17,340,10,69,1,33,1,2520,1.0,0,,Langston Saturn 50x110,1000,5428.0,5428.0,900.0,1100,10001,,,2026-08-19,1,5428.0,103248,2026-08-19,C,Regular Slotted Carton,L,Plain,0,3,,1.0,3,1,0,20.08,38.02,0,57.0,"W090911
9 x 9 x 11
RSC 32C Kraft 25/500",Moyy|WB,,0,,,0.6,10,0,0,True,2,Colex I Cutter (WB),Stock & Release,False,1,0,C32 K,OT,2026-08-10 17:59:36,,0,False,0,0,200 C,Langston,,1,60,0,12,0,GI,,Hamilton,9.0,9.0,11.0,,1.0,0,False,2026-08-06,Glued,08/13-MONT01,L,,,08/13-MONT01,,,67.0
368762,5035592,1,2026-08-11,10,1,256,0,0,0,0,1.0,0,,Interpac Corrugator,4000,13879.0,55516.0,3600.0,4400,10001,,,2026-08-21,1,55516.0,103525,2026-08-21,C,Regular Slotted Carton,,Plain,0,3,,1.0,1,1,0,28.08,70.02,0,0.0,"W181612
18 x 16 x 12
RSC 32C Kraft 25/250
bundled in 25s",Moyy|WB,,0,2026-08-13 18:53:05,1.0,1.0,10,0,0,True,0,Colex I Cutter (WB),Stock & Release,False,0,0,C32 K,OT,2026-08-12 10:37:01,,0,False,0,0,200 C,,,1,60,0,12,0,GI,,Hamilton,18.0,16.0,12.0,,1.0,0,False,2026-08-12,Glued,08/18-Moyy,L,,,08/18-Moyy,69.0,2026-08-19,
368763,5035592,1,2026-08-19,500,10,69,1,20,1,3600,1.0,0,,Langston Saturn 50x110,4000,13879.0,55516.0,3600.0,4400,10001,,,2026-08-21,1,55516.0,103525,2026-08-21,C,Regular Slotted Carton,L,Plain,0,3,,1.0,3,1,0,28.08,70.02,0,87.0,"W181612
18 x 16 x 12
RSC 32C Kraft 25/250
bundled in 25s",Moyy|WB,,0,,,0.6,10,0,0,True,2,Colex I Cutter (WB),Stock & Release,False,1,0,C32 K,OT,2026-08-12 10:37:01,,0,False,0,0,200 C,Langston,,1,60,0,12,0,GI,,Hamilton,18.0,16.0,12.0,,1.0,0,False,2026-08-12,Glued,08/18-Moyy,L,,,08/18-Moyy,,,142.0
369289,5035607,1,2026-08-20,500,1,234,0,0,0,0,1.0,0,,Corrugator,5000,14728.0,73640.0,4500.0,5500,10001,,,2026-08-25,1,73640.0,105095,2026-08-25,C,Regular Slotted Carton,,Plain,0,3,,1.0,0,1,0,24.1,86.02,0,0.0,"W241806
24 x 18 x 6  
RSC 32C Kraft 20/240
bundled in 20s",Moyy|WB,,0,,,1.0,10,0,0,True,0,Colex I Cutter (WB),Stock & Release,False,234,0,C32 K,OT,2026-08-13 12:33:14,,0,False,0,0,200 C,,,1,60,0,12,0,GI,,Hamilton,24.0,18.0,6.0,,1.0,0,False,2026-08-13,Glued,08/20-MONT01,L,,,08/20-MONT01,69.0,2026-08-24,
369290,5035607,1,2026-08-24,500,10,69,1,20,1,3600,1.0,0,,Langston Saturn 50x110,5000,14728.0,73640.0,4500.0,5500,10001,,,2026-08-25,1,73640.0,105095,2026-08-25,C,Regular Slotted Carton,L,Plain,0,3,,1.0,3,1,0,24.1,86.02,0,103.0,"W241806
24 x 18 x 6  
RSC 32C Kraft 20/240
bundled in 20s",Moyy|WB,,0,,,0.6,10,0,0,True,2,Colex I Cutter (WB),Stock & Release,False,1,0,C32 K,OT,2026-08-13 12:33:14,,0,False,0,0,200 C,Langston,,1,60,0,12,0,GI,,Hamilton,24.0,18.0,6.0,,1.0,0,False,2026-08-13,Glued,08/20-MONT01,L,,,08/20-MONT01,,,292.0
368429,5035527,1,2026-08-14,500,1,234,0,0,0,0,1.0,0,,Corrugator,500,9707.0,4853.5,450.0,550,10001,,,2026-08-19,1,4853.5,105292,2026-08-19,C,Regular Slotted Carton,,Plain,0,3,,1.0,0,1,0,22.08,62.02,0,0.0,"W181210
18 x 12 x 10
RSC 32C Kraft 25/250
Bundled in 25s",Moyy|WB,,0,,,1.0,10,0,0,True,0,Colex I Cutter (WB),Stock & Release,False,234,0,C32 K,OT,2026-08-10 18:01:19,,0,False,0,0,200 C,,,1,60,0,12,0,GI,,Hamilton,18.0,12.0,10.0,,1.0,0,False,2026-08-06,Glued,08/13-MONT01,L,,,08/13-MONT01,69.0,2026-08-17,
368430,5035527,1,2026-08-17,120,10,69,1,33,1,2520,1.0,0,,Langston Saturn 50x110,500,9707.0,4853.5,450.0,550,10001,,,2026-08-19,1,4853.5,105292,2026-08-19,C,Regular Slotted Carton,L,Plain,0,3,,1.0,3,1,0,22.08,62.02,0,45.0,"W181210
18 x 12 x 10
RSC 32C Kraft 25/250
Bundled in 25s",Moyy|WB,,0,,,0.6,10,0,0,True,2,Colex I Cutter (WB),Stock & Release,False,1,0,C32 K,OT,2026-08-10 18:01:19,,0,False,0,0,200 C,Langston,,1,60,0,12,0,GI,,Hamilton,18.0,12.0,10.0,,1.0,0,False,2026-08-06,Glued,08/13-MONT01,L,,,08/13-MONT01,,,45.0
369243,5035605,1,2026-08-21,500,10,256,1,0,1,0,1.0,0,,Interpac Corrugator,6000,5997.0,35982.0,5400.0,6600,10001,,,2026-08-25,1,35982.0,113229,2026-08-25,C,Regular Slotted Carton,,Plain,0,3,,1.0,1,1,0,20.08,42.02,0,0.0,"W101010
10 x 10 x 10
RSC 32C Kraft 25/500",Moyy|WB,,0,,,1.0,10,0,0,True,0,Colex I Cutter (WB),Stock & Release,False,0,0,C32 K,OT,2026-08-13 10:40:36,,0,False,0,0,200 C,,,1,60,0,12,0,GI,,Hamilton,10.0,10.0,10.0,,1.0,0,False,2026-08-13,Glued,08/20-Moyy,L,,,08/20-Moyy,69.0,2026-08-21,65.0
369247,5035605,1,2026-08-21,500,15,69,1,58,1,0,0.0,0,,Langston Saturn 50x110,6000,5997.0,35982.0,5400.0,6600,10001,,,2026-08-25,1,35982.0,113229,2026-08-25,C,Regular Slotted Carton,L,Plain,0,3,,1.0,3,1,0,20.08,42.02,0,58.0,"W101010
10 x 10 x 10
RSC 32C Kraft 25/500",Moyy|WB,,0,,,0.6,10,0,0,True,2,Colex I Cutter (WB),Stock & Release,False,1,0,C32 K,OT,2026-08-13 10:40:36,,0,False,0,0,200 C,Langston,,1,60,0,12,0,GI,,Hamilton,10.0,10.0,10.0,,1.0,0,False,2026-08-13,Glued,08/20-Moyy,L,,,08/20-Moyy,,,300.0
368760,5035591,1,2026-08-14,100,1,256,0,0,0,0,1.0,0,,Interpac Corrugator,1500,14924.0,22386.0,1350.0,1650,10001,,,2026-08-21,1,22386.0,115066,2026-08-21,C,Regular Slotted Carton,,Plain,0,3,,1.0,1,1,0,32.08,66.02,0,0.0,"W161616
16 x 16 x 16 RSC
32C Kraft 25/125",Moyy|WB,,0,,,1.0,10,0,0,True,0,Colex I Cutter (WB),Stock & Release,False,0,0,C32 K,OT,2026-08-12 10:36:34,,0,False,0,0,200 C,,,1,60,0,12,0,GI,,Hamilton,16.0,16.0,16.0,,1.0,0,False,2026-08-12,Glued,08/17-Moyy,L,,,08/17-Moyy,69.0,2026-08-19,38.0
368761,5035591,1,2026-08-19,500,10,69,1,20,1,3600,1.0,0,,Langston Saturn 50x110,1500,14924.0,22386.0,1350.0,1650,10001,,,2026-08-21,1,22386.0,115066,2026-08-21,C,Regular Slotted Carton,L,Plain,0,3,,1.0,3,1,0,32.08,66.02,0,45.0,"W161616
16 x 16 x 16 RSC
32C Kraft 25/125",Moyy|WB,,0,,,0.6,10,0,0,True,2,Colex I Cutter (WB),Stock & Release,False,1,0,C32 K,OT,2026-08-12 10:36:34,,0,False,0,0,200 C,Langston,,1,60,0,12,0,GI,,Hamilton,16.0,16.0,16.0,,1.0,0,False,2026-08-12,Glued,08/17-Moyy,L,,,08/17-Moyy,,,107.0
369388,5035613,1,2026-08-14,500,10,3,1,33,1,1080,1.0,0,,TableSaw,5,0.0,0.0,5.0,6,10001,,,2026-08-18,1,0.0,126011,2026-08-17,N/A,Not Applicable,BS,Plain,0,3,,1.0,5,1,0,0.0,0.0,0,33.0,"W6441
Edge Protector 2""x2""x60""x.080
60/bndl",Moyy|WB,,0,,,0.6,10,0,0,False,0,TableSaw,Stock & Release,False,15,0,Not Applicable,OT,2026-08-13 15:31:25,,5,False,0,0,,Saw,,0,1,5,12,0,,,Hamilton,0.0,0.0,0.0,,0.0,0,False,2026-08-13,Not Applicable,No P.O.,BS,,,No P.O.,,,46.0
368323,5035571,1,2026-10-08,500,5,168,1,0,1,0,1.0,0,,Farm Out,1350,65971.0,89060.85,1215.0,1485,16048,,,2026-08-31,0,148731.6195,138142,2026-08-31,DW,Half Slotted Top,,Plain,0,3,,1.0,7,1,0,61.11,154.0,0,0.0,"Combo Bin, Sesame Tape 
& 5 Exterior Straps HSC Top
46 x 38 x 40-3/4 500BC Glued
75/unit",True,,0,,,1.0,0,0,0,True,0,Strapper (For Bulk Bins),Regular,False,4,0,BC71 K,OT,2026-08-10 15:31:53,,0,False,0,0,605,Farm Out,,1,60,0,12,0,GI,,CARMAN,45.11,37.11,40.11,,0.0,0,False,2026-08-10,Glued,08/21-CASC02,Strapper,"13250 - TRENTON CORRUGATORS
13457 - RUNNING @ FLINT",,08/21-CASC02,155.0,2026-10-08,
368324,5035571,1,2026-10-08,500,10,155,1,15,1,70,1.0,0,,Strapper (For Bulk Bins),1350,65971.0,89060.85,1215.0,1485,16048,,,2026-08-31,0,148731.6195,138142,2026-08-31,DW,Half Slotted Top,Strapper,Plain,0,3,,1.0,5,1,0,61.11,154.0,0,1172.0,"Combo Bin, Sesame Tape 
& 5 Exterior Straps HSC Top
46 x 38 x 40-3/4 500BC Glued
75/unit",True,,0,,,1.0,0,0,0,True,0,Strapper (For Bulk Bins),Regular,False,2,0,BC71 K,OT,2026-08-10 15:31:53,,0,False,0,0,605,Strapper,,1,60,0,12,0,GI,,CARMAN,45.11,37.11,40.11,,0.0,0,False,2026-08-10,Glued,08/21-CASC02,Strapper,"13250 - TRENTON CORRUGATORS
13457 - RUNNING @ FLINT",,08/21-CASC02,,,6358.0
367217,5035358,1,2026-08-14,-500,1,234,0,0,0,0,1.0,0,,Corrugator,900,10976.0,9878.4,810.0,990,11371,,,2026-08-13,1,16496.928,160072,2026-08-13,DW,Regular Slotted Carton,,Flexo 2 Colour Printing,2,3,M2301032,1.0,0,1,0,24.01,65.11,0,0.0,"G128911
15-3/4 x 15-3/4 x 7-1/4
RSC, Glued, 2 Col 42BC Kraft
#2 ancon 00-T17
PLEASE print ""2 ANC",Watts,,0,,,1.0,0,0,0,True,0,Colex I Cutter (WB),Stock & Release,False,234,0,BC42 K,OT,2026-07-21 16:50:03,,0,False,0,0,200 BC,,,1,61,0,12,0,GI,"GCMI 300 BLUE (10%), GCMI 90 BLACK AU (10%)",Burlington,15.12,15.12,7.04,,1.0,0,False,2026-07-21,Glued,08/12-MONT01,L,13638 - LANGSTON,"GCMI 90 BLACK AU
GCMI 300 BLUE",08/12-MONT01,69.0,2026-08-14,
367216,5035358,1,2026-08-14,130,10,69,1,48,1,1875,1.0,0,Waiting for Print plate,Langston Saturn 50x110,900,10976.0,9878.4,810.0,990,11371,,,2026-08-13,1,16496.928,160072,2026-08-13,DW,Regular Slotted Carton,L,Flexo 2 Colour Printing,2,3,M2301032,1.0,3,1,0,24.01,65.11,0,77.0,"G128911
15-3/4 x 15-3/4 x 7-1/4
RSC, Glued, 2 Col 42BC Kraft
#2 ancon 00-T17
PLEASE print ""2 ANC",Watts,,0,,,0.6,0,0,0,True,2,Colex I Cutter (WB),Stock & Release,False,1,0,BC42 K,OT,2026-07-21 16:50:03,,0,False,0,0,200 BC,Langston,,1,61,0,12,0,GI,"GCMI 300 BLUE (10%), GCMI 90 BLACK AU (10%)",Burlington,15.12,15.12,7.04,,1.0,0,False,2026-07-21,Glued,08/12-MONT01,L,13638 - LANGSTON,"GCMI 90 BLACK AU
GCMI 300 BLUE",08/12-MONT01,,,78.0
368630,5035579,1,2026-08-18,500,1,234,0,0,0,0,1.0,0,,Corrugator,3000,3362.0,10086.0,3000.0,3150,13797,,,2026-08-25,0,10086.0,161680,2026-08-25,E,Flat Bed Die Cut,,Nozomi Digital 1 Side Print,1,3,,4.0,0,1,0,39.02,49.08,0,0.0,"All Temp /Wraptite
23-1/4 x 18-9/16
Flat Bed Die Cut, No Closure, 
Nozomi Digital 1 Side Print",Shipmaster,,0,,,1.0,0,0,0,True,0,STRIPPING Pack & Protect A-2,Regular,False,234,0,E32 Coated White 2S,OT,2026-08-11 13:30:02,,0,False,0,0,,,,1,65,0,12,0,N,Dig Ink Med Intensity (80%),Markham,23.04,18.09,0.0,,0.0,0,False,2026-08-11,No Closure,08/17-MONT01,"N,Slitter,E,Stripping",13633 - C3-I,Dig Ink Med Intensity,08/17-MONT01,189.0,2026-08-19,
368631,5035579,1,2026-08-19,500,10,189,1,10,1,8801,1.0,0,,Nozomi Digital Printer,3000,3362.0,10086.0,3000.0,3150,13797,,,2026-08-25,0,10086.0,161680,2026-08-25,E,Flat Bed Die Cut,N,Nozomi Digital 1 Side Print,1,3,,4.0,3,1,0,39.02,49.08,0,30.0,"All Temp /Wraptite
23-1/4 x 18-9/16
Flat Bed Die Cut, No Closure, 
Nozomi Digital 1 Side Print",Shipmaster,,0,,,1.0,0,0,0,True,1,STRIPPING Pack & Protect A-2,Regular,False,1,0,E32 Coated White 2S,OT,2026-08-11 13:30:02,,0,False,0,0,,NAZ,,1,65,0,12,0,N,Dig Ink Med Intensity (80%),Markham,23.04,18.09,0.0,,0.0,0,False,2026-08-11,No Closure,08/17-MONT01,"N,Slitter,E,Stripping",13633 - C3-I,Dig Ink Med Intensity,08/17-MONT01,1.0,2026-08-20,1432.0
368632,5035579,1,2026-08-20,500,20,1,1,15,1,3000,1.0,0,,"Slitter 90""",3000,3362.0,10086.0,3000.0,3150,13797,,,2026-08-25,0,10086.0,161680,2026-08-25,E,Flat Bed Die Cut,Slitter,Nozomi Digital 1 Side Print,1,3,,4.0,8,1,0,39.02,49.08,0,75.0,"All Temp /Wraptite
23-1/4 x 18-9/16
Flat Bed Die Cut, No Closure, 
Nozomi Digital 1 Side Print",Shipmaster,,0,,,1.0,0,0,0,True,1,STRIPPING Pack & Protect A-2,Regular,False,14,0,E32 Coated White 2S,OT,2026-08-11 13:30:02,,0,False,0,0,,Slitter,,1,65,0,12,0,N,Dig Ink Med Intensity (80%),Markham,23.04,18.09,0.0,,0.0,0,False,2026-08-11,No Closure,08/17-MONT01,"N,Slitter,E,Stripping",13633 - C3-I,Dig Ink Med Intensity,08/17-MONT01,213.0,2026-08-21,15.0
368633,5035579,1,2026-08-21,500,30,213,1,25,1,7000,1.0,0,,Eterna,3000,3362.0,10086.0,3000.0,3150,13797,,,2026-08-25,0,10086.0,161680,2026-08-25,E,Flat Bed Die Cut,E,Nozomi Digital 1 Side Print,1,3,,4.0,3,1,0,39.02,49.08,0,51.0,"All Temp /Wraptite
23-1/4 x 18-9/16
Flat Bed Die Cut, No Closure, 
Nozomi Digital 1 Side Print",Shipmaster,,0,,,1.0,0,0,0,True,0,STRIPPING Pack & Protect A-2,Regular,False,3,0,E32 Coated White 2S,OT,2026-08-11 13:30:02,,0,False,0,0,,Eterna,,1,65,0,12,0,N,Dig Ink Med Intensity (80%),Markham,23.04,18.09,0.0,,0.0,0,False,2026-08-11,No Closure,08/17-MONT01,"N,Slitter,E,Stripping",13633 - C3-I,Dig Ink Med Intensity,08/17-MONT01,40.0,2026-08-24,199.0
368634,5035579,1,2026-08-24,500,40,40,1,12,1,216,1.0,0,,Stripping,3000,3362.0,10086.0,3000.0,3150,13797,,,2026-08-25,0,10086.0,161680,2026-08-25,E,Flat Bed Die Cut,Stripping,Nozomi Digital 1 Side Print,1,3,,4.0,5,1,0,39.02,49.08,0,845.0,"All Temp /Wraptite
23-1/4 x 18-9/16
Flat Bed Die Cut, No Closure, 
Nozomi Digital 1 Side Print",Shipmaster,,0,,,0.8,0,0,0,True,0,STRIPPING Pack & Protect A-2,Regular,False,0,0,E32 Coated White 2S,OT,2026-08-11 13:30:02,,0,False,0,0,,Stripping,,1,65,0,12,0,N,Dig Ink Med Intensity (80%),Markham,23.04,18.09,0.0,,0.0,0,False,2026-08-11,No Closure,08/17-MONT01,"N,Slitter,E,Stripping",13633 - C3-I,Dig Ink Med Intensity,08/17-MONT01,238.0,2026-08-25,13.0
368635,5035579,1,2026-08-25,500,50,238,1,0,1,0,1.0,0,,Pack & Protect A-2,3000,3362.0,10086.0,3000.0,3150,13797,,,2026-08-25,0,10086.0,161680,2026-08-25,E,Flat Bed Die Cut,,Nozomi Digital 1 Side Print,1,3,,4.0,5,1,0,39.02,49.08,0,0.0,"All Temp /Wraptite
23-1/4 x 18-9/16
Flat Bed Die Cut, No Closure, 
Nozomi Digital 1 Side Print",Shipmaster,,0,,,1.0,0,0,0,True,0,STRIPPING Pack & Protect A-2,Regular,False,6,0,E32 Coated White 2S,OT,2026-08-11 13:30:02,,0,False,0,0,,,,1,65,0,12,0,N,Dig Ink Med Intensity (80%),Markham,23.04,18.09,0.0,,0.0,0,False,2026-08-11,No Closure,08/17-MONT01,"N,Slitter,E,Stripping",13633 - C3-I,Dig Ink Med Intensity,08/17-MONT01,,,
=======
6 Prints",Iron,,0,,,1.0,0,0,0,True,0,,Regular,False,6,0,E32 Coated White 1S,CRB,2026-07-28 12:47:26,,0,False,0,0,,,,1,65,0,12,0,GI,"Dig Ink Med Intensity (50%), Coated Digital (0%)",St. Catharines,11.03,7.09,8.14,,0.0,0,False,2026-07-28,Glued,08/18-ASTR01,"N,E",14855 - ETERNA C3-C,"Dig Ink Med Intensity
Coated Digital",08/18-ASTR01,,,
364737,5035418,1,2026-08-13,500,10,69,1,33,1,2520,1.0,0,,Langston Saturn 50x110,18500,7237.0,133884.5,16650.0,20350,18699,,,2026-08-17,0,133884.5,192923,2026-08-17,C,Regular Slotted Carton,L,Plain,0,3,,1.0,3,1,0,17.1,59.02,0,473.0,"19 x 9-1/2 x 7-1/2
RSC, Glued, Plain 
C Flute 44 ECT Kraft
480/unit - bundles of 24",Spectrum,,0,,,0.6,0,0,0,True,2,,Regular,False,1,0,C44 K,OT,2026-07-24 10:44:08,,0,False,0,0,275 C,Langston,,1,60,0,12,0,GI,,MOOREFILED,19.0,9.08,7.08,,0.0,0,False,2026-07-24,Glued,08/07-MONT01,L,,,08/07-MONT01,,,473.0
364736,5035418,1,2026-08-12,500,1,234,0,0,0,0,1.0,0,,Corrugator,18500,7237.0,133884.5,16650.0,20350,18699,,,2026-08-17,0,133884.5,192923,2026-08-17,C,Regular Slotted Carton,,Plain,0,3,,1.0,0,1,0,17.1,59.02,0,0.0,"19 x 9-1/2 x 7-1/2
RSC, Glued, Plain 
C Flute 44 ECT Kraft
480/unit - bundles of 24",Spectrum,,0,,,1.0,0,0,0,True,0,,Regular,False,234,0,C44 K,OT,2026-07-24 10:44:08,,0,False,0,0,275 C,,,1,60,0,12,0,GI,,MOOREFILED,19.0,9.08,7.08,,0.0,0,False,2026-07-24,Glued,08/07-MONT01,L,,,08/07-MONT01,69.0,2026-08-13,
365924,5035457,1,2026-08-05,500,1,234,0,0,0,0,1.0,0,,Corrugator,500,3495.0,1747.5,450.0,550,18597,,,2026-08-12,0,1747.5,194693,2026-08-12,B,Flat Bed Die Cut,,Nozomi Digital 1 Side Print,1,3,,2.0,0,1,0,30.08,33.0,0,0.0,"16 x 1/2 lb Lamb Tripe
14-1/4 x 30-3/4
FBDC, Glued, 20/Bundle
Nozomi Digital 1 Side Print 
B Flu",Healthy,,0,,,1.0,0,0,0,True,0,,Regular,False,234,0,B32 Coated White 1S,OT,2026-07-28 14:18:53,,0,False,0,0,,,,1,65,0,12,0,GI,"Dig Ink Med Intensity (40%), Coated Digital (0%)",SMITHVILLE,30.12,14.04,0.0,,0.0,0,False,2026-07-28,Glued,08/05-MONT01,"N,E,BobstGluer",13730 - C3-A,"Dig Ink Med Intensity
Coated Digital",08/05-MONT01,189.0,2026-08-06,
365926,5035457,1,2026-08-10,500,20,213,1,25,1,7000,1.0,0,,Eterna,500,3495.0,1747.5,450.0,550,18597,,,2026-08-12,0,1747.5,194693,2026-08-12,B,Flat Bed Die Cut,E,Nozomi Digital 1 Side Print,1,3,,2.0,3,1,0,30.08,33.0,0,29.0,"16 x 1/2 lb Lamb Tripe
14-1/4 x 30-3/4
FBDC, Glued, 20/Bundle
Nozomi Digital 1 Side Print 
B Flu",Healthy,,0,,,1.0,0,0,0,True,0,,Regular,False,3,0,B32 Coated White 1S,OT,2026-07-28 14:18:53,,0,False,0,0,,Eterna,,1,65,0,12,0,GI,"Dig Ink Med Intensity (40%), Coated Digital (0%)",SMITHVILLE,30.12,14.04,0.0,,0.0,0,False,2026-07-28,Glued,08/05-MONT01,"N,E,BobstGluer",13730 - C3-A,"Dig Ink Med Intensity
Coated Digital",08/05-MONT01,167.0,2026-08-10,29.0
365927,5035457,1,2026-08-10,500,30,167,1,15,1,6500,1.0,0,,"Bobst Specialty Gluer 115""",500,3495.0,1747.5,450.0,550,18597,,,2026-08-12,0,1747.5,194693,2026-08-12,B,Flat Bed Die Cut,Bobst Gluer,Nozomi Digital 1 Side Print,1,3,,2.0,3,1,0,30.08,33.0,0,20.0,"16 x 1/2 lb Lamb Tripe
14-1/4 x 30-3/4
FBDC, Glued, 20/Bundle
Nozomi Digital 1 Side Print 
B Flu",Healthy,,0,,,1.0,0,0,0,True,0,,Regular,False,6,0,B32 Coated White 1S,OT,2026-07-28 14:18:53,,0,False,0,0,,Bobst Gluer,,1,65,0,12,0,GI,"Dig Ink Med Intensity (40%), Coated Digital (0%)",SMITHVILLE,30.12,14.04,0.0,,0.0,0,False,2026-07-28,Glued,08/05-MONT01,"N,E,BobstGluer",13730 - C3-A,"Dig Ink Med Intensity
Coated Digital",08/05-MONT01,,,19.0
365928,5035457,2,2026-08-05,500,1,234,0,0,0,0,1.0,0,,Corrugator,500,3495.0,1747.5,500.0,550,18597,,,2026-08-12,0,1747.5,194694,2026-08-12,B,Flat Bed Die Cut,,Nozomi Digital 1 Side Print,1,3,,2.0,0,1,0,30.08,33.0,0,0.0,"16 x 1/2 lb Beef Tripe
14-1/4 x 30-3/4
FBDC, Glued, 20/Bundle
Nozomi Digital 1 Side Print 
B Flu",Healthy,,0,,,1.0,0,0,0,True,0,,Regular,False,234,0,B32 Coated White 1S,OT,2026-07-28 14:18:53,,0,False,0,0,,,,1,65,0,12,0,GI,"Dig Ink Med Intensity (40%), Coated Digital (0%)",SMITHVILLE,30.12,14.04,0.0,,0.0,0,False,2026-07-28,Glued,08/05-MONT01,"N,E,BobstGluer",13730 - C3-A,"Dig Ink Med Intensity
Coated Digital",08/05-MONT01,189.0,2026-08-06,
365930,5035457,2,2026-08-10,500,20,213,1,25,1,7000,1.0,0,,Eterna,500,3495.0,1747.5,500.0,550,18597,,,2026-08-12,0,1747.5,194694,2026-08-12,B,Flat Bed Die Cut,E,Nozomi Digital 1 Side Print,1,3,,2.0,3,1,0,30.08,33.0,0,29.0,"16 x 1/2 lb Beef Tripe
14-1/4 x 30-3/4
FBDC, Glued, 20/Bundle
Nozomi Digital 1 Side Print 
B Flu",Healthy,,0,,,1.0,0,0,0,True,0,,Regular,False,3,0,B32 Coated White 1S,OT,2026-07-28 14:18:53,,0,False,0,0,,Eterna,,1,65,0,12,0,GI,"Dig Ink Med Intensity (40%), Coated Digital (0%)",SMITHVILLE,30.12,14.04,0.0,,0.0,0,False,2026-07-28,Glued,08/05-MONT01,"N,E,BobstGluer",13730 - C3-A,"Dig Ink Med Intensity
Coated Digital",08/05-MONT01,167.0,2026-08-10,29.0
365931,5035457,2,2026-08-10,500,30,167,1,15,1,6500,1.0,0,,"Bobst Specialty Gluer 115""",500,3495.0,1747.5,500.0,550,18597,,,2026-08-12,0,1747.5,194694,2026-08-12,B,Flat Bed Die Cut,Bobst Gluer,Nozomi Digital 1 Side Print,1,3,,2.0,3,1,0,30.08,33.0,0,20.0,"16 x 1/2 lb Beef Tripe
14-1/4 x 30-3/4
FBDC, Glued, 20/Bundle
Nozomi Digital 1 Side Print 
B Flu",Healthy,,0,,,1.0,0,0,0,True,0,,Regular,False,6,0,B32 Coated White 1S,OT,2026-07-28 14:18:53,,0,False,0,0,,Bobst Gluer,,1,65,0,12,0,GI,"Dig Ink Med Intensity (40%), Coated Digital (0%)",SMITHVILLE,30.12,14.04,0.0,,0.0,0,False,2026-07-28,Glued,08/05-MONT01,"N,E,BobstGluer",13730 - C3-A,"Dig Ink Med Intensity
Coated Digital",08/05-MONT01,,,19.0
366499,5034349,1,2026-08-05,100,10,69,1,48,1,2160,1.0,0,,Langston Saturn 50x110,15000,16561.0,248415.0,13500.0,16500,11886,,,2026-07-31,0,248415.0,104763,2026-07-31,C,Regular Slotted Carton,L,Flexo 2 Colour Printing,2,3,,1.0,3,1,0,30.08,78.03,0,465.0,"20 x 18 x 12
RSC, Glued,2COL
40C Kraft
125/unit",MJ,,0,,,0.6,0,0,0,True,2,,Regular,False,1,0,C40 K,OT,2026-07-21 08:21:33,,0,False,0,0,200 O/T C,Langston,,1,61,0,12,0,GI,"GCMI 90 BLACK AU (15%), GCMI 13 YELLOW (5%)",CAMBRIDGE,20.0,18.0,12.0,,1.0,0,False,2026-07-21,Glued,07/31-MONT01,L,"12640 - LANGSTON
12940 - RACK A","GCMI 90 BLACK AU
GCMI 13 YELLOW",07/31-MONT01,,,619.0
362399,5034328,1,2026-08-06,100,1,256,0,0,0,0,1.0,0,,Interpac Corrugator,10000,5926.0,59260.0,9000.0,11000,10001,,,2026-08-03,1,59260.0,145045,2026-08-03,C,Regular Slotted Carton,,Plain,0,3,,1.0,1,1,0,18.08,46.02,0,0.0,"W121008
12 x 10 x 8
32C Kraft RSC 500/sk",Moyy|WB,,0,,,1.0,10,0,0,True,0,,Stock & Release,False,0,0,C32 K,OT,2026-07-17 12:54:29,,0,False,0,0,200 C,,,1,60,0,12,0,GI,,Hamilton,12.0,10.0,8.0,,1.0,0,False,2026-07-17,Glued,07/29-Moyy,L,,,07/29-Moyy,69.0,2026-08-06,
362400,5034328,1,2026-08-06,91,10,69,1,33,1,2520,1.0,0,,Langston Saturn 50x110,10000,5926.0,59260.0,9000.0,11000,10001,,,2026-08-03,1,59260.0,145045,2026-08-03,C,Regular Slotted Carton,L,Plain,0,3,,1.0,3,1,0,18.08,46.02,0,271.0,"W121008
12 x 10 x 8
32C Kraft RSC 500/sk",Moyy|WB,,0,,,0.6,10,0,0,True,2,,Stock & Release,False,1,0,C32 K,OT,2026-07-17 12:54:29,,0,False,0,0,200 C,Langston,,1,60,0,12,0,GI,,Hamilton,12.0,10.0,8.0,,1.0,0,False,2026-07-17,Glued,07/29-Moyy,L,,,07/29-Moyy,,,234.0
366850,5032190,2,2026-08-05,160,5,256,1,0,1,0,0.0,0,,Interpac Corrugator,8160,6433.0,52493.28,7344.0,8976,12170,,,2026-08-07,0,52493.28,158846,2026-08-05,C,Regular Slotted Carton,,Flexo 1 Colour Print,1,3,,1.0,1,1,0,17.12,52.03,0,0.0,"12-1/2 x 12-1/2 x 4-3/4
32C Kraft RSC 1C - logo 1 side
680/Unit",Mitchell's,,0,,,1.0,0,0,0,True,0,,Regular,False,0,0,C32 K,Late - Production Equipment failure,2026-03-20 13:58:47,,0,False,0,0,200 C,,,1,60,0,12,0,GI,GCMI 90 BLACK HK (15%),Aylmer,12.08,12.08,4.12,,1.0,0,False,2026-03-20,Glued,07/29-Moyy,L,12979 - LANGSTON,GCMI 90 BLACK HK,07/29-Moyy,69.0,2026-08-06,
366849,5032190,2,2026-08-06,500,10,69,1,24,1,4200,1.0,0,,Langston Saturn 50x110,8160,6433.0,52493.28,7344.0,8976,12170,,,2026-08-07,0,52493.28,158846,2026-08-05,C,Regular Slotted Carton,L,Flexo 1 Colour Print,1,3,,1.0,3,1,0,17.12,52.03,0,141.0,"12-1/2 x 12-1/2 x 4-3/4
32C Kraft RSC 1C - logo 1 side
680/Unit",Mitchell's,,0,,,0.6,0,0,0,True,2,,Regular,False,1,0,C32 K,Late - Production Equipment failure,2026-03-20 13:58:47,,0,False,0,0,200 C,Langston,,1,60,0,12,0,GI,GCMI 90 BLACK HK (15%),Aylmer,12.08,12.08,4.12,,1.0,0,False,2026-03-20,Glued,07/29-Moyy,L,12979 - LANGSTON,GCMI 90 BLACK HK,07/29-Moyy,,,293.0
364371,5035375,1,2026-08-10,500,10,69,1,33,1,2520,1.0,0,,Langston Saturn 50x110,15000,4814.0,72210.0,13500.0,16500,12635,,,2026-08-10,1,72210.0,159527,2026-08-10,C,Regular Slotted Carton,L,Plain,0,3,M2300189-A,1.0,3,1,0,18.01,38.06,0,390.0,"MCP591-28-10-R1
10-1/4 x 7-7/8 x 9-11/16
32C Kraf RSC 500/sk",Oxibrite,,0,,,0.6,0,0,0,True,2,,Stock & Release,False,1,0,C32 K,OT,2026-07-22 13:54:51,,0,False,0,0,200 C,Langston,,1,60,0,12,0,GI,,Guelph,10.04,7.14,9.11,,1.0,0,False,2026-07-22,Glued,07/31-MONT01,L,,,07/31-MONT01,,,392.0
365193,5035444,1,2026-08-05,200,1,234,0,0,0,0,1.0,0,,Corrugator,480,3495.0,1677.6,432.0,528,18597,,,2026-08-10,1,1677.6,167339,2026-08-07,B,Flat Bed Die Cut,,Nozomi Digital 1 Side Print,1,3,,2.0,0,1,0,30.08,33.0,0,0.0,"16 x 1/2 lb Variety Chicken/Beef box
14-1/4 x 30-3/4
FBDC, Glued, 20/Bundle
Nozomi Digital 1 Side",Healthy,,0,,,1.0,0,0,0,True,0,,Stock & Release,False,234,0,B32 Coated White 1S,OT,2026-07-28 11:26:44,,0,False,0,0,,,,1,65,0,12,0,GI,"Dig Ink Med Intensity (40%), Coated Digital (0%)",SMITHVILLE,30.12,14.04,0.0,,1.0,0,False,2026-07-27,Glued,07/31-MONT01,"N,E,BobstGluer",13730 - C3-A,"Dig Ink Med Intensity
Coated Digital",07/31-MONT01,189.0,2026-08-04,
365195,5035444,1,2026-08-10,500,20,213,1,25,1,7000,1.0,0,,Eterna,480,3495.0,1677.6,432.0,528,18597,,,2026-08-10,1,1677.6,167339,2026-08-07,B,Flat Bed Die Cut,E,Nozomi Digital 1 Side Print,1,3,,2.0,3,1,0,30.08,33.0,0,29.0,"16 x 1/2 lb Variety Chicken/Beef box
14-1/4 x 30-3/4
FBDC, Glued, 20/Bundle
Nozomi Digital 1 Side",Healthy,,0,,,1.0,0,0,0,True,0,,Stock & Release,False,3,0,B32 Coated White 1S,OT,2026-07-28 11:26:44,,0,False,0,0,,Eterna,,1,65,0,12,0,GI,"Dig Ink Med Intensity (40%), Coated Digital (0%)",SMITHVILLE,30.12,14.04,0.0,,1.0,0,False,2026-07-27,Glued,07/31-MONT01,"N,E,BobstGluer",13730 - C3-A,"Dig Ink Med Intensity
Coated Digital",07/31-MONT01,167.0,2026-08-06,59.0
365196,5035444,1,2026-08-06,500,30,167,1,15,1,6500,1.0,0,,"Bobst Specialty Gluer 115""",480,3495.0,1677.6,432.0,528,18597,,,2026-08-10,1,1677.6,167339,2026-08-07,B,Flat Bed Die Cut,Bobst Gluer,Nozomi Digital 1 Side Print,1,3,,2.0,3,1,0,30.08,33.0,0,19.0,"16 x 1/2 lb Variety Chicken/Beef box
14-1/4 x 30-3/4
FBDC, Glued, 20/Bundle
Nozomi Digital 1 Side",Healthy,,0,,,1.0,0,0,0,True,0,,Stock & Release,False,6,0,B32 Coated White 1S,OT,2026-07-28 11:26:44,,0,False,0,0,,Bobst Gluer,,1,65,0,12,0,GI,"Dig Ink Med Intensity (40%), Coated Digital (0%)",SMITHVILLE,30.12,14.04,0.0,,1.0,0,False,2026-07-27,Glued,07/31-MONT01,"N,E,BobstGluer",13730 - C3-A,"Dig Ink Med Intensity
Coated Digital",07/31-MONT01,,,36.0
364365,5035373,1,2026-08-06,110,1,256,0,0,0,0,1.0,0,,Interpac Corrugator,3500,7259.0,25406.5,3150.0,3850,11738,,,2026-08-04,0,25406.5,169970,2026-08-04,C,Regular Slotted Carton,,Plain,0,3,,1.0,1,1,0,18.1,56.02,0,0.0,"18 x 9 x 9
RSC, Glued, Plain C Flute 32 ECT Kraft 
With WRA
250/unit",Parker,,0,,,1.0,0,0,0,True,0,,Regular,False,0,0,C32 K,OT,2026-07-22 13:36:57,,0,False,0,0,200 C,,,1,60,0,12,0,GI,,ALMA,18.0,9.0,9.0,,1.0,0,False,2026-07-22,Glued,07/23-Moyy,L,,,07/23-Moyy,69.0,2026-08-05,
364366,5035373,1,2026-08-05,300,10,69,1,33,1,2520,1.0,0,,Langston Saturn 50x110,3500,7259.0,25406.5,3150.0,3850,11738,,,2026-08-04,0,25406.5,169970,2026-08-04,C,Regular Slotted Carton,L,Plain,0,3,,1.0,3,1,0,18.1,56.02,0,116.0,"18 x 9 x 9
RSC, Glued, Plain C Flute 32 ECT Kraft 
With WRA
250/unit",Parker,,0,,,0.6,0,0,0,True,2,,Regular,False,1,0,C32 K,OT,2026-07-22 13:36:57,,0,False,0,0,200 C,Langston,,1,60,0,12,0,GI,,ALMA,18.0,9.0,9.0,,1.0,0,False,2026-07-22,Glued,07/23-Moyy,L,,,07/23-Moyy,,,170.0
364838,5035426,1,2026-08-05,500,1,234,0,0,0,0,1.0,0,,Corrugator,2000,18084.0,36168.0,1800.0,2200,11207,,,2026-08-10,0,36168.0,170823,2026-08-10,C,Regular Slotted Carton,,Plain,0,3,M2400936,1.0,0,1,0,32.08,80.02,0,0.0,"K5   22 17 15 - 12
22 x 17 x 15, 12
RSC, Glued, Plain 
C Flute 32 ECT Kraft 1 Extra Score
125/un",Keen,,0,,,1.0,0,0,0,True,0,,Regular,False,234,0,C32 K,CRB,2026-07-24 14:49:11,,0,False,0,0,200 C,,,1,60,0,12,0,GI,,Bolton,22.0,17.0,15.0,,1.0,0,False,2026-07-24,Glued,08/04-MONT01,L,,,08/04-MONT01,69.0,2026-08-07,
364839,5035426,1,2026-08-07,500,10,69,1,33,1,2520,1.0,0,,Langston Saturn 50x110,2000,18084.0,36168.0,1800.0,2200,11207,,,2026-08-10,0,36168.0,170823,2026-08-10,C,Regular Slotted Carton,L,Plain,0,3,M2400936,1.0,3,1,0,32.08,80.02,0,81.0,"K5   22 17 15 - 12
22 x 17 x 15, 12
RSC, Glued, Plain 
C Flute 32 ECT Kraft 1 Extra Score
125/un",Keen,,0,,,0.6,0,0,0,True,2,,Regular,False,1,0,C32 K,CRB,2026-07-24 14:49:11,,0,False,0,0,200 C,Langston,,1,60,0,12,0,GI,,Bolton,22.0,17.0,15.0,,1.0,0,False,2026-07-24,Glued,08/04-MONT01,L,,,08/04-MONT01,,,96.0
364473,5035393,1,2026-08-05,150,1,256,0,0,0,0,1.0,0,,Interpac Corrugator,1250,13867.0,17333.75,1125.0,1375,19203,,,2026-08-04,0,17333.75,180009,2026-08-04,C,Regular Slotted Carton,,Flexo 1 Colour Print,1,3,M2500746,1.0,1,1,0,29.02,68.09,0,0.0,"2 CF
18-3/16 x 15 x 13-1/2
RSC, Glued, 1Col 
32C Kraft
250/unit",First Onsite,,0,,,1.0,0,0,0,True,0,,Regular,False,0,0,C32 K,OT,2026-07-23 12:11:59,,0,False,0,0,200 C,,,1,61,0,12,0,GI,PMS 281C Blue (10%),MISSISSAUGA,18.03,15.0,13.08,,1.0,0,False,2026-07-23,Glued,07/28-Moyy,L,14299 - LANGSTON,PMS 281C Blue,07/28-Moyy,69.0,2026-08-05,
364474,5035393,1,2026-08-05,200,10,69,1,40,1,2160,1.0,0,,Langston Saturn 50x110,1250,13867.0,17333.75,1125.0,1375,19203,,,2026-08-04,0,17333.75,180009,2026-08-04,C,Regular Slotted Carton,L,Flexo 1 Colour Print,1,3,M2500746,1.0,3,1,0,29.02,68.09,0,75.0,"2 CF
18-3/16 x 15 x 13-1/2
RSC, Glued, 1Col 
32C Kraft
250/unit",First Onsite,,0,,,0.6,0,0,0,True,2,,Regular,False,1,0,C32 K,OT,2026-07-23 12:11:59,,0,False,0,0,200 C,Langston,,1,61,0,12,0,GI,PMS 281C Blue (10%),MISSISSAUGA,18.03,15.0,13.08,,1.0,0,False,2026-07-23,Glued,07/28-Moyy,L,14299 - LANGSTON,PMS 281C Blue,07/28-Moyy,,,72.0
364477,5035394,1,2026-08-05,140,1,256,0,0,0,0,1.0,0,,Interpac Corrugator,1250,13867.0,17333.75,1125.0,1375,19203,,,2026-08-04,0,17333.75,180009,2026-08-04,C,Regular Slotted Carton,,Flexo 1 Colour Print,1,3,M2500746,1.0,1,1,0,29.02,68.09,0,0.0,"2 CF
18-3/16 x 15 x 13-1/2
RSC, Glued, 1Col 
32C Kraft
250/unit",First Onsite,,0,,,1.0,0,0,0,True,0,,Regular,False,0,0,C32 K,OT,2026-07-23 12:14:28,,0,False,0,0,200 C,,,1,61,0,12,0,GI,PMS 281C Blue (10%),Richmond Hill,18.03,15.0,13.08,,1.0,0,False,2026-07-23,Glued,07/28-Moyy,L,14299 - LANGSTON,PMS 281C Blue,07/28-Moyy,69.0,2026-08-05,
364478,5035394,1,2026-08-05,200,10,69,1,40,1,2160,1.0,0,,Langston Saturn 50x110,1250,13867.0,17333.75,1125.0,1375,19203,,,2026-08-04,0,17333.75,180009,2026-08-04,C,Regular Slotted Carton,L,Flexo 1 Colour Print,1,3,M2500746,1.0,3,1,0,29.02,68.09,0,75.0,"2 CF
18-3/16 x 15 x 13-1/2
RSC, Glued, 1Col 
32C Kraft
250/unit",First Onsite,,0,,,0.6,0,0,0,True,2,,Regular,False,1,0,C32 K,OT,2026-07-23 12:14:28,,0,False,0,0,200 C,Langston,,1,61,0,12,0,GI,PMS 281C Blue (10%),Richmond Hill,18.03,15.0,13.08,,1.0,0,False,2026-07-23,Glued,07/28-Moyy,L,14299 - LANGSTON,PMS 281C Blue,07/28-Moyy,,,72.0
360890,5034245,4,2026-08-05,500,50,238,1,0,1,0,1.0,0,,Pack & Protect A-2,500,5484.0,2742.0,500.0,550,12853,,,2026-07-31,0,2742.0,189611,2026-07-31,E,Flat Bed Die Cut,,Nozomi Digital 1 Side Print,1,3,,2.0,5,1,0,39.0,40.08,0,0.0,"PKG-CNPS12
11-3/16 x 7-9/16 x 6-1/2
Flat Bed Die Cut, Glued, 
Digital 1 Side 
E32 Coated White 1",Iron,,0,,,1.0,0,0,0,True,0,,Regular,False,6,0,E32 Coated White 1S,OT,2026-07-13 11:10:28,,564,False,0,0,,,,1,65,564,12,0,GI,"Dig Ink Med Intensity (50%), Coated Digital (0%)",St. Catharines,11.03,7.09,6.08,,1.0,0,False,2026-07-13,Glued,08/03-ASTR01,"N,E",14830 - ETERNA C3-E,"Dig Ink Med Intensity
Coated Digital",08/03-ASTR01,,,
360886,5034245,4,2026-08-05,200,1,234,0,0,0,0,1.0,0,,Corrugator,500,5484.0,2742.0,500.0,550,12853,,,2026-07-31,0,2742.0,189611,2026-07-31,E,Flat Bed Die Cut,,Nozomi Digital 1 Side Print,1,3,,2.0,0,1,0,39.0,40.08,0,0.0,"PKG-CNPS12
11-3/16 x 7-9/16 x 6-1/2
Flat Bed Die Cut, Glued, 
Digital 1 Side 
E32 Coated White 1",Iron,,0,,,1.0,0,0,0,True,0,,Regular,False,234,0,E32 Coated White 1S,OT,2026-07-13 11:10:28,,564,False,0,0,,,,1,65,564,12,0,GI,"Dig Ink Med Intensity (50%), Coated Digital (0%)",St. Catharines,11.03,7.09,6.08,,1.0,0,False,2026-07-13,Glued,08/03-ASTR01,"N,E",14830 - ETERNA C3-E,"Dig Ink Med Intensity
Coated Digital",08/03-ASTR01,189.0,2026-07-24,
360889,5034245,4,2026-08-05,500,40,257,1,0,1,0,1.0,0,,Astrapac - Glue,500,5484.0,2742.0,500.0,550,12853,,,2026-07-31,0,2742.0,189611,2026-07-31,E,Flat Bed Die Cut,,Nozomi Digital 1 Side Print,1,3,,2.0,0,1,0,39.0,40.08,0,0.0,"PKG-CNPS12
11-3/16 x 7-9/16 x 6-1/2
Flat Bed Die Cut, Glued, 
Digital 1 Side 
E32 Coated White 1",Iron,,0,,,1.0,0,0,0,True,0,,Regular,False,0,0,E32 Coated White 1S,OT,2026-07-13 11:10:28,,564,False,0,0,,,,1,65,564,12,0,GI,"Dig Ink Med Intensity (50%), Coated Digital (0%)",St. Catharines,11.03,7.09,6.08,,1.0,0,False,2026-07-13,Glued,08/03-ASTR01,"N,E",14830 - ETERNA C3-E,"Dig Ink Med Intensity
Coated Digital",08/03-ASTR01,238.0,2026-08-05,
360945,5034245,15,2026-08-05,500,50,238,1,0,1,0,1.0,0,,Pack & Protect A-2,3000,5484.0,16452.0,3000.0,3300,12853,,,2026-07-31,0,16452.0,190621,2026-07-31,E,Flat Bed Die Cut,,Nozomi Digital 1 Side Print,1,3,,2.0,5,1,0,39.0,40.08,0,0.0,"PKG-OGTURKEY12
11-3/16 x 7-9/16 x 6-1/2
Flat Bed Die Cut, Glued, 
Digital 1 Side 
E32 Coated Whi",Iron,,0,,,1.0,0,0,0,True,0,,Regular,False,6,0,E32 Coated White 1S,OT,2026-07-13 11:10:28,,1508,False,0,0,,,,1,65,1508,12,0,GI,"Dig Ink Med Intensity (50%), Coated Digital (0%)",St. Catharines,11.03,7.09,6.08,,1.0,0,False,2026-07-13,Glued,08/03-ASTR01,"N,E",14830 - ETERNA C3-E,"Dig Ink Med Intensity
Coated Digital",08/03-ASTR01,,,
360941,5034245,15,2026-08-05,200,1,234,0,0,0,0,1.0,0,,Corrugator,3000,5484.0,16452.0,3000.0,3300,12853,,,2026-07-31,0,16452.0,190621,2026-07-31,E,Flat Bed Die Cut,,Nozomi Digital 1 Side Print,1,3,,2.0,0,1,0,39.0,40.08,0,0.0,"PKG-OGTURKEY12
11-3/16 x 7-9/16 x 6-1/2
Flat Bed Die Cut, Glued, 
Digital 1 Side 
E32 Coated Whi",Iron,,0,,,1.0,0,0,0,True,0,,Regular,False,234,0,E32 Coated White 1S,OT,2026-07-13 11:10:28,,1508,False,0,0,,,,1,65,1508,12,0,GI,"Dig Ink Med Intensity (50%), Coated Digital (0%)",St. Catharines,11.03,7.09,6.08,,1.0,0,False,2026-07-13,Glued,08/03-ASTR01,"N,E",14830 - ETERNA C3-E,"Dig Ink Med Intensity
Coated Digital",08/03-ASTR01,189.0,2026-08-07,
360944,5034245,15,2026-08-05,500,40,257,1,0,1,0,1.0,0,,Astrapac - Glue,3000,5484.0,16452.0,3000.0,3300,12853,,,2026-07-31,0,16452.0,190621,2026-07-31,E,Flat Bed Die Cut,,Nozomi Digital 1 Side Print,1,3,,2.0,0,1,0,39.0,40.08,0,0.0,"PKG-OGTURKEY12
11-3/16 x 7-9/16 x 6-1/2
Flat Bed Die Cut, Glued, 
Digital 1 Side 
E32 Coated Whi",Iron,,0,,,1.0,0,0,0,True,0,,Regular,False,0,0,E32 Coated White 1S,OT,2026-07-13 11:10:28,,1508,False,0,0,,,,1,65,1508,12,0,GI,"Dig Ink Med Intensity (50%), Coated Digital (0%)",St. Catharines,11.03,7.09,6.08,,1.0,0,False,2026-07-13,Glued,08/03-ASTR01,"N,E",14830 - ETERNA C3-E,"Dig Ink Med Intensity
Coated Digital",08/03-ASTR01,238.0,2026-08-05,
360876,5034245,2,2026-08-05,100,1,234,0,0,0,0,1.0,0,,Corrugator,500,6624.0,3312.0,500.0,550,12853,,,2026-08-06,0,3312.0,190835,2026-08-06,C,Regular Slotted Carton,,Nozomi Digital 1 Side Print,1,3,,2.0,0,1,0,36.04,52.1,0,0.0,"24LB - CNBSP24
14 x 11-1/4 x 6-3/8 (2 Up)
RSC, Glued, 
Digital Print C Flute 
44 ECT Kraft WRA S",Iron,,0,,,1.0,0,0,0,True,0,,Regular,False,234,0,C44 K,OT,2026-07-13 11:10:28,,0,False,0,0,275 C,,,1,65,0,12,0,GI,"Dig Ink Low Intensity (40%), Non-Coated Digital (0%)",St. Catharines,14.0,11.04,6.06,,1.0,0,False,2026-07-13,Glued,No P.O.,"N,Slitter,L",13864 - LANGSTON,"Dig Ink Low Intensity
Non-Coated Digital",No P.O.,189.0,2026-07-21,
360878,5034245,2,2026-08-05,300,15,1,1,15,1,3000,1.0,0,,"Slitter 90""",500,6624.0,3312.0,500.0,550,12853,,,2026-08-06,0,3312.0,190835,2026-08-06,C,Regular Slotted Carton,Slitter,Nozomi Digital 1 Side Print,1,3,,2.0,8,1,0,36.04,52.1,0,25.0,"24LB - CNBSP24
14 x 11-1/4 x 6-3/8 (2 Up)
RSC, Glued, 
Digital Print C Flute 
44 ECT Kraft WRA S",Iron,,0,,,1.0,0,0,0,True,1,,Regular,False,14,0,C44 K,OT,2026-07-13 11:10:28,,0,False,0,0,275 C,Slitter,,1,65,0,12,0,GI,"Dig Ink Low Intensity (40%), Non-Coated Digital (0%)",St. Catharines,14.0,11.04,6.06,,1.0,0,False,2026-07-13,Glued,No P.O.,"N,Slitter,L",13864 - LANGSTON,"Dig Ink Low Intensity
Non-Coated Digital",No P.O.,69.0,2026-08-05,49.0
360879,5034245,2,2026-08-05,500,25,69,1,50,1,4320,1.0,0,,Langston Saturn 50x110,500,6624.0,3312.0,500.0,550,12853,,,2026-08-06,0,3312.0,190835,2026-08-06,C,Regular Slotted Carton,L,Nozomi Digital 1 Side Print,1,3,,2.0,3,1,0,36.04,52.1,0,57.0,"24LB - CNBSP24
14 x 11-1/4 x 6-3/8 (2 Up)
RSC, Glued, 
Digital Print C Flute 
44 ECT Kraft WRA S",Iron,,0,,,0.6,0,0,0,True,2,,Regular,False,1,0,C44 K,OT,2026-07-13 11:10:28,,0,False,0,0,275 C,Langston,,1,65,0,12,0,GI,"Dig Ink Low Intensity (40%), Non-Coated Digital (0%)",St. Catharines,14.0,11.04,6.06,,1.0,0,False,2026-07-13,Glued,No P.O.,"N,Slitter,L",13864 - LANGSTON,"Dig Ink Low Intensity
Non-Coated Digital",No P.O.,238.0,2026-08-05,114.0
360880,5034245,2,2026-08-05,500,35,238,1,0,1,0,1.0,0,,Pack & Protect A-2,500,6624.0,3312.0,500.0,550,12853,,,2026-08-06,0,3312.0,190835,2026-08-06,C,Regular Slotted Carton,,Nozomi Digital 1 Side Print,1,3,,2.0,5,1,0,36.04,52.1,0,0.0,"24LB - CNBSP24
14 x 11-1/4 x 6-3/8 (2 Up)
RSC, Glued, 
Digital Print C Flute 
44 ECT Kraft WRA S",Iron,,0,,,1.0,0,0,0,True,0,,Regular,False,6,0,C44 K,OT,2026-07-13 11:10:28,,0,False,0,0,275 C,,,1,65,0,12,0,GI,"Dig Ink Low Intensity (40%), Non-Coated Digital (0%)",St. Catharines,14.0,11.04,6.06,,1.0,0,False,2026-07-13,Glued,No P.O.,"N,Slitter,L",13864 - LANGSTON,"Dig Ink Low Intensity
Non-Coated Digital",No P.O.,,,
360908,5034245,8,2026-08-05,300,15,1,1,15,1,3000,1.0,0,,"Slitter 90""",500,6624.0,3312.0,500.0,550,12853,,,2026-08-06,0,3312.0,190837,2026-08-06,C,Regular Slotted Carton,Slitter,Nozomi Digital 1 Side Print,1,3,,2.0,8,1,0,36.04,52.1,0,25.0,"24LB - CNTBP24
14 x 11-1/4 x 6-3/8 (2 Up)
RSC, Glued, 
Digital Print C Flute 
44 ECT Kraft WRA S",Iron,,0,,,1.0,0,0,0,True,1,,Regular,False,14,0,C44 K,OT,2026-07-13 11:10:28,,0,False,0,0,275 C,Slitter,,1,65,0,12,0,GI,"Dig Ink Low Intensity (40%), Non-Coated Digital (0%)",St. Catharines,14.0,11.04,6.06,,1.0,0,False,2026-07-13,Glued,No P.O.,"N,Slitter,L",13864 - LANGSTON,"Dig Ink Low Intensity
Non-Coated Digital",No P.O.,69.0,2026-08-05,56.0
360909,5034245,8,2026-08-05,500,25,69,1,50,1,4320,1.0,0,,Langston Saturn 50x110,500,6624.0,3312.0,500.0,550,12853,,,2026-08-06,0,3312.0,190837,2026-08-06,C,Regular Slotted Carton,L,Nozomi Digital 1 Side Print,1,3,,2.0,3,1,0,36.04,52.1,0,57.0,"24LB - CNTBP24
14 x 11-1/4 x 6-3/8 (2 Up)
RSC, Glued, 
Digital Print C Flute 
44 ECT Kraft WRA S",Iron,,0,,,0.6,0,0,0,True,2,,Regular,False,1,0,C44 K,OT,2026-07-13 11:10:28,,0,False,0,0,275 C,Langston,,1,65,0,12,0,GI,"Dig Ink Low Intensity (40%), Non-Coated Digital (0%)",St. Catharines,14.0,11.04,6.06,,1.0,0,False,2026-07-13,Glued,No P.O.,"N,Slitter,L",13864 - LANGSTON,"Dig Ink Low Intensity
Non-Coated Digital",No P.O.,238.0,2026-08-05,65.0
360910,5034245,8,2026-08-05,500,35,238,1,0,1,0,1.0,0,,Pack & Protect A-2,500,6624.0,3312.0,500.0,550,12853,,,2026-08-06,0,3312.0,190837,2026-08-06,C,Regular Slotted Carton,,Nozomi Digital 1 Side Print,1,3,,2.0,5,1,0,36.04,52.1,0,0.0,"24LB - CNTBP24
14 x 11-1/4 x 6-3/8 (2 Up)
RSC, Glued, 
Digital Print C Flute 
44 ECT Kraft WRA S",Iron,,0,,,1.0,0,0,0,True,0,,Regular,False,6,0,C44 K,OT,2026-07-13 11:10:28,,0,False,0,0,275 C,,,1,65,0,12,0,GI,"Dig Ink Low Intensity (40%), Non-Coated Digital (0%)",St. Catharines,14.0,11.04,6.06,,1.0,0,False,2026-07-13,Glued,No P.O.,"N,Slitter,L",13864 - LANGSTON,"Dig Ink Low Intensity
Non-Coated Digital",No P.O.,,,
360906,5034245,8,2026-08-05,100,1,234,0,0,0,0,1.0,0,,Corrugator,500,6624.0,3312.0,500.0,550,12853,,,2026-08-06,0,3312.0,190837,2026-08-06,C,Regular Slotted Carton,,Nozomi Digital 1 Side Print,1,3,,2.0,0,1,0,36.04,52.1,0,0.0,"24LB - CNTBP24
14 x 11-1/4 x 6-3/8 (2 Up)
RSC, Glued, 
Digital Print C Flute 
44 ECT Kraft WRA S",Iron,,0,,,1.0,0,0,0,True,0,,Regular,False,234,0,C44 K,OT,2026-07-13 11:10:28,,0,False,0,0,275 C,,,1,65,0,12,0,GI,"Dig Ink Low Intensity (40%), Non-Coated Digital (0%)",St. Catharines,14.0,11.04,6.06,,1.0,0,False,2026-07-13,Glued,No P.O.,"N,Slitter,L",13864 - LANGSTON,"Dig Ink Low Intensity
Non-Coated Digital",No P.O.,189.0,2026-07-21,
364484,5035395,1,2026-08-05,300,1,234,0,0,0,0,1.0,0,,Corrugator,2000,10767.0,21534.0,1800.0,2200,12170,,,2026-08-19,0,21534.0,193300,2026-08-19,C,Regular Slotted Carton,,Plain,0,3,,1.0,0,1,0,27.1,56.02,0,0.0,"PKG-SH-7113
13-1/2 x 13-1/2 x 13-1/2 
RSC, Glued, Plain
C Flute 32 ECT Kraft
125/unit",Mitchell's,,0,,,1.0,0,0,0,True,0,,Regular,False,234,0,C32 K,OT,2026-07-23 12:16:56,,0,False,0,0,200 C,,,1,60,0,12,0,GI,,Aylmer,13.08,13.08,13.08,,1.0,0,False,2026-07-23,Glued,07/27-MONT01,L,,,07/27-MONT01,69.0,2026-08-12,
364485,5035395,1,2026-08-12,300,10,69,1,33,1,2520,1.0,0,,Langston Saturn 50x110,2000,10767.0,21534.0,1800.0,2200,12170,,,2026-08-19,0,21534.0,193300,2026-08-19,C,Regular Slotted Carton,L,Plain,0,3,,1.0,3,1,0,27.1,56.02,0,81.0,"PKG-SH-7113
13-1/2 x 13-1/2 x 13-1/2 
RSC, Glued, Plain
C Flute 32 ECT Kraft
125/unit",Mitchell's,,0,,,0.6,0,0,0,True,2,,Regular,False,1,0,C32 K,OT,2026-07-23 12:16:56,,0,False,0,0,200 C,Langston,,1,60,0,12,0,GI,,Aylmer,13.08,13.08,13.08,,1.0,0,False,2026-07-23,Glued,07/27-MONT01,L,,,07/27-MONT01,,,80.0
364195,5035360,1,2026-08-07,100,1,213,1,15,1,14333,1.0,0,,Eterna,1500,5169.0,7753.5,1350.0,1650,10077,,,2026-07-29,1,7753.5,102901,2026-07-29,B,Flat Bed Die Cut,E,Plain,0,3,,2.0,3,1,0,29.1,50.04,0,21.0,"WOTM1064
24-5/8 x 28-5/8 (2 Up)
Flat Bed Die Cut, No Closure, Plain
32 B Kraft",OC,,0,,,1.0,0,0,0,True,0,,Stock & Release,False,3,0,B32 K,OT,2026-07-21 16:50:18,,0,False,0,0,200 B,Eterna,,1,1,0,12,0,N,,BURLINGTON,24.1,28.1,0.0,,1.0,0,False,2026-07-21,No Closure,07/28-MONT01,E,11006 - CAN 4D,,07/28-MONT01,146.0,2026-07-28,91.0
362420,5034324,1,2026-08-05,130,1,256,0,0,0,0,1.0,0,,Interpac Corrugator,1500,9333.0,13999.5,1350.0,1650,10001,,,2026-07-27,1,13999.5,106693,2026-07-24,C,Sheet,,Plain,0,3,,1.0,1,1,0,32.0,42.0,0,0.0,"Stock Sheet W7049
32 x 42
Sheets, No Closure, Plain
23 C Kraft",Moyy|WB,,0,2026-08-05 10:18:11,1.0,1.0,10,0,0,True,0,,Stock & Release,False,0,0,C23 K,OT,2026-07-17 13:22:26,,1500,False,0,0,125 C,,,1,1,1500,12,0,N,,Hamilton,32.0,42.0,0.0,,1.0,0,False,2026-07-17,No Closure,07/27-Moyy,,,,07/27-Moyy,,,
362355,5034317,1,2026-08-07,90,1,256,0,0,0,0,1.0,0,,Interpac Corrugator,5000,13333.0,66665.0,4500.0,5500,10001,,,2026-07-31,0,66665.0,106695,2026-07-31,B,Sheet,,Plain,0,3,,1.0,1,1,0,40.0,48.0,0,0.0,"Stock Sheet W7211
40 x 48
Sheets, No Closure, Plain
23 B Kraft",Moyy|WB,,0,,,1.0,10,0,0,True,0,,Regular,False,0,0,B23 K,OT,2026-07-17 11:33:32,,0,False,0,0,125 B,,,1,66,0,12,0,N,,Hamilton,40.0,48.0,0.0,,1.0,0,False,2026-07-17,No Closure,No P.O.,,,,No P.O.,,,138.0
364554,5035402,1,2026-08-13,500,10,166,1,33,1,1600,1.0,0,,United Rotary 66x113 4 Colour,500,26932.0,13466.0,450.0,550,11357,,,2026-08-24,0,13466.0,155238,2026-08-24,C,RDC - Rotary Die Cut,R,Flexo 1 Colour Print,1,3,,1.0,3,1,0,57.09,67.06,0,52.0,"Ditra 150 65-7/8 x 56-1/16
Rotary Die Cut, No Closure 
Plain 32C Kraft
22060121",Dorken Systems,,0,,,1.0,0,0,0,True,2,,Regular,False,2,0,C32 K,CRB,2026-07-23 15:15:08,,0,False,0,0,200 C,Prospect Rotary,,1,63,0,12,0,N,GCMI 90 BLACK AU (1%),Beamsville,65.14,56.01,0.0,,1.0,0,False,2026-07-23,No Closure,08/04-MONT01,R,11637 - SKID A,GCMI 90 BLACK AU,08/04-MONT01,,,101.0
361233,5034266,1,2026-08-13,400,10,166,1,33,1,1600,1.0,0,,United Rotary 66x113 4 Colour,500,26231.0,13115.5,450.0,550,11357,,,2026-08-24,0,13115.5,155241,2026-08-24,C,RDC - Rotary Die Cut,R,Flexo 1 Colour Print,1,3,,1.0,3,1,0,56.01,67.06,0,52.0,"Ditra 5M2 65-7/8 x 54-9/16
RDC, Flexo 1 Colour Print Inside
32 ECT Kraft
22060120 - 240/UNIT",Dorken Systems,,0,,,1.0,0,0,0,True,2,,Regular,False,2,0,C32 K,CRB,2026-07-14 11:05:11,,0,False,0,0,200 C,Prospect Rotary,,1,64,0,12,0,N,GCMI 90 BLACK HK (15%),Beamsville,65.14,54.09,0.0,,1.0,0,False,2026-07-14,No Closure,07/31-MONT01,"R,R","11634 - A-10,11
11635 - UNITED",GCMI 90 BLACK HK,07/31-MONT01,166.0,2026-08-13,69.0
361234,5034266,1,2026-08-13,400,20,166,1,33,1,1600,1.0,0,,United Rotary 66x113 4 Colour,500,26231.0,13115.5,900.0,550,11357,,,2026-08-24,0,13115.5,155241,2026-08-24,C,RDC - Rotary Die Cut,R,Flexo 1 Colour Print,1,3,,1.0,3,1,0,56.01,67.06,0,52.0,"Ditra 5M2 65-7/8 x 54-9/16
RDC, Flexo 1 Colour Print Inside
32 ECT Kraft
22060120 - 240/UNIT",Dorken Systems,,0,,,1.0,0,0,0,True,2,,Regular,False,2,0,C32 K,CRB,2026-07-14 11:05:11,,0,False,0,0,200 C,Prospect Rotary,,1,64,0,12,0,N,GCMI 90 BLACK HK (15%),Beamsville,65.14,54.09,0.0,,1.0,0,False,2026-07-14,No Closure,07/31-MONT01,"R,R","11634 - A-10,11
11635 - UNITED",GCMI 90 BLACK HK,07/31-MONT01,166.0,2026-08-13,69.0
361233,5034266,1,2026-08-13,400,10,166,1,33,1,1600,1.0,0,,United Rotary 66x113 4 Colour,500,26231.0,13115.5,450.0,550,11357,,,2026-08-24,0,13115.5,155241,2026-08-24,C,RDC - Rotary Die Cut,R,Flexo 1 Colour Print,1,3,,1.0,3,1,0,56.01,67.06,0,52.0,"Ditra 5M2 65-7/8 x 54-9/16
RDC, Flexo 1 Colour Print Inside
32 ECT Kraft
22060120 - 240/UNIT",Dorken Systems,,0,,,1.0,0,0,0,True,2,,Regular,False,2,0,C32 K,CRB,2026-07-14 11:05:11,,0,False,0,0,200 C,Prospect Rotary,,1,64,0,12,0,N,GCMI 90 BLACK HK (15%),Beamsville,65.14,54.09,0.0,,1.0,0,False,2026-07-14,No Closure,07/31-MONT01,"R,R","11634 - A-10,11
11635 - UNITED",GCMI 90 BLACK HK,07/31-MONT01,,,69.0
361234,5034266,1,2026-08-13,400,20,166,1,33,1,1600,1.0,0,,United Rotary 66x113 4 Colour,500,26231.0,13115.5,900.0,550,11357,,,2026-08-24,0,13115.5,155241,2026-08-24,C,RDC - Rotary Die Cut,R,Flexo 1 Colour Print,1,3,,1.0,3,1,0,56.01,67.06,0,52.0,"Ditra 5M2 65-7/8 x 54-9/16
RDC, Flexo 1 Colour Print Inside
32 ECT Kraft
22060120 - 240/UNIT",Dorken Systems,,0,,,1.0,0,0,0,True,2,,Regular,False,2,0,C32 K,CRB,2026-07-14 11:05:11,,0,False,0,0,200 C,Prospect Rotary,,1,64,0,12,0,N,GCMI 90 BLACK HK (15%),Beamsville,65.14,54.09,0.0,,1.0,0,False,2026-07-14,No Closure,07/31-MONT01,"R,R","11634 - A-10,11
11635 - UNITED",GCMI 90 BLACK HK,07/31-MONT01,,,69.0
361241,5034268,1,2026-08-13,400,10,166,1,33,1,1600,1.0,0,,United Rotary 66x113 4 Colour,500,26231.0,13115.5,450.0,550,11357,,,2026-08-31,0,13115.5,155241,2026-08-31,C,RDC - Rotary Die Cut,R,Flexo 1 Colour Print,1,3,,1.0,3,1,0,56.01,67.06,0,52.0,"Ditra 5M2 65-7/8 x 54-9/16
RDC, Flexo 1 Colour Print Inside
32 ECT Kraft
22060120 - 240/UNIT",Dorken Systems,,0,,,1.0,0,0,0,True,2,,Regular,False,2,0,C32 K,CRB,2026-07-14 11:08:18,,0,False,0,0,200 C,Prospect Rotary,,1,64,0,12,0,N,GCMI 90 BLACK HK (15%),Beamsville,65.14,54.09,0.0,,1.0,0,False,2026-07-14,No Closure,07/31-MONT01,"R,R","11634 - A-10,11
11635 - UNITED",GCMI 90 BLACK HK,07/31-MONT01,166.0,2026-08-27,69.0
361242,5034268,1,2026-08-27,500,20,166,1,33,1,1600,1.0,0,,United Rotary 66x113 4 Colour,500,26231.0,13115.5,900.0,550,11357,,,2026-08-31,0,13115.5,155241,2026-08-31,C,RDC - Rotary Die Cut,R,Flexo 1 Colour Print,1,3,,1.0,3,1,0,56.01,67.06,0,52.0,"Ditra 5M2 65-7/8 x 54-9/16
RDC, Flexo 1 Colour Print Inside
32 ECT Kraft
22060120 - 240/UNIT",Dorken Systems,,0,,,1.0,0,0,0,True,2,,Regular,False,2,0,C32 K,CRB,2026-07-14 11:08:18,,0,False,0,0,200 C,Prospect Rotary,,1,64,0,12,0,N,GCMI 90 BLACK HK (15%),Beamsville,65.14,54.09,0.0,,1.0,0,False,2026-07-14,No Closure,07/31-MONT01,"R,R","11634 - A-10,11
11635 - UNITED",GCMI 90 BLACK HK,07/31-MONT01,166.0,2026-08-27,69.0
361241,5034268,1,2026-08-13,400,10,166,1,33,1,1600,1.0,0,,United Rotary 66x113 4 Colour,500,26231.0,13115.5,450.0,550,11357,,,2026-08-31,0,13115.5,155241,2026-08-31,C,RDC - Rotary Die Cut,R,Flexo 1 Colour Print,1,3,,1.0,3,1,0,56.01,67.06,0,52.0,"Ditra 5M2 65-7/8 x 54-9/16
RDC, Flexo 1 Colour Print Inside
32 ECT Kraft
22060120 - 240/UNIT",Dorken Systems,,0,,,1.0,0,0,0,True,2,,Regular,False,2,0,C32 K,CRB,2026-07-14 11:08:18,,0,False,0,0,200 C,Prospect Rotary,,1,64,0,12,0,N,GCMI 90 BLACK HK (15%),Beamsville,65.14,54.09,0.0,,1.0,0,False,2026-07-14,No Closure,07/31-MONT01,"R,R","11634 - A-10,11
11635 - UNITED",GCMI 90 BLACK HK,07/31-MONT01,,,69.0
361242,5034268,1,2026-08-27,500,20,166,1,33,1,1600,1.0,0,,United Rotary 66x113 4 Colour,500,26231.0,13115.5,900.0,550,11357,,,2026-08-31,0,13115.5,155241,2026-08-31,C,RDC - Rotary Die Cut,R,Flexo 1 Colour Print,1,3,,1.0,3,1,0,56.01,67.06,0,52.0,"Ditra 5M2 65-7/8 x 54-9/16
RDC, Flexo 1 Colour Print Inside
32 ECT Kraft
22060120 - 240/UNIT",Dorken Systems,,0,,,1.0,0,0,0,True,2,,Regular,False,2,0,C32 K,CRB,2026-07-14 11:08:18,,0,False,0,0,200 C,Prospect Rotary,,1,64,0,12,0,N,GCMI 90 BLACK HK (15%),Beamsville,65.14,54.09,0.0,,1.0,0,False,2026-07-14,No Closure,07/31-MONT01,"R,R","11634 - A-10,11
11635 - UNITED",GCMI 90 BLACK HK,07/31-MONT01,,,69.0
366313,5035477,2,2026-08-11,500,1,234,0,0,0,0,1.0,0,,Corrugator,5000,2680.0,13400.0,5000.0,5500,14304,,,2026-08-17,0,13400.0,169571,2026-08-17,E,Flat Bed Die Cut,,Nozomi Digital 1 Side Print,1,3,,4.0,0,1,0,36.0,42.14,0,0.0,"NP 3PK-20-2717
5-1/4 x 6 x 2-3/4
FBDC, No Closure, 
Nozomi Digital 1 Side Print 
E32 Oyster 1S",Innovative,,0,,,1.0,0,0,0,True,0,,Regular,False,234,0,E32 OY,CRB,2026-07-30 07:04:27,,0,False,0,0,200 E Oys,,,1,65,0,12,0,N,"Dig Ink Med Intensity (70%), Non-Coated Digital (0%)",Kenmore,5.04,6.0,2.12,,1.0,0,False,2026-07-30,No Closure,No P.O.,"N,E,PP",14025 - ETERNA C2-B,"Dig Ink Med Intensity
Non-Coated Digital",No P.O.,189.0,2026-08-06,
366315,5035477,2,2026-08-13,500,20,213,1,25,1,14000,1.0,0,,Eterna,5000,2680.0,13400.0,5000.0,5500,14304,,,2026-08-17,0,13400.0,169571,2026-08-17,E,Flat Bed Die Cut,E,Nozomi Digital 1 Side Print,1,3,,4.0,3,1,0,36.0,42.14,0,46.0,"NP 3PK-20-2717
5-1/4 x 6 x 2-3/4
FBDC, No Closure, 
Nozomi Digital 1 Side Print 
E32 Oyster 1S",Innovative,,0,,,1.0,0,0,0,True,0,,Regular,False,3,0,E32 OY,CRB,2026-07-30 07:04:27,,0,False,0,0,200 E Oys,Eterna,,1,65,0,12,0,N,"Dig Ink Med Intensity (70%), Non-Coated Digital (0%)",Kenmore,5.04,6.0,2.12,,1.0,0,False,2026-07-30,No Closure,No P.O.,"N,E,PP",14025 - ETERNA C2-B,"Dig Ink Med Intensity
Non-Coated Digital",No P.O.,237.0,2026-08-14,164.0
366316,5035477,2,2026-08-14,500,30,237,1,0,1,0,1.0,0,,Pack & Protect A-1,5000,2680.0,13400.0,5000.0,5500,14304,,,2026-08-17,0,13400.0,169571,2026-08-17,E,Flat Bed Die Cut,PP,Nozomi Digital 1 Side Print,1,3,,4.0,5,1,0,36.0,42.14,0,0.0,"NP 3PK-20-2717
5-1/4 x 6 x 2-3/4
FBDC, No Closure, 
Nozomi Digital 1 Side Print 
E32 Oyster 1S",Innovative,,0,,,1.0,0,0,0,True,0,,Regular,False,6,0,E32 OY,CRB,2026-07-30 07:04:27,,0,False,0,0,200 E Oys,,,1,65,0,12,0,N,"Dig Ink Med Intensity (70%), Non-Coated Digital (0%)",Kenmore,5.04,6.0,2.12,,1.0,0,False,2026-07-30,No Closure,No P.O.,"N,E,PP",14025 - ETERNA C2-B,"Dig Ink Med Intensity
Non-Coated Digital",No P.O.,,,
366314,5035477,2,2026-08-06,110,10,189,1,10,1,41006,1.0,0,,Nozomi Digital Printer,5000,2680.0,13400.0,5000.0,5500,14304,,,2026-08-17,0,13400.0,169571,2026-08-17,E,Flat Bed Die Cut,N,Nozomi Digital 1 Side Print,1,3,,4.0,3,1,0,36.0,42.14,0,17.0,"NP 3PK-20-2717
5-1/4 x 6 x 2-3/4
FBDC, No Closure, 
Nozomi Digital 1 Side Print 
E32 Oyster 1S",Innovative,,0,,,1.0,0,0,0,True,1,,Regular,False,1,0,E32 OY,CRB,2026-07-30 07:04:27,,0,False,0,0,200 E Oys,NAZ,,1,65,0,12,0,N,"Dig Ink Med Intensity (70%), Non-Coated Digital (0%)",Kenmore,5.04,6.0,2.12,,1.0,0,False,2026-07-30,No Closure,No P.O.,"N,E,PP",14025 - ETERNA C2-B,"Dig Ink Med Intensity
Non-Coated Digital",No P.O.,213.0,2026-08-13,260.0
366317,5035477,3,2026-08-11,500,1,234,0,0,0,0,1.0,0,,Corrugator,8000,2680.0,21440.0,8000.0,8800,14304,,,2026-08-17,0,21440.0,170032,2026-08-17,E,Flat Bed Die Cut,,Nozomi Digital 1 Side Print,1,3,,4.0,0,1,0,36.0,42.14,0,0.0,"NP 3PK-20-2714
5-1/4 x 6 x 2-3/4
FBDC, No Closure, 
Nozomi Digital 1 Side Print 
E32 Oyster 1S",Innovative,,0,,,1.0,0,0,0,True,0,,Regular,False,234,0,E32 OY,CRB,2026-07-30 07:04:27,,0,False,0,0,200 E Oys,,,1,65,0,12,0,N,"Dig Ink Med Intensity (100%), Non-Coated Digital (0%)",Kenmore,5.04,6.0,2.12,,1.0,0,False,2026-07-30,No Closure,No P.O.,"N,E,PP",14025 - ETERNA C2-B,"Dig Ink Med Intensity
Non-Coated Digital",No P.O.,189.0,2026-08-06,
366318,5035477,3,2026-08-06,120,10,189,1,10,1,41006,1.0,0,,Nozomi Digital Printer,8000,2680.0,21440.0,8000.0,8800,14304,,,2026-08-17,0,21440.0,170032,2026-08-17,E,Flat Bed Die Cut,N,Nozomi Digital 1 Side Print,1,3,,4.0,3,1,0,36.0,42.14,0,22.0,"NP 3PK-20-2714
5-1/4 x 6 x 2-3/4
FBDC, No Closure, 
Nozomi Digital 1 Side Print 
E32 Oyster 1S",Innovative,,0,,,1.0,0,0,0,True,1,,Regular,False,1,0,E32 OY,CRB,2026-07-30 07:04:27,,0,False,0,0,200 E Oys,NAZ,,1,65,0,12,0,N,"Dig Ink Med Intensity (100%), Non-Coated Digital (0%)",Kenmore,5.04,6.0,2.12,,1.0,0,False,2026-07-30,No Closure,No P.O.,"N,E,PP",14025 - ETERNA C2-B,"Dig Ink Med Intensity
Non-Coated Digital",No P.O.,213.0,2026-08-13,1193.0
366320,5035477,3,2026-08-14,500,30,237,1,0,1,0,1.0,0,,Pack & Protect A-1,8000,2680.0,21440.0,8000.0,8800,14304,,,2026-08-17,0,21440.0,170032,2026-08-17,E,Flat Bed Die Cut,PP,Nozomi Digital 1 Side Print,1,3,,4.0,5,1,0,36.0,42.14,0,0.0,"NP 3PK-20-2714
5-1/4 x 6 x 2-3/4
FBDC, No Closure, 
Nozomi Digital 1 Side Print 
E32 Oyster 1S",Innovative,,0,,,1.0,0,0,0,True,0,,Regular,False,6,0,E32 OY,CRB,2026-07-30 07:04:27,,0,False,0,0,200 E Oys,,,1,65,0,12,0,N,"Dig Ink Med Intensity (100%), Non-Coated Digital (0%)",Kenmore,5.04,6.0,2.12,,1.0,0,False,2026-07-30,No Closure,No P.O.,"N,E,PP",14025 - ETERNA C2-B,"Dig Ink Med Intensity
Non-Coated Digital",No P.O.,,,
366319,5035477,3,2026-08-13,500,20,213,1,25,1,14000,1.0,0,,Eterna,8000,2680.0,21440.0,8000.0,8800,14304,,,2026-08-17,0,21440.0,170032,2026-08-17,E,Flat Bed Die Cut,E,Nozomi Digital 1 Side Print,1,3,,4.0,3,1,0,36.0,42.14,0,59.0,"NP 3PK-20-2714
5-1/4 x 6 x 2-3/4
FBDC, No Closure, 
Nozomi Digital 1 Side Print 
E32 Oyster 1S",Innovative,,0,,,1.0,0,0,0,True,0,,Regular,False,3,0,E32 OY,CRB,2026-07-30 07:04:27,,0,False,0,0,200 E Oys,Eterna,,1,65,0,12,0,N,"Dig Ink Med Intensity (100%), Non-Coated Digital (0%)",Kenmore,5.04,6.0,2.12,,1.0,0,False,2026-07-30,No Closure,No P.O.,"N,E,PP",14025 - ETERNA C2-B,"Dig Ink Med Intensity
Non-Coated Digital",No P.O.,237.0,2026-08-14,956.0
366324,5035477,4,2026-08-14,500,30,237,1,0,1,0,1.0,0,,Pack & Protect A-1,8000,2680.0,21440.0,8000.0,8800,14304,,,2026-08-17,0,21440.0,170033,2026-08-17,E,Flat Bed Die Cut,PP,Nozomi Digital 1 Side Print,1,3,,4.0,5,1,0,36.0,42.14,0,0.0,"NP 3PK-20-2715
5-1/4 x 6 x 2-3/4
DC, No Closure, 
Nozomi Digital 1 Side Print 
E32 Oyster 1S
3p",Innovative,,0,,,1.0,0,0,0,True,0,,Regular,False,6,0,E32 OY,CRB,2026-07-30 07:04:27,,0,False,0,0,200 E Oys,,,1,65,0,12,0,N,"Dig Ink Med Intensity (100%), Non-Coated Digital (0%)",Kenmore,5.04,6.0,2.12,,1.0,0,False,2026-07-30,No Closure,No P.O.,"N,E,PP",14025 - ETERNA C2-B,"Dig Ink Med Intensity
Non-Coated Digital",No P.O.,,,
366321,5035477,4,2026-08-11,500,1,234,0,0,0,0,1.0,0,,Corrugator,8000,2680.0,21440.0,8000.0,8800,14304,,,2026-08-17,0,21440.0,170033,2026-08-17,E,Flat Bed Die Cut,,Nozomi Digital 1 Side Print,1,3,,4.0,0,1,0,36.0,42.14,0,0.0,"NP 3PK-20-2715
5-1/4 x 6 x 2-3/4
DC, No Closure, 
Nozomi Digital 1 Side Print 
E32 Oyster 1S
3p",Innovative,,0,,,1.0,0,0,0,True,0,,Regular,False,234,0,E32 OY,CRB,2026-07-30 07:04:27,,0,False,0,0,200 E Oys,,,1,65,0,12,0,N,"Dig Ink Med Intensity (100%), Non-Coated Digital (0%)",Kenmore,5.04,6.0,2.12,,1.0,0,False,2026-07-30,No Closure,No P.O.,"N,E,PP",14025 - ETERNA C2-B,"Dig Ink Med Intensity
Non-Coated Digital",No P.O.,189.0,2026-08-06,
366322,5035477,4,2026-08-06,140,10,189,1,10,1,41006,1.0,0,,Nozomi Digital Printer,8000,2680.0,21440.0,8000.0,8800,14304,,,2026-08-17,0,21440.0,170033,2026-08-17,E,Flat Bed Die Cut,N,Nozomi Digital 1 Side Print,1,3,,4.0,3,1,0,36.0,42.14,0,22.0,"NP 3PK-20-2715
5-1/4 x 6 x 2-3/4
DC, No Closure, 
Nozomi Digital 1 Side Print 
E32 Oyster 1S
3p",Innovative,,0,,,1.0,0,0,0,True,1,,Regular,False,1,0,E32 OY,CRB,2026-07-30 07:04:27,,0,False,0,0,200 E Oys,NAZ,,1,65,0,12,0,N,"Dig Ink Med Intensity (100%), Non-Coated Digital (0%)",Kenmore,5.04,6.0,2.12,,1.0,0,False,2026-07-30,No Closure,No P.O.,"N,E,PP",14025 - ETERNA C2-B,"Dig Ink Med Intensity
Non-Coated Digital",No P.O.,213.0,2026-08-13,1118.0
366323,5035477,4,2026-08-13,500,20,213,1,25,1,14000,1.0,0,,Eterna,8000,2680.0,21440.0,8000.0,8800,14304,,,2026-08-17,0,21440.0,170033,2026-08-17,E,Flat Bed Die Cut,E,Nozomi Digital 1 Side Print,1,3,,4.0,3,1,0,36.0,42.14,0,59.0,"NP 3PK-20-2715
5-1/4 x 6 x 2-3/4
DC, No Closure, 
Nozomi Digital 1 Side Print 
E32 Oyster 1S
3p",Innovative,,0,,,1.0,0,0,0,True,0,,Regular,False,3,0,E32 OY,CRB,2026-07-30 07:04:27,,0,False,0,0,200 E Oys,Eterna,,1,65,0,12,0,N,"Dig Ink Med Intensity (100%), Non-Coated Digital (0%)",Kenmore,5.04,6.0,2.12,,1.0,0,False,2026-07-30,No Closure,No P.O.,"N,E,PP",14025 - ETERNA C2-B,"Dig Ink Med Intensity
Non-Coated Digital",No P.O.,237.0,2026-08-14,196.0
366325,5035477,5,2026-08-11,500,1,234,0,0,0,0,1.0,0,,Corrugator,4000,2680.0,10720.0,4000.0,4400,14304,,,2026-08-17,0,10720.0,181949,2026-08-17,E,Flat Bed Die Cut,,Nozomi Digital 1 Side Print,1,3,,4.0,0,1,0,36.0,42.14,0,0.0,"NP 3PK - 20-2730-R1
5-1/4 x 6 x 2-3/4
FBDC, No Closure, 
Nozomi Digital 1 Side Print 
E32 Oyster",Innovative,,0,,,1.0,0,0,0,True,0,,Regular,False,234,0,E32 OY,CRB,2026-07-30 07:04:27,,0,False,0,0,200 E Oys,,,1,65,0,12,0,N,"Dig Ink Med Intensity (70%), Non-Coated Digital (0%)",Kenmore,5.04,6.0,2.12,,1.0,0,False,2026-07-30,No Closure,No P.O.,"N,E,PP",14025 - ETERNA C2-B,"Dig Ink Med Intensity
Non-Coated Digital",No P.O.,189.0,2026-08-06,
366326,5035477,5,2026-08-06,150,10,189,1,10,1,41006,1.0,0,,Nozomi Digital Printer,4000,2680.0,10720.0,4000.0,4400,14304,,,2026-08-17,0,10720.0,181949,2026-08-17,E,Flat Bed Die Cut,N,Nozomi Digital 1 Side Print,1,3,,4.0,3,1,0,36.0,42.14,0,16.0,"NP 3PK - 20-2730-R1
5-1/4 x 6 x 2-3/4
FBDC, No Closure, 
Nozomi Digital 1 Side Print 
E32 Oyster",Innovative,,0,,,1.0,0,0,0,True,1,,Regular,False,1,0,E32 OY,CRB,2026-07-30 07:04:27,,0,False,0,0,200 E Oys,NAZ,,1,65,0,12,0,N,"Dig Ink Med Intensity (70%), Non-Coated Digital (0%)",Kenmore,5.04,6.0,2.12,,1.0,0,False,2026-07-30,No Closure,No P.O.,"N,E,PP",14025 - ETERNA C2-B,"Dig Ink Med Intensity
Non-Coated Digital",No P.O.,213.0,2026-08-13,78.0
366327,5035477,5,2026-08-13,500,20,213,1,25,1,14000,1.0,0,,Eterna,4000,2680.0,10720.0,4000.0,4400,14304,,,2026-08-17,0,10720.0,181949,2026-08-17,E,Flat Bed Die Cut,E,Nozomi Digital 1 Side Print,1,3,,4.0,3,1,0,36.0,42.14,0,42.0,"NP 3PK - 20-2730-R1
5-1/4 x 6 x 2-3/4
FBDC, No Closure, 
Nozomi Digital 1 Side Print 
E32 Oyster",Innovative,,0,,,1.0,0,0,0,True,0,,Regular,False,3,0,E32 OY,CRB,2026-07-30 07:04:27,,0,False,0,0,200 E Oys,Eterna,,1,65,0,12,0,N,"Dig Ink Med Intensity (70%), Non-Coated Digital (0%)",Kenmore,5.04,6.0,2.12,,1.0,0,False,2026-07-30,No Closure,No P.O.,"N,E,PP",14025 - ETERNA C2-B,"Dig Ink Med Intensity
Non-Coated Digital",No P.O.,237.0,2026-08-14,103.0
366328,5035477,5,2026-08-14,500,30,237,1,0,1,0,1.0,0,,Pack & Protect A-1,4000,2680.0,10720.0,4000.0,4400,14304,,,2026-08-17,0,10720.0,181949,2026-08-17,E,Flat Bed Die Cut,PP,Nozomi Digital 1 Side Print,1,3,,4.0,5,1,0,36.0,42.14,0,0.0,"NP 3PK - 20-2730-R1
5-1/4 x 6 x 2-3/4
FBDC, No Closure, 
Nozomi Digital 1 Side Print 
E32 Oyster",Innovative,,0,,,1.0,0,0,0,True,0,,Regular,False,6,0,E32 OY,CRB,2026-07-30 07:04:27,,0,False,0,0,200 E Oys,,,1,65,0,12,0,N,"Dig Ink Med Intensity (70%), Non-Coated Digital (0%)",Kenmore,5.04,6.0,2.12,,1.0,0,False,2026-07-30,No Closure,No P.O.,"N,E,PP",14025 - ETERNA C2-B,"Dig Ink Med Intensity
Non-Coated Digital",No P.O.,,,
366329,5035477,6,2026-08-11,500,1,234,0,0,0,0,1.0,0,,Corrugator,5000,2680.0,13400.0,5000.0,5500,14304,,,2026-08-17,0,13400.0,182353,2026-08-17,E,Flat Bed Die Cut,,Nozomi Digital 1 Side Print,1,3,,4.0,0,1,0,36.0,42.14,0,0.0,"NP 3PK - 20-2731-R1
5-1/4 x 6 x 2-3/4
FBDC, No Closure, 
Nozomi Digital 1 Side Print 
E32 Oyster",Innovative,,0,,,1.0,0,0,0,True,0,,Regular,False,234,0,E32 OY,CRB,2026-07-30 07:04:27,,0,False,0,0,200 E Oys,,,1,65,0,12,0,N,"Dig Ink Med Intensity (70%), Non-Coated Digital (0%)",Kenmore,5.04,6.0,2.12,,1.0,0,False,2026-07-30,No Closure,No P.O.,"N,E,PP",14025 - ETERNA C2-B,"Dig Ink Med Intensity
Non-Coated Digital",No P.O.,189.0,2026-08-06,
366330,5035477,6,2026-08-06,160,10,189,1,10,1,41006,1.0,0,,Nozomi Digital Printer,5000,2680.0,13400.0,5000.0,5500,14304,,,2026-08-17,0,13400.0,182353,2026-08-17,E,Flat Bed Die Cut,N,Nozomi Digital 1 Side Print,1,3,,4.0,3,1,0,36.0,42.14,0,17.0,"NP 3PK - 20-2731-R1
5-1/4 x 6 x 2-3/4
FBDC, No Closure, 
Nozomi Digital 1 Side Print 
E32 Oyster",Innovative,,0,,,1.0,0,0,0,True,1,,Regular,False,1,0,E32 OY,CRB,2026-07-30 07:04:27,,0,False,0,0,200 E Oys,NAZ,,1,65,0,12,0,N,"Dig Ink Med Intensity (70%), Non-Coated Digital (0%)",Kenmore,5.04,6.0,2.12,,1.0,0,False,2026-07-30,No Closure,No P.O.,"N,E,PP",14025 - ETERNA C2-B,"Dig Ink Med Intensity
Non-Coated Digital",No P.O.,213.0,2026-08-13,2212.0
366331,5035477,6,2026-08-13,500,20,213,1,25,1,14000,1.0,0,,Eterna,5000,2680.0,13400.0,5000.0,5500,14304,,,2026-08-17,0,13400.0,182353,2026-08-17,E,Flat Bed Die Cut,E,Nozomi Digital 1 Side Print,1,3,,4.0,3,1,0,36.0,42.14,0,46.0,"NP 3PK - 20-2731-R1
5-1/4 x 6 x 2-3/4
FBDC, No Closure, 
Nozomi Digital 1 Side Print 
E32 Oyster",Innovative,,0,,,1.0,0,0,0,True,0,,Regular,False,3,0,E32 OY,CRB,2026-07-30 07:04:27,,0,False,0,0,200 E Oys,Eterna,,1,65,0,12,0,N,"Dig Ink Med Intensity (70%), Non-Coated Digital (0%)",Kenmore,5.04,6.0,2.12,,1.0,0,False,2026-07-30,No Closure,No P.O.,"N,E,PP",14025 - ETERNA C2-B,"Dig Ink Med Intensity
Non-Coated Digital",No P.O.,237.0,2026-08-14,104.0
366332,5035477,6,2026-08-14,500,30,237,1,0,1,0,1.0,0,,Pack & Protect A-1,5000,2680.0,13400.0,5000.0,5500,14304,,,2026-08-17,0,13400.0,182353,2026-08-17,E,Flat Bed Die Cut,PP,Nozomi Digital 1 Side Print,1,3,,4.0,5,1,0,36.0,42.14,0,0.0,"NP 3PK - 20-2731-R1
5-1/4 x 6 x 2-3/4
FBDC, No Closure, 
Nozomi Digital 1 Side Print 
E32 Oyster",Innovative,,0,,,1.0,0,0,0,True,0,,Regular,False,6,0,E32 OY,CRB,2026-07-30 07:04:27,,0,False,0,0,200 E Oys,,,1,65,0,12,0,N,"Dig Ink Med Intensity (70%), Non-Coated Digital (0%)",Kenmore,5.04,6.0,2.12,,1.0,0,False,2026-07-30,No Closure,No P.O.,"N,E,PP",14025 - ETERNA C2-B,"Dig Ink Med Intensity
Non-Coated Digital",No P.O.,,,
361334,5034276,1,2026-08-12,500,1,256,0,0,0,0,1.0,0,,Interpac Corrugator,11500,5385.0,61927.5,11500.0,12650,18006,,,2026-08-24,0,61927.5,186655,2026-08-24,E,RDC - Rotary Die Cut,,Flexo 1 Colour Print,1,3,M2500998,1.0,1,1,0,35.04,22.0,0,0.0,"203833 Aldi Maxx Tray
21 x 34-1/4
RDC, No Closure, 
Flexo 1 Colour Print 
*PMS 422U Gray
E32 Oy",Taste of Nature,,0,,,1.0,0,0,0,True,0,,Regular,False,0,0,E32 OY,CRB,2026-07-15 06:51:34,,0,False,0,0,200 E Oys,,,1,64,0,12,0,N,PMS 422U Gray (50%),Richmond Hill,21.0,34.04,0.0,,1.0,0,False,2026-07-15,No Closure,08/05-Moyy,R,"14371 - FLINT
14682 - UNITED",PMS 422U Gray,08/05-Moyy,166.0,2026-08-12,
361335,5034276,1,2026-08-12,500,10,166,1,33,1,2000,1.0,0,,United Rotary 66x113 4 Colour,11500,5385.0,61927.5,11500.0,12650,18006,,,2026-08-24,0,61927.5,186655,2026-08-24,E,RDC - Rotary Die Cut,R,Flexo 1 Colour Print,1,3,M2500998,1.0,3,1,0,35.04,22.0,0,378.0,"203833 Aldi Maxx Tray
21 x 34-1/4
RDC, No Closure, 
Flexo 1 Colour Print 
*PMS 422U Gray
E32 Oy",Taste of Nature,,0,,,1.0,0,0,0,True,2,,Regular,False,2,0,E32 OY,CRB,2026-07-15 06:51:34,,0,False,0,0,200 E Oys,Prospect Rotary,,1,64,0,12,0,N,PMS 422U Gray (50%),Richmond Hill,21.0,34.04,0.0,,1.0,0,False,2026-07-15,No Closure,08/05-Moyy,R,"14371 - FLINT
14682 - UNITED",PMS 422U Gray,08/05-Moyy,,,566.0
336911,5032157,1,2026-08-05,-2100,1,234,0,0,0,0,1.0,0,,Corrugator,6500,5385.0,35002.5,6500.0,7150,18006,,,2026-08-07,0,35002.5,186656,2026-08-07,E,RDC - Rotary Die Cut,,Flexo 1 Colour Print,1,3,M2500998,1.0,0,1,0,35.04,22.0,0,0.0,"204038 Aldi DC VP Tray
21 x 34-1/4
RDC, No Closure, 
Flexo 1 Colour Print 
*PMS 152U Orange
E32",Taste of Nature,,0,,,1.0,0,0,0,True,0,,Regular,False,234,0,E32 OY,CRB,2026-03-18 07:02:46,,0,False,0,0,200 E Oys,,,1,64,0,12,0,N,PMS 152U Orange (50%),Richmond Hill,21.0,34.04,0.0,,1.0,0,False,2026-03-18,No Closure,08/04-FLIN01,,"14371 - FLINT
14693 - FLINT",PMS 152U Orange,08/04-FLIN01,168.0,2026-08-05,
336912,5032157,1,2026-08-05,-1200,10,168,1,0,1,0,1.0,0,,Farm Out,6500,5385.0,35002.5,6500.0,7150,18006,,,2026-08-07,0,35002.5,186656,2026-08-07,E,RDC - Rotary Die Cut,,Flexo 1 Colour Print,1,3,M2500998,1.0,7,1,0,35.04,22.0,0,0.0,"204038 Aldi DC VP Tray
21 x 34-1/4
RDC, No Closure, 
Flexo 1 Colour Print 
*PMS 152U Orange
E32",Taste of Nature,,0,,,1.0,0,0,0,True,0,,Regular,False,4,0,E32 OY,CRB,2026-03-18 07:02:46,,0,False,0,0,200 E Oys,Farm Out,,1,64,0,12,0,N,PMS 152U Orange (50%),Richmond Hill,21.0,34.04,0.0,,1.0,0,False,2026-03-18,No Closure,08/04-FLIN01,,"14371 - FLINT
14693 - FLINT",PMS 152U Orange,08/04-FLIN01,,,
362768,5034345,1,2026-08-05,100,1,234,0,0,0,0,1.0,0,,Corrugator,630,3850.0,2425.5,630.0,662,18970,,,2026-08-12,0,2425.5,191664,2026-08-05,B,RDC - Rotary Die Cut,,Nozomi Digital 1 Side Print,1,3,M2500254,2.0,0,1,0,31.02,35.1,0,0.0,"Pupside  473ml X 24 
2 Side Roll Over 24Pk
DIGITAL 40B OYSTER +MRA
1000/ Pallet",Wellington,,0,,,1.0,0,0,0,True,0,,Regular,False,234,0,B40 OY,Late - Sheet Quality / Reject,2026-07-20 15:35:56,,0,False,0,0,200 O/TBOy,,,1,65,0,12,0,N,Dig Ink Med Intensity (100%),Guelph,16.06,28.12,0.0,,1.0,0,False,2026-07-20,No Closure,07/27-MONT01,"N,R",14286 - G-4,Dig Ink Med Intensity,07/27-MONT01,189.0,2026-08-06,
362769,5034345,1,2026-08-06,300,10,189,1,10,0,12307,1.0,0,,Nozomi Digital Printer,630,3850.0,2425.5,630.0,662,18970,,,2026-08-12,0,2425.5,191664,2026-08-05,B,RDC - Rotary Die Cut,N,Nozomi Digital 1 Side Print,1,3,M2500254,2.0,3,1,0,31.02,35.1,0,10.0,"Pupside  473ml X 24 
2 Side Roll Over 24Pk
DIGITAL 40B OYSTER +MRA
1000/ Pallet",Wellington,,0,,,1.0,0,0,0,True,1,,Regular,False,1,0,B40 OY,Late - Sheet Quality / Reject,2026-07-20 15:35:56,,0,False,0,0,200 O/TBOy,NAZ,,1,65,0,12,0,N,Dig Ink Med Intensity (100%),Guelph,16.06,28.12,0.0,,1.0,0,False,2026-07-20,No Closure,07/27-MONT01,"N,R",14286 - G-4,Dig Ink Med Intensity,07/27-MONT01,166.0,2026-08-06,18.0
362770,5034345,1,2026-08-06,500,20,166,1,33,1,4800,1.0,0,,United Rotary 66x113 4 Colour,630,3850.0,2425.5,630.0,662,18970,,,2026-08-12,0,2425.5,191664,2026-08-05,B,RDC - Rotary Die Cut,R,Nozomi Digital 1 Side Print,1,3,M2500254,2.0,3,1,0,31.02,35.1,0,41.0,"Pupside  473ml X 24 
2 Side Roll Over 24Pk
DIGITAL 40B OYSTER +MRA
1000/ Pallet",Wellington,,0,,,1.0,0,0,0,True,2,,Regular,False,2,0,B40 OY,Late - Sheet Quality / Reject,2026-07-20 15:35:56,,0,False,0,0,200 O/TBOy,Prospect Rotary,,1,65,0,12,0,N,Dig Ink Med Intensity (100%),Guelph,16.06,28.12,0.0,,1.0,0,False,2026-07-20,No Closure,07/27-MONT01,"N,R",14286 - G-4,Dig Ink Med Intensity,07/27-MONT01,,,119.0
366685,5035501,1,2026-08-11,500,10,208,1,0,1,0,1.0,0,,Finished Good,1000,8568.0,8568.0,900.0,1100,11290,,,2026-08-14,0,8568.0,102836,2026-08-14,B,Flat Bed Die Cut,,Flexo 1 Colour Print,1,3,,1.0,8,1,0,35.02,35.02,0,0.0,"17 x 11-1/2 x 3-1/2  
32B Kraft 1C 2S 
w/handles RDC
340/ Unit",Prep,,0,,,1.0,0,0,0,True,0,,Regular,False,0,0,B32 K,OT,2026-08-04 07:52:02,,0,False,0,0,200 B,,,1,64,0,12,0,N,GCMI 34 BLUE (15%),MISSISSAUGA,33.1,34.02,0.0,,0.0,0,False,2026-08-04,No Closure,08/11-ROYA01,,,GCMI 34 BLUE,08/11-ROYA01,,,
366136,5035475,4,2026-08-24,500,10,208,1,0,1,0,1.0,0,,Finished Good,2040,4207.0,8582.28,1836.0,2244,10015,,,2026-08-25,0,8582.28,104824,2026-08-25,B,Flat Bed Die Cut,,Flexo 2 Colour Printing,2,3,,2.0,8,1,0,27.0,44.14,0,0.0,"F0509 Inner Tig Weldcote
13 x 43-7/8 32B W 2C
Flat Bed Die Cut, 
1020/ Pallet",Nexal,,0,,,1.0,5,0,0,True,0,,Regular,False,0,0,B32 OY,CRB,2026-07-29 16:23:42,,0,False,0,0,200 B Oys,,,1,1,0,12,0,N,"GCMI 970 GREY (10%), GCMI 74 RED (5%)",MISSISSAUGA,43.14,13.0,0.0,,0.0,0,False,2026-07-29,No Closure,08/21-ROYA01,,"11773 - 
13639 - ROYAL","GCMI 74 RED
GCMI 970 GREY",08/21-ROYA01,,,
328108,5031731,1,2026-10-15,500,10,168,1,0,1,0,1.0,0,,Farm Out,250,30417.0,7604.25,225.0,275,11766,,,2026-09-16,0,12699.0975,105045,2026-09-16,DW,Flat Bed Die Cut,,Plain,0,3,,0.2,7,1,0,16.0,54.12,0,0.0,"33-7/8 x 19-7/8 x 5 
42BC Kraft Partition
170/skid",Riverside,,0,,,1.0,0,0,0,True,0,,Regular,False,4,0,BC42 K,CRB,2026-01-30 15:20:03,,0,False,0,0,200 BC,Farm Out,,1,63,0,12,0,N,,New Hamburg,33.14,19.14,5.0,,0.0,0,False,2026-01-30,No Closure,09/11-CORR02,,11417 - CORRPAR,,09/11-CORR02,,,
364545,5035400,1,2026-08-05,100,1,234,0,0,0,0,1.0,0,,Corrugator,8000,13333.0,106664.0,7200.0,8800,10001,,,2026-08-04,1,106664.0,106804,2026-07-31,C,Sheet,,Plain,0,3,,1.0,0,1,0,48.0,40.0,0,0.0,"W7214
48 x 40 Sheet
Plain C Flute 32 ECT Kraft
245 /unit",Moyy|WB,,0,,,1.0,10,0,0,True,0,,Stock & Release,False,234,0,C32 K,OT,2026-07-23 14:28:33,,0,False,0,0,200 C,,,1,66,0,12,0,N,,Hamilton,48.0,40.0,0.0,,0.0,0,False,2026-07-23,No Closure,07/31-Moyy,,,,07/31-Moyy,168.0,2026-08-05,
364546,5035400,1,2026-08-05,200,10,168,1,0,1,0,1.0,0,,Farm Out,8000,13333.0,106664.0,7200.0,8800,10001,,,2026-08-04,1,106664.0,106804,2026-07-31,C,Sheet,,Plain,0,3,,1.0,7,1,0,48.0,40.0,0,0.0,"W7214
48 x 40 Sheet
Plain C Flute 32 ECT Kraft
245 /unit",Moyy|WB,,0,,,1.0,10,0,0,True,0,,Stock & Release,False,4,0,C32 K,OT,2026-07-23 14:28:33,,0,False,0,0,200 C,Farm Out,,1,66,0,12,0,N,,Hamilton,48.0,40.0,0.0,,0.0,0,False,2026-07-23,No Closure,07/31-Moyy,,,,07/31-Moyy,,,
366446,5035464,1,2026-08-10,500,20,55,1,10,1,2000,1.0,0,,Bundling,250,16866.0,4216.5,225.0,275,10001,,,2026-08-12,1,4216.5,107169,2026-08-12,C,Flat Bed Die Cut,Bundling,Plain,0,3,M2300372,1.0,8,1,0,42.09,57.01,0,18.0,"W6813
57-1/16 x 42-9/16
Flat Bed Die Cut 32C Kraft
225/unit Bundled in 25s",Moyy|WB,,0,,,1.0,10,0,0,True,0,,Stock & Release,False,0,0,C32 K,OT,2026-07-30 10:41:13,,0,False,0,0,200 C,Bundling,,1,69,0,12,0,N,,Hamilton,57.01,42.09,0.0,,0.0,0,False,2026-07-29,No Closure,07/31-MONT01,Bundling,,,07/31-MONT01,,,33.0
366780,5035502,1,2026-08-20,500,5,189,1,0,1,11973,1.0,0,,Nozomi Digital Printer,2000,3929.0,7858.0,2000.0,2200,10027,,,2026-08-21,0,7858.0,116497,2026-08-21,B,RDC - Rotary Die Cut,N,Nozomi Digital 1 Side Print,1,3,,2.0,3,1,0,31.0,36.08,0,10.0,"Double Dutch Waffle Tray
17-3/4 x 30
1 Col 32B W
750/unit",Scheps,,0,,,1.0,0,0,0,True,1,,Regular,False,1,0,B32 OY,OT,2026-08-04 12:36:01,,0,False,0,0,200 B Oys,NAZ,,1,65,0,12,0,N,Dig Ink Med Intensity (25%),Norwich,17.12,30.0,0.0,,0.0,0,False,2026-08-04,No Closure,08/07-MONT01,"N,R","11609 - CAN 2 - FB
11610 - LANGSTON
13763 - 
13764 - R-8",Dig Ink Med Intensity,08/07-MONT01,166.0,2026-08-21,30.0
366781,5035502,1,2026-08-21,500,10,166,1,33,1,4800,1.0,0,,United Rotary 66x113 4 Colour,2000,3929.0,7858.0,2000.0,2200,10027,,,2026-08-21,0,7858.0,116497,2026-08-21,B,RDC - Rotary Die Cut,R,Nozomi Digital 1 Side Print,1,3,,2.0,3,1,0,31.0,36.08,0,58.0,"Double Dutch Waffle Tray
17-3/4 x 30
1 Col 32B W
750/unit",Scheps,,0,,,1.0,0,0,0,True,2,,Regular,False,2,0,B32 OY,OT,2026-08-04 12:36:01,,0,False,0,0,200 B Oys,Prospect Rotary,,1,65,0,12,0,N,Dig Ink Med Intensity (25%),Norwich,17.12,30.0,0.0,,0.0,0,False,2026-08-04,No Closure,08/07-MONT01,"N,R","11609 - CAN 2 - FB
11610 - LANGSTON
13763 - 
13764 - R-8",Dig Ink Med Intensity,08/07-MONT01,,,126.0
366779,5035502,1,2026-08-19,500,1,234,0,0,0,0,1.0,0,,Corrugator,2000,3929.0,7858.0,2000.0,2200,10027,,,2026-08-21,0,7858.0,116497,2026-08-21,B,RDC - Rotary Die Cut,,Nozomi Digital 1 Side Print,1,3,,2.0,0,1,0,31.0,36.08,0,0.0,"Double Dutch Waffle Tray
17-3/4 x 30
1 Col 32B W
750/unit",Scheps,,0,,,1.0,0,0,0,True,0,,Regular,False,234,0,B32 OY,OT,2026-08-04 12:36:01,,0,False,0,0,200 B Oys,,,1,65,0,12,0,N,Dig Ink Med Intensity (25%),Norwich,17.12,30.0,0.0,,0.0,0,False,2026-08-04,No Closure,08/07-MONT01,"N,R","11609 - CAN 2 - FB
11610 - LANGSTON
13763 - 
13764 - R-8",Dig Ink Med Intensity,08/07-MONT01,189.0,2026-08-20,
362614,5034334,1,2026-08-05,-200,10,168,1,0,1,0,1.0,0,,Farm Out,960,0.0,0.0,864.0,1056,11820,,,2026-08-10,0,0.0,118094,2026-08-10,N/A,Not Applicable,,Not Applicable,0,3,,1.0,7,1,0,0.0,0.0,0,0.0,"Honeycomb 1/2""Cell 
3/4 x 40-1/2 x 12
240/SKD",Monte,,0,,,1.0,0,0,0,False,0,,Regular,False,4,0,Not Applicable,OT,2026-07-20 06:53:31,,0,False,0,0,,Farm Out,,0,74,0,12,0,,,Etobicoke,40.08,12.0,0.12,,0.0,0,False,2026-07-20,Not Applicable,08/04-AXXO01,,,,08/04-AXXO01,,,
364435,5035386,1,2026-08-05,100,10,208,2,0,1,0,1.0,0,,Finished Good,5000,1123.0,5615.0,5000.0,5000,10010,,,2026-08-04,0,5615.0,120952,2026-08-04,B,Sheet,,Plain,0,3,,6.0,8,1,0,29.12,32.1,0,0.0,"4oz pad
14-7/8 x 10-7/8 29B K
Sheet, No Closure, Plain",Niagara,,0,,,1.0,0,0,0,True,0,,Regular,False,0,0,B29 K,OT,2026-07-23 09:10:19,,0,False,0,0,175 B,,,1,66,0,12,0,N,,Flamborough,14.14,10.14,0.0,,0.0,0,False,2026-07-23,No Closure,No P.O.,,,,No P.O.,,,
337670,5032196,1,2027-02-01,500,10,166,1,33,1,8000,1.0,0,,United Rotary 66x113 4 Colour,17500,3874.0,67795.0,15750.0,19250,12170,,,2027-02-03,0,67795.0,123498,2027-02-03,B,RDC - Rotary Die Cut,R,Plain,0,3,,4.0,3,1,0,46.04,48.04,0,164.0,"D/C Insert - 23-5/8 x 22-5/8
23-5/8 x 22-5/8 (4 Up)
RDC Plain 32B ECT Kraft
1750/unit",Mitchell's,,0,,,1.0,0,0,0,True,2,,Regular,False,2,0,B32 K,CRB,2026-03-20 14:13:51,,0,False,0,0,200 B,Prospect Rotary,,1,63,0,12,0,N,,Aylmer,23.1,22.1,0.0,,0.0,0,False,2026-03-20,No Closure,01/29-MIDN01,R,"12040 - 
12714 - MID NORTH
12884 - CAN 1 - A",,01/29-MIDN01,,,547.0
337678,5032197,1,2027-02-26,500,1,234,0,0,0,0,1.0,0,,Corrugator,17500,3874.0,67795.0,15750.0,19250,12170,,,2027-03-03,0,67795.0,123498,2027-03-03,B,RDC - Rotary Die Cut,,Plain,0,3,,4.0,0,1,0,46.04,48.04,0,0.0,"D/C Insert - 23-5/8 x 22-5/8
23-5/8 x 22-5/8 (4 Up)
RDC Plain 32B ECT Kraft
1750/unit",Mitchell's,,0,,,1.0,0,0,0,True,0,,Regular,False,234,0,B32 K,CRB,2026-03-20 14:15:52,,0,False,0,0,200 B,,,1,63,0,12,0,N,,Aylmer,23.1,22.1,0.0,,0.0,0,False,2026-03-20,No Closure,02/26-MIDN01,R,"12040 - 
12714 - MID NORTH
12884 - CAN 1 - A",,02/26-MIDN01,166.0,2027-03-01,
337679,5032197,1,2027-03-01,500,10,166,1,33,1,8000,1.0,0,,United Rotary 66x113 4 Colour,17500,3874.0,67795.0,15750.0,19250,12170,,,2027-03-03,0,67795.0,123498,2027-03-03,B,RDC - Rotary Die Cut,R,Plain,0,3,,4.0,3,1,0,46.04,48.04,0,164.0,"D/C Insert - 23-5/8 x 22-5/8
23-5/8 x 22-5/8 (4 Up)
RDC Plain 32B ECT Kraft
1750/unit",Mitchell's,,0,,,1.0,0,0,0,True,2,,Regular,False,2,0,B32 K,CRB,2026-03-20 14:15:52,,0,False,0,0,200 B,Prospect Rotary,,1,63,0,12,0,N,,Aylmer,23.1,22.1,0.0,,0.0,0,False,2026-03-20,No Closure,02/26-MIDN01,R,"12040 - 
12714 - MID NORTH
12884 - CAN 1 - A",,02/26-MIDN01,,,547.0
337687,5032198,1,2027-04-02,500,1,234,0,0,0,0,1.0,0,,Corrugator,17500,3874.0,67795.0,15750.0,19250,12170,,,2027-04-07,0,67795.0,123498,2027-04-07,B,RDC - Rotary Die Cut,,Plain,0,3,,4.0,0,1,0,46.04,48.04,0,0.0,"D/C Insert - 23-5/8 x 22-5/8
23-5/8 x 22-5/8 (4 Up)
RDC Plain 32B ECT Kraft
1750/unit",Mitchell's,,0,,,1.0,0,0,0,True,0,,Regular,False,234,0,B32 K,CRB,2026-03-20 14:17:58,,0,False,0,0,200 B,,,1,63,0,12,0,N,,Aylmer,23.1,22.1,0.0,,0.0,0,False,2026-03-20,No Closure,04/02-MIDN01,R,"12040 - 
12714 - MID NORTH
12884 - CAN 1 - A",,04/02-MIDN01,166.0,2027-04-05,
337688,5032198,1,2027-04-05,500,10,166,1,33,1,8000,1.0,0,,United Rotary 66x113 4 Colour,17500,3874.0,67795.0,15750.0,19250,12170,,,2027-04-07,0,67795.0,123498,2027-04-07,B,RDC - Rotary Die Cut,R,Plain,0,3,,4.0,3,1,0,46.04,48.04,0,164.0,"D/C Insert - 23-5/8 x 22-5/8
23-5/8 x 22-5/8 (4 Up)
RDC Plain 32B ECT Kraft
1750/unit",Mitchell's,,0,,,1.0,0,0,0,True,2,,Regular,False,2,0,B32 K,CRB,2026-03-20 14:17:58,,0,False,0,0,200 B,Prospect Rotary,,1,63,0,12,0,N,,Aylmer,23.1,22.1,0.0,,0.0,0,False,2026-03-20,No Closure,04/02-MIDN01,R,"12040 - 
12714 - MID NORTH
12884 - CAN 1 - A",,04/02-MIDN01,,,547.0
337660,5032195,1,2027-01-01,500,1,234,0,0,0,0,1.0,0,,Corrugator,17500,3874.0,67795.0,15750.0,19250,12170,,,2027-01-06,0,67795.0,123498,2027-01-06,B,RDC - Rotary Die Cut,,Plain,0,3,,4.0,0,1,0,46.04,48.04,0,0.0,"D/C Insert - 23-5/8 x 22-5/8
23-5/8 x 22-5/8 (4 Up)
RDC Plain 32B ECT Kraft
1750/unit",Mitchell's,,0,,,1.0,0,0,0,True,0,,Regular,False,234,0,B32 K,CRB,2026-03-20 14:11:41,,0,False,0,0,200 B,,,1,63,0,12,0,N,,Aylmer,23.1,22.1,0.0,,0.0,0,False,2026-03-20,No Closure,07/30-MONT01,R,"12040 - 
12714 - MID NORTH
12884 - CAN 1 - A",,07/30-MONT01,166.0,2027-01-04,
337661,5032195,1,2027-01-04,500,10,166,1,33,1,8000,1.0,0,,United Rotary 66x113 4 Colour,17500,3874.0,67795.0,15750.0,19250,12170,,,2027-01-06,0,67795.0,123498,2027-01-06,B,RDC - Rotary Die Cut,R,Plain,0,3,,4.0,3,1,0,46.04,48.04,0,164.0,"D/C Insert - 23-5/8 x 22-5/8
23-5/8 x 22-5/8 (4 Up)
RDC Plain 32B ECT Kraft
1750/unit",Mitchell's,,0,,,1.0,0,0,0,True,2,,Regular,False,2,0,B32 K,CRB,2026-03-20 14:11:41,,0,False,0,0,200 B,Prospect Rotary,,1,63,0,12,0,N,,Aylmer,23.1,22.1,0.0,,0.0,0,False,2026-03-20,No Closure,07/30-MONT01,R,"12040 - 
12714 - MID NORTH
12884 - CAN 1 - A",,07/30-MONT01,,,547.0
337669,5032196,1,2027-01-29,500,1,234,0,0,0,0,1.0,0,,Corrugator,17500,3874.0,67795.0,15750.0,19250,12170,,,2027-02-03,0,67795.0,123498,2027-02-03,B,RDC - Rotary Die Cut,,Plain,0,3,,4.0,0,1,0,46.04,48.04,0,0.0,"D/C Insert - 23-5/8 x 22-5/8
23-5/8 x 22-5/8 (4 Up)
RDC Plain 32B ECT Kraft
1750/unit",Mitchell's,,0,,,1.0,0,0,0,True,0,,Regular,False,234,0,B32 K,CRB,2026-03-20 14:13:51,,0,False,0,0,200 B,,,1,63,0,12,0,N,,Aylmer,23.1,22.1,0.0,,0.0,0,False,2026-03-20,No Closure,01/29-MIDN01,R,"12040 - 
12714 - MID NORTH
12884 - CAN 1 - A",,01/29-MIDN01,166.0,2027-02-01,
359428,5034184,1,2026-08-05,-1100,10,168,1,0,1,0,1.0,0,,Farm Out,30000,0.0,0.0,30000.0,30000,10010,,,2026-08-20,0,0.0,136597,2026-08-20,N/A,Not Applicable,,Not Applicable,0,3,,1.0,7,1,0,0.0,0.0,0,0.0,"4.625 x 4.625 x 5.5625  
8oz 4ct Inner-28PT CCNB 1 Col
Hymes Bottom - Tuck In Top",Niagara,,0,,,1.0,0,0,0,False,0,,Regular,False,4,0,Not Applicable,OT,2026-07-07 07:15:16,,0,False,0,0,,Farm Out,,0,77,0,12,0,,,Flamborough,0.0,0.0,0.0,,0.0,0,False,2026-07-07,Not Applicable,08/14-BENE01,,"12751 - BENECO
12752 - BENECO",,08/14-BENE01,,,
361229,5034265,1,2026-08-20,500,10,166,1,33,1,1800,1.0,0,,United Rotary 66x113 4 Colour,500,24599.0,12299.5,450.0,550,11357,,,2026-08-14,0,12299.5,155235,2026-08-14,C,RDC - Rotary Die Cut,R,Flexo 1 Colour Print,1,3,,1.0,3,1,0,54.13,64.1,0,50.0,"Ditra 30M2
53-13/16 X 63-5/8
RDC, Plain 32 C Kraft
22060119 - 240/UNIT",Dorken Systems,,0,,,1.0,0,0,0,True,2,,Regular,False,2,0,C32 K,CRB,2026-07-14 10:36:54,,0,False,0,0,200 C,Prospect Rotary,,1,63,0,12,0,N,GCMI 90 BLACK AU (10%),Beamsville,63.1,53.13,0.0,,0.0,0,False,2026-07-14,No Closure,08/14-MONT01,R,"11636 - I-12,13",GCMI 90 BLACK AU,08/14-MONT01,,,72.0
366595,5035496,1,2026-08-21,500,10,208,1,0,1,0,1.0,0,,Finished Good,500,24599.0,12299.5,450.0,550,11357,,,2026-08-24,0,12299.5,155235,2026-08-24,C,RDC - Rotary Die Cut,,Flexo 1 Colour Print,1,3,,1.0,8,1,0,54.13,64.1,0,0.0,"Ditra 30M2
53-13/16 X 63-5/8
RDC, Plain 32 C Kraft
22060119 - 240/UNIT",Dorken Systems,,0,,,1.0,0,0,0,True,0,,Regular,False,0,0,C32 K,CRB,2026-07-31 11:59:17,,0,False,0,0,200 C,,,1,63,0,12,0,N,GCMI 90 BLACK AU (10%),Beamsville,63.1,53.13,0.0,,0.0,0,False,2026-07-31,No Closure,No P.O.,,"11636 - I-12,13",GCMI 90 BLACK AU,No P.O.,,,
366597,5035497,1,2026-08-28,500,10,208,1,0,1,0,1.0,0,,Finished Good,500,24599.0,12299.5,450.0,550,11357,,,2026-08-31,0,12299.5,155235,2026-08-31,C,RDC - Rotary Die Cut,,Flexo 1 Colour Print,1,3,,1.0,8,1,0,54.13,64.1,0,0.0,"Ditra 30M2
53-13/16 X 63-5/8
RDC, Plain 32 C Kraft
22060119 - 240/UNIT",Dorken Systems,,0,,,1.0,0,0,0,True,0,,Regular,False,0,0,C32 K,CRB,2026-07-31 12:00:18,,0,False,0,0,200 C,,,1,63,0,12,0,N,GCMI 90 BLACK AU (10%),Beamsville,63.1,53.13,0.0,,0.0,0,False,2026-07-31,No Closure,No P.O.,,"11636 - I-12,13",GCMI 90 BLACK AU,No P.O.,,,
364556,5035403,1,2026-08-26,500,10,166,1,33,1,1600,1.0,0,,United Rotary 66x113 4 Colour,500,26932.0,13466.0,450.0,550,11357,,,2026-08-31,0,13466.0,155238,2026-08-31,C,RDC - Rotary Die Cut,R,Flexo 1 Colour Print,1,3,,1.0,3,1,0,57.09,67.06,0,52.0,"Ditra 150 65-7/8 x 56-1/16
Rotary Die Cut, No Closure 
Plain 32C Kraft
22060121",Dorken Systems,,0,,,1.0,0,0,0,True,2,,Regular,False,2,0,C32 K,CRB,2026-07-23 15:17:59,,0,False,0,0,200 C,Prospect Rotary,,1,63,0,12,0,N,GCMI 90 BLACK AU (1%),Beamsville,65.14,56.01,0.0,,0.0,0,False,2026-07-23,No Closure,08/21-MONT01,R,11637 - SKID A,GCMI 90 BLACK AU,08/21-MONT01,,,101.0
366591,5035494,1,2026-08-20,500,10,166,1,33,1,1800,1.0,0,,United Rotary 66x113 4 Colour,500,25435.0,12717.5,450.0,550,11357,,,2026-08-24,0,12717.5,155239,2026-08-24,C,RDC - Rotary Die Cut,R,Flexo 1 Colour Print,1,3,,1.0,3,1,0,55.13,65.1,0,50.0,"Ditra XL
64-5/8 x 54-13/16
Rotary Die Cut, 1Col
32 C Kraft
22060122
250/ Unit",Dorken Systems,,0,,,1.0,0,0,0,True,2,,Regular,False,2,0,C32 K,CRB,2026-07-31 11:54:00,,0,False,0,0,200 C,Prospect Rotary,,1,63,0,12,0,N,GCMI 90 BLACK AU (10%),Beamsville,64.1,54.13,0.0,,0.0,0,False,2026-07-31,No Closure,No P.O.,R,11638 - FLINT,GCMI 90 BLACK AU,No P.O.,,,59.0
366593,5035495,1,2026-08-27,500,10,166,1,33,1,1800,1.0,0,,United Rotary 66x113 4 Colour,500,25435.0,12717.5,450.0,550,11357,,,2026-08-31,0,12717.5,155239,2026-08-31,C,RDC - Rotary Die Cut,R,Flexo 1 Colour Print,1,3,,1.0,3,1,0,55.13,65.1,0,50.0,"Ditra XL
64-5/8 x 54-13/16
Rotary Die Cut, 1Col
32 C Kraft
22060122
250/ Unit",Dorken Systems,,0,,,1.0,0,0,0,True,2,,Regular,False,2,0,C32 K,CRB,2026-07-31 11:55:02,,0,False,0,0,200 C,Prospect Rotary,,1,63,0,12,0,N,GCMI 90 BLACK AU (10%),Beamsville,64.1,54.13,0.0,,0.0,0,False,2026-07-31,No Closure,No P.O.,R,11638 - FLINT,GCMI 90 BLACK AU,No P.O.,,,59.0
361237,5034267,1,2026-08-13,500,10,166,1,33,1,1600,1.0,0,,United Rotary 66x113 4 Colour,500,26231.0,13115.5,450.0,550,11357,,,2026-08-31,0,13115.5,155241,2026-08-31,C,RDC - Rotary Die Cut,R,Flexo 1 Colour Print,1,3,,1.0,3,1,0,56.01,67.06,0,52.0,"Ditra 5M2 65-7/8 x 54-9/16
RDC, Flexo 1 Colour Print Inside
32 ECT Kraft
22060120 - 240/UNIT",Dorken Systems,,0,,,1.0,0,0,0,True,2,,Regular,False,2,0,C32 K,CRB,2026-07-14 11:07:25,,0,False,0,0,200 C,Prospect Rotary,,1,64,0,12,0,N,GCMI 90 BLACK HK (15%),Beamsville,65.14,54.09,0.0,,0.0,0,False,2026-07-14,No Closure,07/31-MONT01,"R,R","11634 - A-10,11
11635 - UNITED",GCMI 90 BLACK HK,07/31-MONT01,166.0,2026-08-14,69.0
361238,5034267,1,2026-08-14,500,20,166,1,33,1,1600,1.0,0,,United Rotary 66x113 4 Colour,500,26231.0,13115.5,900.0,550,11357,,,2026-08-31,0,13115.5,155241,2026-08-31,C,RDC - Rotary Die Cut,R,Flexo 1 Colour Print,1,3,,1.0,3,1,0,56.01,67.06,0,52.0,"Ditra 5M2 65-7/8 x 54-9/16
RDC, Flexo 1 Colour Print Inside
32 ECT Kraft
22060120 - 240/UNIT",Dorken Systems,,0,,,1.0,0,0,0,True,2,,Regular,False,2,0,C32 K,CRB,2026-07-14 11:07:25,,0,False,0,0,200 C,Prospect Rotary,,1,64,0,12,0,N,GCMI 90 BLACK HK (15%),Beamsville,65.14,54.09,0.0,,0.0,0,False,2026-07-14,No Closure,07/31-MONT01,"R,R","11634 - A-10,11
11635 - UNITED",GCMI 90 BLACK HK,07/31-MONT01,166.0,2026-08-14,69.0
361237,5034267,1,2026-08-13,500,10,166,1,33,1,1600,1.0,0,,United Rotary 66x113 4 Colour,500,26231.0,13115.5,450.0,550,11357,,,2026-08-31,0,13115.5,155241,2026-08-31,C,RDC - Rotary Die Cut,R,Flexo 1 Colour Print,1,3,,1.0,3,1,0,56.01,67.06,0,52.0,"Ditra 5M2 65-7/8 x 54-9/16
RDC, Flexo 1 Colour Print Inside
32 ECT Kraft
22060120 - 240/UNIT",Dorken Systems,,0,,,1.0,0,0,0,True,2,,Regular,False,2,0,C32 K,CRB,2026-07-14 11:07:25,,0,False,0,0,200 C,Prospect Rotary,,1,64,0,12,0,N,GCMI 90 BLACK HK (15%),Beamsville,65.14,54.09,0.0,,0.0,0,False,2026-07-14,No Closure,07/31-MONT01,"R,R","11634 - A-10,11
11635 - UNITED",GCMI 90 BLACK HK,07/31-MONT01,,,69.0
361238,5034267,1,2026-08-14,500,20,166,1,33,1,1600,1.0,0,,United Rotary 66x113 4 Colour,500,26231.0,13115.5,900.0,550,11357,,,2026-08-31,0,13115.5,155241,2026-08-31,C,RDC - Rotary Die Cut,R,Flexo 1 Colour Print,1,3,,1.0,3,1,0,56.01,67.06,0,52.0,"Ditra 5M2 65-7/8 x 54-9/16
RDC, Flexo 1 Colour Print Inside
32 ECT Kraft
22060120 - 240/UNIT",Dorken Systems,,0,,,1.0,0,0,0,True,2,,Regular,False,2,0,C32 K,CRB,2026-07-14 11:07:25,,0,False,0,0,200 C,Prospect Rotary,,1,64,0,12,0,N,GCMI 90 BLACK HK (15%),Beamsville,65.14,54.09,0.0,,0.0,0,False,2026-07-14,No Closure,07/31-MONT01,"R,R","11634 - A-10,11
11635 - UNITED",GCMI 90 BLACK HK,07/31-MONT01,,,69.0
359760,5034210,1,2026-08-05,400,10,208,1,0,1,0,1.0,0,,Finished Good,4480,28000.0,125440.0,4032.0,4928,11770,,,2026-09-18,0,125440.0,167499,2026-09-18,N/A,Sheet,,Plain,0,3,,1.0,8,1,0,56.0,72.0,0,0.0,"56 x 72
Sheet, Plain 
0.040"" Chipboard
560/ Unit",Arcelor,,0,,,1.0,0,0,0,True,0,,Regular,False,0,0,Not Applicable,CRB,2026-07-09 07:44:30,,0,False,0,0,,,,1,66,0,12,0,N,,Hamilton,56.0,72.0,0.0,,0.0,0,False,2026-07-09,No Closure,09/18-HAMM01,,,,09/18-HAMM01,,,
364912,5035431,1,2026-08-17,500,10,166,1,33,1,2000,1.0,0,,United Rotary 66x113 4 Colour,15000,17627.0,264405.0,13500.0,16500,12811,,,2026-08-19,0,264405.0,168116,2026-08-19,C,RDC - Rotary Die Cut,R,Plain,0,3,,1.0,3,1,0,47.08,53.07,0,483.0,"90-67Plain
22-3/16 x 17-7/8 x 5-1/4
RDC, No Closure, 
Plain 
C Flute 32 ECT Oyster
265/Unit",Mory,,0,,,1.0,0,0,0,True,2,,Regular,True,2,0,C32 OY,OT,2026-07-27 09:41:20,,0,False,0,0,200 C Oys,Prospect Rotary,,1,63,0,12,0,N,,MISSISSAUGA,52.07,46.08,0.0,,0.0,0,False,2026-07-27,No Closure,08/11-MONT01,R,13865 - FLINT,,08/11-MONT01,,,737.0
365906,5035450,1,2026-08-05,500,1,234,0,0,0,0,1.0,0,,Corrugator,5000,3564.0,17820.0,4500.0,5500,10001,,,2026-08-10,1,17820.0,175145,2026-08-10,B,RDC - Rotary Die Cut,,Flexo 1 Colour Print,1,3,M2401209,2.0,0,1,0,30.03,34.0,0,0.0,"355/473ml X 24 RollOver Tray
2 Side Roll Over 24Pk
Plain 40B Kraft +MRA
1000/ Pallet",Moyy|WB,,0,,,1.0,10,0,0,True,0,,Stock & Release,False,234,0,B40 K,OT,2026-07-28 12:59:19,,0,False,0,0,200 O/T B,,,1,63,0,12,0,N,To Be Determined (10%),Hamilton,16.08,29.03,0.0,,0.0,0,False,2026-07-28,No Closure,08/04-MONT01,R,"14109 - A-2
14110 - UNITED",To Be Determined,08/04-MONT01,166.0,2026-08-06,
365907,5035450,1,2026-08-06,500,10,166,1,33,1,4800,1.0,0,,United Rotary 66x113 4 Colour,5000,3564.0,17820.0,4500.0,5500,10001,,,2026-08-10,1,17820.0,175145,2026-08-10,B,RDC - Rotary Die Cut,R,Flexo 1 Colour Print,1,3,M2401209,2.0,3,1,0,30.03,34.0,0,96.0,"355/473ml X 24 RollOver Tray
2 Side Roll Over 24Pk
Plain 40B Kraft +MRA
1000/ Pallet",Moyy|WB,,0,,,1.0,10,0,0,True,2,,Stock & Release,False,2,0,B40 K,OT,2026-07-28 12:59:19,,0,False,0,0,200 O/T B,Prospect Rotary,,1,63,0,12,0,N,To Be Determined (10%),Hamilton,16.08,29.03,0.0,,0.0,0,False,2026-07-28,No Closure,08/04-MONT01,R,"14109 - A-2
14110 - UNITED",To Be Determined,08/04-MONT01,,,129.0
364251,5035369,1,2026-08-12,500,1,234,0,0,0,0,1.0,0,,Corrugator,375,13444.0,5041.5,338.0,413,19088,,,2026-08-17,0,5041.5,180466,2026-08-17,C,RDC - Rotary Die Cut,,Plain,0,3,M2500071_D,1.0,0,1,0,44.0,44.0,0,0.0,"REV Lid Cap Top & Bottom
43 x 43 RDC, Plain 
44C Oyster 1 Side
375/unit
Octogon Drum Pack",Momentum,,0,,,1.0,0,0,0,True,0,,Regular,False,234,0,C44 OY,CRB,2026-07-22 07:51:03,,0,False,0,0,275COYS,,,1,63,0,12,0,N,,MISSISSAUGA,43.0,43.0,0.0,,0.0,0,False,2026-07-22,No Closure,08/10-MONT01,R,14287 - B-3,,08/10-MONT01,166.0,2026-08-13,
364252,5035369,1,2026-08-13,500,10,166,1,33,1,2000,1.0,0,,United Rotary 66x113 4 Colour,375,13444.0,5041.5,338.0,413,19088,,,2026-08-17,0,5041.5,180466,2026-08-17,C,RDC - Rotary Die Cut,R,Plain,0,3,M2500071_D,1.0,3,1,0,44.0,44.0,0,44.0,"REV Lid Cap Top & Bottom
43 x 43 RDC, Plain 
44C Oyster 1 Side
375/unit
Octogon Drum Pack",Momentum,,0,,,1.0,0,0,0,True,2,,Regular,False,2,0,C44 OY,CRB,2026-07-22 07:51:03,,0,False,0,0,275COYS,Prospect Rotary,,1,63,0,12,0,N,,MISSISSAUGA,43.0,43.0,0.0,,0.0,0,False,2026-07-22,No Closure,08/10-MONT01,R,14287 - B-3,,08/10-MONT01,,,66.0
360365,5034236,3,2026-08-05,-200,1,234,0,0,0,0,1.0,0,,Corrugator,1020,4207.0,4291.14,918.0,1122,10015,,,2026-07-29,0,4291.14,182507,2026-07-29,B,Flat Bed Die Cut,,Flexo 1 Colour Print,1,3,,2.0,0,1,0,27.0,44.14,0,0.0,"Exocor Inner Tig Flexo -REV
13 x 43 7/8
Flat Bed Die Cut, 1 Col 29 B W
1020/ Unit",Nexal,,0,,,1.0,5,0,0,True,0,,Regular,False,234,0,B29 OY,OT,2026-07-10 15:29:21,,0,False,0,0,175BOys,,,1,1,0,12,0,,PMS 293U BLUE (15%),MISSISSAUGA,43.14,13.0,0.0,,0.0,0,False,2026-07-10,Not Applicable,08/06-ROYA01,,14391 - ROYAL,PMS 293U BLUE,08/06-ROYA01,168.0,2026-08-05,
360366,5034236,3,2026-08-05,-100,10,168,1,0,1,0,1.0,0,,Farm Out,1020,4207.0,4291.14,918.0,1122,10015,,,2026-07-29,0,4291.14,182507,2026-07-29,B,Flat Bed Die Cut,,Flexo 1 Colour Print,1,3,,2.0,7,1,0,27.0,44.14,0,0.0,"Exocor Inner Tig Flexo -REV
13 x 43 7/8
Flat Bed Die Cut, 1 Col 29 B W
1020/ Unit",Nexal,,0,,,1.0,5,0,0,True,0,,Regular,False,4,0,B29 OY,OT,2026-07-10 15:29:21,,0,False,0,0,175BOys,Farm Out,,1,1,0,12,0,,PMS 293U BLUE (15%),MISSISSAUGA,43.14,13.0,0.0,,0.0,0,False,2026-07-10,Not Applicable,08/06-ROYA01,,14391 - ROYAL,PMS 293U BLUE,08/06-ROYA01,,,
362590,5034333,1,2026-08-05,500,10,208,1,0,1,0,1.0,0,,Finished Good,18500,554.0,10249.0,16650.0,20350,10048,,,2026-08-05,0,10249.0,184051,2026-07-31,B,Pad,,Plain,0,3,,1.0,8,1,0,11.0,7.04,0,0.0,"Pad for Yogurt 12 Pk
11 x 7-1/4
Pad, No Closure, Plain 
B Flute 32 ECT Kraft + WRA 

**Shipped",Flamaglo,,0,,,1.0,0,0,0,True,0,,Regular,False,0,0,B32 K,Late - Farmout,2026-07-17 15:46:46,,0,False,0,0,200 B,,,1,66,0,12,0,N,,Kitchener,11.0,7.04,0.0,,0.0,0,False,2026-07-17,No Closure,07/30-INDE02,,,,07/30-INDE02,,,
366624,5035499,1,2026-08-10,500,1,234,0,0,0,0,1.0,0,,Corrugator,3000,3850.0,11550.0,3000.0,3150,18970,,,2026-08-13,0,11550.0,184423,2026-08-13,B,RDC - Rotary Die Cut,,Flexo 2 Colour Printing,2,3,,2.0,0,1,0,31.02,35.1,0,0.0,"Generic 355/473ml X 24 
2 Side Roll Over 24Pk
2 Col Flexo 
40B Oyster +WRA
1000/ Pallet",Wellington,,0,,,1.0,0,0,0,True,0,,Regular,False,234,0,B40 OY,OT,2026-07-31 12:15:57,,0,False,0,0,200 O/TBOy,,,1,64,0,12,0,N,"GCMI 90 BLACK AU (80%), PMS 716C Orange (10%)",Guelph,15.12,10.09,3.0,,0.0,0,False,2026-07-31,No Closure,No P.O.,R,"14286 - G-4
14496 - RACK C","GCMI 90 BLACK AU
PMS 716C Orange",No P.O.,166.0,2026-08-11,
366625,5035499,1,2026-08-11,500,10,166,4,133,1,4800,1.0,0,,United Rotary 66x113 4 Colour,3000,3850.0,11550.0,3000.0,3150,18970,,,2026-08-13,0,11550.0,184423,2026-08-13,B,RDC - Rotary Die Cut,R,Flexo 2 Colour Printing,2,3,,2.0,3,1,0,31.02,35.1,0,570.0,"Generic 355/473ml X 24 
2 Side Roll Over 24Pk
2 Col Flexo 
40B Oyster +WRA
1000/ Pallet",Wellington,,0,,,1.0,0,0,0,True,2,,Regular,False,2,0,B40 OY,OT,2026-07-31 12:15:57,,0,False,0,0,200 O/TBOy,Prospect Rotary,,1,64,0,12,0,N,"GCMI 90 BLACK AU (80%), PMS 716C Orange (10%)",Guelph,15.12,10.09,3.0,,0.0,0,False,2026-07-31,No Closure,No P.O.,R,"14286 - G-4
14496 - RACK C","GCMI 90 BLACK AU
PMS 716C Orange",No P.O.,,,210.0
366626,5035499,2,2026-08-10,500,1,234,0,0,0,0,1.0,0,,Corrugator,5000,3850.0,19250.0,5000.0,5250,18970,,,2026-08-13,0,19250.0,184424,2026-08-13,B,RDC - Rotary Die Cut,,Flexo 2 Colour Printing,2,3,,2.0,0,1,0,31.02,35.1,0,0.0,"Helles Lager 355/473ml X 24 
2 Side Roll Over 24Pk
2 Col Flexo 
40B Oyster +WRA
1000/ Pallet",Wellington,,0,,,1.0,0,0,0,True,0,,Regular,False,234,0,B40 OY,OT,2026-07-31 12:15:57,,0,False,0,0,200 O/TBOy,,,1,64,0,12,0,N,"GCMI 90 BLACK AU (10%), PMS 716C Orange (10%)",Guelph,15.12,10.09,3.0,,0.0,0,False,2026-07-31,No Closure,No P.O.,R,"14286 - G-4
14497 - RACK C","GCMI 90 BLACK AU
PMS 716C Orange",No P.O.,166.0,2026-08-11,
366627,5035499,2,2026-08-11,500,10,166,4,133,1,4800,1.0,0,,United Rotary 66x113 4 Colour,5000,3850.0,19250.0,5000.0,5250,18970,,,2026-08-13,0,19250.0,184424,2026-08-13,B,RDC - Rotary Die Cut,R,Flexo 2 Colour Printing,2,3,,2.0,3,1,0,31.02,35.1,0,595.0,"Helles Lager 355/473ml X 24 
2 Side Roll Over 24Pk
2 Col Flexo 
40B Oyster +WRA
1000/ Pallet",Wellington,,0,,,1.0,0,0,0,True,2,,Regular,False,2,0,B40 OY,OT,2026-07-31 12:15:57,,0,False,0,0,200 O/TBOy,Prospect Rotary,,1,64,0,12,0,N,"GCMI 90 BLACK AU (10%), PMS 716C Orange (10%)",Guelph,15.12,10.09,3.0,,0.0,0,False,2026-07-31,No Closure,No P.O.,R,"14286 - G-4
14497 - RACK C","GCMI 90 BLACK AU
PMS 716C Orange",No P.O.,,,259.0
366632,5035499,5,2026-08-20,500,1,234,0,0,0,0,1.0,0,,Corrugator,6000,3850.0,23100.0,6000.0,6300,18970,,,2026-08-13,0,23100.0,184425,2026-08-13,B,RDC - Rotary Die Cut,,Flexo 3 Colour Printing,3,3,,2.0,0,1,0,31.02,35.1,0,0.0,"Upside IPA 355/473ml X 24 
2 Side Roll Over 24Pk
3 Col Flexo 
40B Oyster +WRA
1000/ Pallet",Wellington,,0,,,1.0,0,0,0,True,0,,Regular,False,234,0,B40 OY,OT,2026-07-31 12:15:57,,0,False,0,0,200 O/TBOy,,,1,64,0,12,0,N,"GCMI 90 BLACK AU (10%), PMS 716C Orange (10%), PMS 7732 C GREEN (70%)",Guelph,15.12,10.09,3.0,,0.0,0,False,2026-07-31,No Closure,08/07-MONT01,R,"14286 - G-4
14498 - RACK C","GCMI 90 BLACK AU
PMS 716C Orange
PMS 7732 C GREEN",08/07-MONT01,166.0,2026-08-21,
366633,5035499,5,2026-08-21,500,10,166,4,133,1,4800,1.0,0,,United Rotary 66x113 4 Colour,6000,3850.0,23100.0,6000.0,6300,18970,,,2026-08-13,0,23100.0,184425,2026-08-13,B,RDC - Rotary Die Cut,R,Flexo 3 Colour Printing,3,3,,2.0,3,1,0,31.02,35.1,0,607.0,"Upside IPA 355/473ml X 24 
2 Side Roll Over 24Pk
3 Col Flexo 
40B Oyster +WRA
1000/ Pallet",Wellington,,0,,,1.0,0,0,0,True,2,,Regular,False,2,0,B40 OY,OT,2026-07-31 12:15:57,,0,False,0,0,200 O/TBOy,Prospect Rotary,,1,64,0,12,0,N,"GCMI 90 BLACK AU (10%), PMS 716C Orange (10%), PMS 7732 C GREEN (70%)",Guelph,15.12,10.09,3.0,,0.0,0,False,2026-07-31,No Closure,08/07-MONT01,R,"14286 - G-4
14498 - RACK C","GCMI 90 BLACK AU
PMS 716C Orange
PMS 7732 C GREEN",08/07-MONT01,,,286.0
366631,5035499,4,2026-08-21,500,10,166,4,133,1,4800,1.0,0,,United Rotary 66x113 4 Colour,4000,3850.0,15400.0,4000.0,4200,18970,,,2026-08-13,0,15400.0,184426,2026-08-13,B,RDC - Rotary Die Cut,R,Flexo 3 Colour Printing,3,3,,2.0,3,1,0,31.02,35.1,0,582.0,"SPA 355/473ml X 24 
2 Side Roll Over 24Pk
3 Col Flexo 
40B Oyster +WRA
1000/ Pallet",Wellington,,0,,,1.0,0,0,0,True,2,,Regular,False,2,0,B40 OY,OT,2026-07-31 12:15:57,,0,False,0,0,200 O/TBOy,Prospect Rotary,,1,64,0,12,0,N,"GCMI 90 BLACK AU (10%), PMS 716C Orange (10%), PMS 7409C Yellow (70%)",Guelph,15.12,10.09,3.0,,0.0,0,False,2026-07-31,No Closure,No P.O.,R,"14286 - G-4
14499 - RACK C","GCMI 90 BLACK AU
PMS 716C Orange
PMS 7409C Yellow",No P.O.,,,495.0
366630,5035499,4,2026-08-20,500,1,234,0,0,0,0,1.0,0,,Corrugator,4000,3850.0,15400.0,4000.0,4200,18970,,,2026-08-13,0,15400.0,184426,2026-08-13,B,RDC - Rotary Die Cut,,Flexo 3 Colour Printing,3,3,,2.0,0,1,0,31.02,35.1,0,0.0,"SPA 355/473ml X 24 
2 Side Roll Over 24Pk
3 Col Flexo 
40B Oyster +WRA
1000/ Pallet",Wellington,,0,,,1.0,0,0,0,True,0,,Regular,False,234,0,B40 OY,OT,2026-07-31 12:15:57,,0,False,0,0,200 O/TBOy,,,1,64,0,12,0,N,"GCMI 90 BLACK AU (10%), PMS 716C Orange (10%), PMS 7409C Yellow (70%)",Guelph,15.12,10.09,3.0,,0.0,0,False,2026-07-31,No Closure,No P.O.,R,"14286 - G-4
14499 - RACK C","GCMI 90 BLACK AU
PMS 716C Orange
PMS 7409C Yellow",No P.O.,166.0,2026-08-21,
366628,5035499,3,2026-08-10,500,1,234,0,0,0,0,1.0,0,,Corrugator,1000,3850.0,3850.0,1000.0,1050,18970,,,2026-08-13,0,3850.0,184659,2026-08-13,B,RDC - Rotary Die Cut,,Flexo 3 Colour Printing,3,3,,2.0,0,1,0,31.02,35.1,0,0.0,"Imperial Stout 355/473ml X 24 
2 Side Roll Over 24Pk
3 Col Flexo 
40B Oyster +WRA
1000/ Pallet",Wellington,,0,,,1.0,0,0,0,True,0,,Regular,False,234,0,B40 OY,OT,2026-07-31 12:15:57,,0,False,0,0,200 O/TBOy,,,1,64,0,12,0,N,"GCMI 90 BLACK AU (10%), PMS 716C Orange (10%), PMS 1805C RED (40%)",Guelph,15.12,10.09,3.0,,0.0,0,False,2026-07-31,No Closure,No P.O.,R,"14286 - G-4
14513 - RACK C","GCMI 90 BLACK AU
PMS 716C Orange
PMS 1805C RED",No P.O.,166.0,2026-08-11,
366629,5035499,3,2026-08-11,500,10,166,4,133,1,4800,1.0,0,,United Rotary 66x113 4 Colour,1000,3850.0,3850.0,1000.0,1050,18970,,,2026-08-13,0,3850.0,184659,2026-08-13,B,RDC - Rotary Die Cut,R,Flexo 3 Colour Printing,3,3,,2.0,3,1,0,31.02,35.1,0,545.0,"Imperial Stout 355/473ml X 24 
2 Side Roll Over 24Pk
3 Col Flexo 
40B Oyster +WRA
1000/ Pallet",Wellington,,0,,,1.0,0,0,0,True,2,,Regular,False,2,0,B40 OY,OT,2026-07-31 12:15:57,,0,False,0,0,200 O/TBOy,Prospect Rotary,,1,64,0,12,0,N,"GCMI 90 BLACK AU (10%), PMS 716C Orange (10%), PMS 1805C RED (40%)",Guelph,15.12,10.09,3.0,,0.0,0,False,2026-07-31,No Closure,No P.O.,R,"14286 - G-4
14513 - RACK C","GCMI 90 BLACK AU
PMS 716C Orange
PMS 1805C RED",No P.O.,,,159.0
366634,5035499,6,2026-08-20,500,1,234,0,0,0,0,1.0,0,,Corrugator,1000,3850.0,3850.0,1000.0,1050,18970,,,2026-08-13,0,3850.0,184827,2026-08-13,B,RDC - Rotary Die Cut,,Flexo 1 Colour Print,1,3,,2.0,0,1,0,31.02,35.1,0,0.0,"Oyster 355/473ml X 24 
2 Side Roll Over 24Pk
Plain 40B Oyster +WRA
1000/ Pallet",Wellington,,0,,,1.0,0,0,0,True,0,,Regular,False,234,0,B40 OY,OT,2026-07-31 12:15:57,,0,False,0,0,200 O/TBOy,,,1,64,0,12,0,N,GCMI 90 BLACK AU (10%),Guelph,15.12,10.09,3.0,,0.0,0,False,2026-07-31,No Closure,No P.O.,R,"14286 - G-4
14770 - RACK D",GCMI 90 BLACK AU,No P.O.,166.0,2026-08-21,
366635,5035499,6,2026-08-21,500,10,166,4,133,1,4800,1.0,0,,United Rotary 66x113 4 Colour,1000,3850.0,3850.0,1000.0,1050,18970,,,2026-08-13,0,3850.0,184827,2026-08-13,B,RDC - Rotary Die Cut,R,Flexo 1 Colour Print,1,3,,2.0,3,1,0,31.02,35.1,0,545.0,"Oyster 355/473ml X 24 
2 Side Roll Over 24Pk
Plain 40B Oyster +WRA
1000/ Pallet",Wellington,,0,,,1.0,0,0,0,True,2,,Regular,False,2,0,B40 OY,OT,2026-07-31 12:15:57,,0,False,0,0,200 O/TBOy,Prospect Rotary,,1,64,0,12,0,N,GCMI 90 BLACK AU (10%),Guelph,15.12,10.09,3.0,,0.0,0,False,2026-07-31,No Closure,No P.O.,R,"14286 - G-4
14770 - RACK D",GCMI 90 BLACK AU,No P.O.,,,148.0
360138,5034219,2,2026-08-05,-600,10,255,1,0,1,0,1.0,0,,Image Four - Litho printing,3750,603.0,2261.25,3375.0,4125,18078,,,2026-08-07,0,2261.25,191536,2026-07-30,E,Flat Bed Die Cut,,Litho Label,0,3,,18.0,0,1,0,47.06,33.0,0,0.0,"Meat sleeve Beef
22-7/16 x 3
Flat Bed Die Cut, No Closure, 
Litho
 E32 Kraft 
M2600334-A",Butcher's Pup,,0,,,1.0,0,0,0,True,0,,Regular,False,0,0,E32 K,Late - Farmout,2026-07-09 14:07:37,,0,False,0,0,200 E,,,1,65,0,12,0,N,,Vaughan,3.0,22.07,0.0,,0.0,0,False,2026-07-09,No Closure,No P.O.,,14798 - STAX,,No P.O.,188.0,2026-08-05,
360139,5034219,2,2026-08-05,-600,20,188,1,0,1,0,1.0,0,,Stax Third Party Diecutting,3750,603.0,2261.25,3375.0,4125,18078,,,2026-08-07,0,2261.25,191536,2026-07-30,E,Flat Bed Die Cut,,Litho Label,0,3,,18.0,7,1,0,47.06,33.0,0,0.0,"Meat sleeve Beef
22-7/16 x 3
Flat Bed Die Cut, No Closure, 
Litho
 E32 Kraft 
M2600334-A",Butcher's Pup,,0,,,1.0,0,0,0,True,0,,Regular,False,0,0,E32 K,Late - Farmout,2026-07-09 14:07:37,,0,False,0,0,200 E,,,1,65,0,12,0,N,,Vaughan,3.0,22.07,0.0,,0.0,0,False,2026-07-09,No Closure,No P.O.,,14798 - STAX,,No P.O.,,,
360137,5034219,2,2026-08-05,-700,1,234,0,0,0,0,1.0,0,,Corrugator,3750,603.0,2261.25,3375.0,4125,18078,,,2026-08-07,0,2261.25,191536,2026-07-30,E,Flat Bed Die Cut,,Litho Label,0,3,,18.0,0,1,0,47.06,33.0,0,0.0,"Meat sleeve Beef
22-7/16 x 3
Flat Bed Die Cut, No Closure, 
Litho
 E32 Kraft 
M2600334-A",Butcher's Pup,,0,,,1.0,0,0,0,True,0,,Regular,False,234,0,E32 K,Late - Farmout,2026-07-09 14:07:37,,0,False,0,0,200 E,,,1,65,0,12,0,N,,Vaughan,3.0,22.07,0.0,,0.0,0,False,2026-07-09,No Closure,No P.O.,,14798 - STAX,,No P.O.,255.0,2026-08-05,
360140,5034219,3,2026-08-05,-700,1,234,0,0,0,0,1.0,0,,Corrugator,3750,603.0,2261.25,3375.0,4125,18078,,,2026-08-07,0,2261.25,191537,2026-07-30,E,Flat Bed Die Cut,,Litho Label,0,3,,18.0,0,1,0,47.06,33.0,0,0.0,"Meat sleeve Chicken
22-7/16 x 3
Flat Bed Die Cut, No Closure, 
Litho
 E32 Kraft 
M2600334-A",Butcher's Pup,,0,,,1.0,0,0,0,True,0,,Regular,False,234,0,E32 K,Late - Farmout,2026-07-09 14:07:37,,0,False,0,0,200 E,,,1,65,0,12,0,N,,Vaughan,3.0,22.07,0.0,,0.0,0,False,2026-07-09,No Closure,No P.O.,,14798 - STAX,,No P.O.,255.0,2026-08-05,
360141,5034219,3,2026-08-05,-600,10,255,1,0,1,0,1.0,0,,Image Four - Litho printing,3750,603.0,2261.25,3375.0,4125,18078,,,2026-08-07,0,2261.25,191537,2026-07-30,E,Flat Bed Die Cut,,Litho Label,0,3,,18.0,0,1,0,47.06,33.0,0,0.0,"Meat sleeve Chicken
22-7/16 x 3
Flat Bed Die Cut, No Closure, 
Litho
 E32 Kraft 
M2600334-A",Butcher's Pup,,0,,,1.0,0,0,0,True,0,,Regular,False,0,0,E32 K,Late - Farmout,2026-07-09 14:07:37,,0,False,0,0,200 E,,,1,65,0,12,0,N,,Vaughan,3.0,22.07,0.0,,0.0,0,False,2026-07-09,No Closure,No P.O.,,14798 - STAX,,No P.O.,188.0,2026-08-05,
360142,5034219,3,2026-08-05,-600,20,188,1,0,1,0,1.0,0,,Stax Third Party Diecutting,3750,603.0,2261.25,3375.0,4125,18078,,,2026-08-07,0,2261.25,191537,2026-07-30,E,Flat Bed Die Cut,,Litho Label,0,3,,18.0,7,1,0,47.06,33.0,0,0.0,"Meat sleeve Chicken
22-7/16 x 3
Flat Bed Die Cut, No Closure, 
Litho
 E32 Kraft 
M2600334-A",Butcher's Pup,,0,,,1.0,0,0,0,True,0,,Regular,False,0,0,E32 K,Late - Farmout,2026-07-09 14:07:37,,0,False,0,0,200 E,,,1,65,0,12,0,N,,Vaughan,3.0,22.07,0.0,,0.0,0,False,2026-07-09,No Closure,No P.O.,,14798 - STAX,,No P.O.,,,
360143,5034219,4,2026-08-05,-700,1,1,0,0,0,0,1.0,0,,"Slitter 90""",2250,603.0,1356.75,2025.0,2475,18078,,,2026-08-07,0,1356.75,191538,2026-07-30,E,Flat Bed Die Cut,Slitter,Litho Label,0,3,,18.0,8,1,0,47.06,33.0,0,0.0,"Meat sleeve Lamb
22-7/16 x 3
Flat Bed Die Cut, No Closure, 
Litho
 E32 Kraft 
M2600334-A",Butcher's Pup,,0,,,1.0,0,0,0,True,1,,Regular,False,14,0,E32 K,Late - Farmout,2026-07-09 14:07:37,,0,False,0,0,200 E,Slitter,,1,65,0,12,0,N,,Vaughan,3.0,22.07,0.0,,0.0,0,False,2026-07-09,No Closure,No P.O.,Slitter,14798 - STAX,,No P.O.,255.0,2026-08-05,
360144,5034219,4,2026-08-05,-600,10,255,1,0,1,0,1.0,0,,Image Four - Litho printing,2250,603.0,1356.75,2025.0,2475,18078,,,2026-08-07,0,1356.75,191538,2026-07-30,E,Flat Bed Die Cut,,Litho Label,0,3,,18.0,0,1,0,47.06,33.0,0,0.0,"Meat sleeve Lamb
22-7/16 x 3
Flat Bed Die Cut, No Closure, 
Litho
 E32 Kraft 
M2600334-A",Butcher's Pup,,0,,,1.0,0,0,0,True,0,,Regular,False,0,0,E32 K,Late - Farmout,2026-07-09 14:07:37,,0,False,0,0,200 E,,,1,65,0,12,0,N,,Vaughan,3.0,22.07,0.0,,0.0,0,False,2026-07-09,No Closure,No P.O.,Slitter,14798 - STAX,,No P.O.,188.0,2026-08-05,
360145,5034219,4,2026-08-05,-600,20,188,1,0,1,0,1.0,0,,Stax Third Party Diecutting,2250,603.0,1356.75,2025.0,2475,18078,,,2026-08-07,0,1356.75,191538,2026-07-30,E,Flat Bed Die Cut,,Litho Label,0,3,,18.0,7,1,0,47.06,33.0,0,0.0,"Meat sleeve Lamb
22-7/16 x 3
Flat Bed Die Cut, No Closure, 
Litho
 E32 Kraft 
M2600334-A",Butcher's Pup,,0,,,1.0,0,0,0,True,0,,Regular,False,0,0,E32 K,Late - Farmout,2026-07-09 14:07:37,,0,False,0,0,200 E,,,1,65,0,12,0,N,,Vaughan,3.0,22.07,0.0,,0.0,0,False,2026-07-09,No Closure,No P.O.,Slitter,14798 - STAX,,No P.O.,,,
360147,5034219,5,2026-08-05,-600,10,255,1,0,1,0,1.0,0,,Image Four - Litho printing,3750,603.0,2261.25,3375.0,4125,18078,,,2026-08-07,0,2261.25,191539,2026-07-30,E,Flat Bed Die Cut,,Litho Label,0,3,,18.0,0,1,0,47.06,33.0,0,0.0,"Meat sleeve Pork
22-7/16 x 3
Flat Bed Die Cut, No Closure, 
Litho
 E32 Kraft 
M2600334-A",Butcher's Pup,,0,,,1.0,0,0,0,True,0,,Regular,False,0,0,E32 K,Late - Farmout,2026-07-09 14:07:37,,0,False,0,0,200 E,,,1,65,0,12,0,N,,Vaughan,3.0,22.07,0.0,,0.0,0,False,2026-07-09,No Closure,No P.O.,,14798 - STAX,,No P.O.,188.0,2026-08-05,
360146,5034219,5,2026-08-05,-700,1,234,0,0,0,0,1.0,0,,Corrugator,3750,603.0,2261.25,3375.0,4125,18078,,,2026-08-07,0,2261.25,191539,2026-07-30,E,Flat Bed Die Cut,,Litho Label,0,3,,18.0,0,1,0,47.06,33.0,0,0.0,"Meat sleeve Pork
22-7/16 x 3
Flat Bed Die Cut, No Closure, 
Litho
 E32 Kraft 
M2600334-A",Butcher's Pup,,0,,,1.0,0,0,0,True,0,,Regular,False,234,0,E32 K,Late - Farmout,2026-07-09 14:07:37,,0,False,0,0,200 E,,,1,65,0,12,0,N,,Vaughan,3.0,22.07,0.0,,0.0,0,False,2026-07-09,No Closure,No P.O.,,14798 - STAX,,No P.O.,255.0,2026-08-05,
360148,5034219,5,2026-08-05,-600,20,188,1,0,1,0,1.0,0,,Stax Third Party Diecutting,3750,603.0,2261.25,3375.0,4125,18078,,,2026-08-07,0,2261.25,191539,2026-07-30,E,Flat Bed Die Cut,,Litho Label,0,3,,18.0,7,1,0,47.06,33.0,0,0.0,"Meat sleeve Pork
22-7/16 x 3
Flat Bed Die Cut, No Closure, 
Litho
 E32 Kraft 
M2600334-A",Butcher's Pup,,0,,,1.0,0,0,0,True,0,,Regular,False,0,0,E32 K,Late - Farmout,2026-07-09 14:07:37,,0,False,0,0,200 E,,,1,65,0,12,0,N,,Vaughan,3.0,22.07,0.0,,0.0,0,False,2026-07-09,No Closure,No P.O.,,14798 - STAX,,No P.O.,,,
359226,5034172,1,2026-09-21,500,1,234,0,0,0,0,1.0,0,,Corrugator,1150,6625.0,7618.75,1035.0,1265,11853,,,2026-09-23,0,7618.75,191879,2026-09-23,B,Pad,,Plain,0,3,,1.0,0,1,0,24.0,39.12,0,0.0,"24 x 39-3/4
Pad, Plain 23B Kraft
700/unit",Hendriks,,0,,,1.0,0,0,0,True,0,,Regular,False,234,0,B23 K,CRB,2026-07-03 12:51:12,,0,False,0,0,125 B,,,1,66,0,12,0,N,,Beamsville,24.0,39.12,0.0,,0.0,0,False,2026-07-03,No Closure,No P.O.,,,,No P.O.,208.0,2026-09-22,
359227,5034172,1,2026-09-22,500,10,208,1,0,1,0,1.0,0,,Finished Good,1150,6625.0,7618.75,1035.0,1265,11853,,,2026-09-23,0,7618.75,191879,2026-09-23,B,Pad,,Plain,0,3,,1.0,8,1,0,24.0,39.12,0,0.0,"24 x 39-3/4
Pad, Plain 23B Kraft
700/unit",Hendriks,,0,,,1.0,0,0,0,True,0,,Regular,False,0,0,B23 K,CRB,2026-07-03 12:51:12,,0,False,0,0,125 B,,,1,66,0,12,0,N,,Beamsville,24.0,39.12,0.0,,0.0,0,False,2026-07-03,No Closure,No P.O.,,,,No P.O.,,,
359657,5034203,1,2026-08-24,500,10,208,1,0,1,0,1.0,0,,Finished Good,6480,0.0,0.0,5832.0,7128,19523,,,2026-08-25,0,0.0,192938,2026-08-25,N/A,Not Applicable,,Not Applicable,0,3,,1.0,8,1,0,0.0,0.0,0,0.0,"Honeycomb Pad
34-5/8 x 4 x 3 - 1/2"" cell 
With PSA applied
180 /pallet",Precision,,0,,,1.0,0,0,0,False,0,,Regular,False,0,0,Not Applicable,CRB,2026-07-08 14:04:12,,0,False,0,0,,,,0,74,0,12,0,,,MISSISSAUGA,34.1,4.0,3.0,,0.0,0,False,2026-07-08,Not Applicable,08/20-AXXO01,,,,08/20-AXXO01,,,
366831,5035503,1,2026-08-19,500,1,234,0,0,0,0,1.0,0,,Corrugator,729,10254.0,7475.166,729.0,729,10019,,,2026-08-24,0,7475.166,192945,2026-08-24,B,Flat Bed Die Cut,,Nozomi Digital 1 Side Print,1,3,,1.0,0,1,0,31.04,47.04,0,0.0,"Every Man Jack - 260507
22-1/2 x 8-3/8 x 7-1/4
Flat Bed Die Cut, No Closure, 
Nozomi Digital 1 Si",Turn-Key,,0,,,1.0,0,0,0,True,0,,Regular,False,234,0,B32 Coated White 1S,OT,2026-08-04 14:50:45,,0,False,0,0,,,,1,65,0,12,0,N,"Dig Ink Med Intensity (100%), Coated Digital (0%)",MISSISSAUGA,22.08,8.06,7.04,,0.0,0,False,2026-08-04,No Closure,No P.O.,N,14019 - STAX,"Dig Ink Med Intensity
Coated Digital",No P.O.,189.0,2026-08-20,
366832,5035503,1,2026-08-20,500,10,189,1,10,1,2295,1.0,0,,Nozomi Digital Printer,729,10254.0,7475.166,729.0,729,10019,,,2026-08-24,0,7475.166,192945,2026-08-24,B,Flat Bed Die Cut,N,Nozomi Digital 1 Side Print,1,3,,1.0,3,1,0,31.04,47.04,0,29.0,"Every Man Jack - 260507
22-1/2 x 8-3/8 x 7-1/4
Flat Bed Die Cut, No Closure, 
Nozomi Digital 1 Si",Turn-Key,,0,,,1.0,0,0,0,True,1,,Regular,False,1,0,B32 Coated White 1S,OT,2026-08-04 14:50:45,,0,False,0,0,,NAZ,,1,65,0,12,0,N,"Dig Ink Med Intensity (100%), Coated Digital (0%)",MISSISSAUGA,22.08,8.06,7.04,,0.0,0,False,2026-08-04,No Closure,No P.O.,N,14019 - STAX,"Dig Ink Med Intensity
Coated Digital",No P.O.,168.0,2026-08-21,29.0
366833,5035503,1,2026-08-21,500,20,168,1,0,1,0,1.0,0,,Farm Out,729,10254.0,7475.166,729.0,729,10019,,,2026-08-24,0,7475.166,192945,2026-08-24,B,Flat Bed Die Cut,,Nozomi Digital 1 Side Print,1,3,,1.0,7,1,0,31.04,47.04,0,0.0,"Every Man Jack - 260507
22-1/2 x 8-3/8 x 7-1/4
Flat Bed Die Cut, No Closure, 
Nozomi Digital 1 Si",Turn-Key,,0,,,1.0,0,0,0,True,0,,Regular,False,4,0,B32 Coated White 1S,OT,2026-08-04 14:50:45,,0,False,0,0,,Farm Out,,1,65,0,12,0,N,"Dig Ink Med Intensity (100%), Coated Digital (0%)",MISSISSAUGA,22.08,8.06,7.04,,0.0,0,False,2026-08-04,No Closure,No P.O.,N,14019 - STAX,"Dig Ink Med Intensity
Coated Digital",No P.O.,238.0,2026-08-21,
366834,5035503,1,2026-08-21,500,30,238,1,0,1,0,1.0,0,,Pack & Protect A-2,729,10254.0,7475.166,729.0,729,10019,,,2026-08-24,0,7475.166,192945,2026-08-24,B,Flat Bed Die Cut,,Nozomi Digital 1 Side Print,1,3,,1.0,5,1,0,31.04,47.04,0,0.0,"Every Man Jack - 260507
22-1/2 x 8-3/8 x 7-1/4
Flat Bed Die Cut, No Closure, 
Nozomi Digital 1 Si",Turn-Key,,0,,,1.0,0,0,0,True,0,,Regular,False,6,0,B32 Coated White 1S,OT,2026-08-04 14:50:45,,0,False,0,0,,,,1,65,0,12,0,N,"Dig Ink Med Intensity (100%), Coated Digital (0%)",MISSISSAUGA,22.08,8.06,7.04,,0.0,0,False,2026-08-04,No Closure,No P.O.,N,14019 - STAX,"Dig Ink Med Intensity
Coated Digital",No P.O.,,,
366836,5035503,2,2026-08-19,500,10,189,1,10,1,6747,1.0,0,,Nozomi Digital Printer,729,4467.0,3256.443,729.0,729,10019,,,2026-08-24,0,3256.443,192946,2026-08-24,E,Flat Bed Die Cut,N,Nozomi Digital 1 Side Print,1,3,,2.0,3,1,0,40.02,32.01,0,16.0,"Every Man Jack 260508 
5-3/8 x 8-1/4 x 7-1/16
Flat Bed Die Cut, No Closure, 
Nozomi Digital 1 Sid",Turn-Key,,0,,,1.0,0,0,0,True,1,,Regular,False,1,0,E32 Coated White 1S,OT,2026-08-04 14:50:45,,0,False,0,0,,NAZ,,1,65,0,12,0,N,"Dig Ink Med Intensity (100%), Coated Digital (0%)",MISSISSAUGA,30.01,18.01,0.0,,0.0,0,False,2026-08-04,No Closure,No P.O.,"N,Slitter",14020 - STAX,"Dig Ink Med Intensity
Coated Digital",No P.O.,1.0,2026-08-20,16.0
366837,5035503,2,2026-08-20,500,12,1,1,15,1,1500,1.0,0,,"Slitter 90""",729,4467.0,3256.443,729.0,729,10019,,,2026-08-24,0,3256.443,192946,2026-08-24,E,Flat Bed Die Cut,Slitter,Nozomi Digital 1 Side Print,1,3,,2.0,8,1,0,40.02,32.01,0,44.0,"Every Man Jack 260508 
5-3/8 x 8-1/4 x 7-1/16
Flat Bed Die Cut, No Closure, 
Nozomi Digital 1 Sid",Turn-Key,,0,,,1.0,0,0,0,True,1,,Regular,False,14,0,E32 Coated White 1S,OT,2026-08-04 14:50:45,,0,False,0,0,,Slitter,,1,65,0,12,0,N,"Dig Ink Med Intensity (100%), Coated Digital (0%)",MISSISSAUGA,30.01,18.01,0.0,,0.0,0,False,2026-08-04,No Closure,No P.O.,"N,Slitter",14020 - STAX,"Dig Ink Med Intensity
Coated Digital",No P.O.,168.0,2026-08-21,44.0
366838,5035503,2,2026-08-21,500,20,168,1,0,1,0,1.0,0,,Farm Out,729,4467.0,3256.443,729.0,729,10019,,,2026-08-24,0,3256.443,192946,2026-08-24,E,Flat Bed Die Cut,,Nozomi Digital 1 Side Print,1,3,,2.0,7,1,0,40.02,32.01,0,0.0,"Every Man Jack 260508 
5-3/8 x 8-1/4 x 7-1/16
Flat Bed Die Cut, No Closure, 
Nozomi Digital 1 Sid",Turn-Key,,0,,,1.0,0,0,0,True,0,,Regular,False,4,0,E32 Coated White 1S,OT,2026-08-04 14:50:45,,0,False,0,0,,Farm Out,,1,65,0,12,0,N,"Dig Ink Med Intensity (100%), Coated Digital (0%)",MISSISSAUGA,30.01,18.01,0.0,,0.0,0,False,2026-08-04,No Closure,No P.O.,"N,Slitter",14020 - STAX,"Dig Ink Med Intensity
Coated Digital",No P.O.,238.0,2026-08-21,
366839,5035503,2,2026-08-21,500,30,238,1,0,1,0,1.0,0,,Pack & Protect A-2,729,4467.0,3256.443,729.0,729,10019,,,2026-08-24,0,3256.443,192946,2026-08-24,E,Flat Bed Die Cut,,Nozomi Digital 1 Side Print,1,3,,2.0,5,1,0,40.02,32.01,0,0.0,"Every Man Jack 260508 
5-3/8 x 8-1/4 x 7-1/16
Flat Bed Die Cut, No Closure, 
Nozomi Digital 1 Sid",Turn-Key,,0,,,1.0,0,0,0,True,0,,Regular,False,6,0,E32 Coated White 1S,OT,2026-08-04 14:50:45,,0,False,0,0,,,,1,65,0,12,0,N,"Dig Ink Med Intensity (100%), Coated Digital (0%)",MISSISSAUGA,30.01,18.01,0.0,,0.0,0,False,2026-08-04,No Closure,No P.O.,"N,Slitter",14020 - STAX,"Dig Ink Med Intensity
Coated Digital",No P.O.,,,
366835,5035503,2,2026-08-18,500,1,234,0,0,0,0,1.0,0,,Corrugator,729,4467.0,3256.443,729.0,729,10019,,,2026-08-24,0,3256.443,192946,2026-08-24,E,Flat Bed Die Cut,,Nozomi Digital 1 Side Print,1,3,,2.0,0,1,0,40.02,32.01,0,0.0,"Every Man Jack 260508 
5-3/8 x 8-1/4 x 7-1/16
Flat Bed Die Cut, No Closure, 
Nozomi Digital 1 Sid",Turn-Key,,0,,,1.0,0,0,0,True,0,,Regular,False,234,0,E32 Coated White 1S,OT,2026-08-04 14:50:45,,0,False,0,0,,,,1,65,0,12,0,N,"Dig Ink Med Intensity (100%), Coated Digital (0%)",MISSISSAUGA,30.01,18.01,0.0,,0.0,0,False,2026-08-04,No Closure,No P.O.,"N,Slitter",14020 - STAX,"Dig Ink Med Intensity
Coated Digital",No P.O.,189.0,2026-08-19,
365162,5035428,2,2026-08-07,500,10,208,1,0,1,0,1.0,0,,Finished Good,300,0.0,0.0,270.0,330,11195,,,2026-08-10,0,0.0,192984,2026-08-10,N/A,Not Applicable,,Not Applicable,0,3,,1.0,8,1,0,0.0,0.0,0,0.0,"White Handle 
IDL -SKU # 6.5H-MD-W",Swiss,,0,,,1.0,0,0,0,False,0,,Regular,False,0,0,Not Applicable,OT,2026-07-24 15:10:04,,0,False,0,0,,,,0,1,0,12,0,,,Brampton,0.0,0.0,0.0,,0.0,0,False,2026-07-24,Not Applicable,07/29-INST01,,,,07/29-INST01,,,
366458,5035484,1,2026-08-07,500,10,168,1,0,1,0,1.0,0,,Farm Out,3000,0.0,0.0,2700.0,3300,16165,,,2026-08-10,0,0.0,193206,2026-08-10,N/A,Flat Bed Die Cut,,Not Applicable,0,3,,1.0,7,1,0,0.0,0.0,0,0.0,"Legacy Carton - Mailer
4-5/8 x 4-3/8 x 1-1/8
24.00 pt C2S Cover
Print Two Sides + Gloss AQ Two Si",JTR,,0,,,1.0,0,0,0,True,0,,Regular,False,4,0,Not Applicable,OT,2026-07-30 12:26:37,,0,False,0,0,,Farm Out,,1,77,0,12,0,,,Vernon,4.1,4.06,1.02,,0.0,0,False,2026-07-30,Not Applicable,08/05-PBII01,,13019 -,,08/05-PBII01,,,
364424,5035384,1,2026-08-05,0,1,234,0,0,0,0,1.0,0,,Corrugator,4320,16097.0,69539.04,3888.0,4752,19463,,,2026-07-30,0,69539.04,194620,2026-07-30,C,Sheet,,Not Applicable,0,3,,1.0,0,1,0,55.07,41.13,0,0.0,"55-7/16 x 41-13/16
Sheet C Flute 44 ECT Kraft
NO SCORES
Bales must be a max of 48"" High",Mid-North,,0,,,1.0,0,0,0,True,0,,Regular,False,234,0,C44 K,OT,2026-07-23 07:47:33,,0,False,0,0,275 C,,,1,66,0,12,0,,,New Liskeard,55.07,41.13,0.0,,0.0,0,False,2026-07-23,Not Applicable,07/28-MONT01,,,,07/28-MONT01,208.0,2026-08-05,
364425,5035384,1,2026-08-05,100,10,208,1,0,1,0,1.0,0,,Finished Good,4320,16097.0,69539.04,3888.0,4752,19463,,,2026-07-30,0,69539.04,194620,2026-07-30,C,Sheet,,Not Applicable,0,3,,1.0,8,1,0,55.07,41.13,0,0.0,"55-7/16 x 41-13/16
Sheet C Flute 44 ECT Kraft
NO SCORES
Bales must be a max of 48"" High",Mid-North,,0,,,1.0,0,0,0,True,0,,Regular,False,0,0,C44 K,OT,2026-07-23 07:47:33,,0,False,0,0,275 C,,,1,66,0,12,0,,,New Liskeard,55.07,41.13,0.0,,0.0,0,False,2026-07-23,Not Applicable,07/28-MONT01,,,,07/28-MONT01,,,
364428,5035385,1,2026-08-05,0,1,234,0,0,0,0,1.0,0,,Corrugator,2400,16309.0,39141.6,2160.0,2640,19463,,,2026-07-30,0,39141.6,194621,2026-07-30,C,Sheet,,Not Applicable,0,3,,1.0,0,1,0,46.09,50.07,0,0.0,"46-9/16 x 50-7/16
Sheet C Flute 44 ECT Oyster 1 Side
Scored at 12 x 22-9/16 x 12

Bales must be",Mid-North,,0,,,1.0,0,0,0,True,0,,Regular,False,234,0,C44 OY,OT,2026-07-23 08:31:34,,0,False,0,0,275COYS,,,1,66,0,12,0,,,New Liskeard,46.09,50.07,0.0,,0.0,0,False,2026-07-23,Not Applicable,07/28-MONT01,,,,07/28-MONT01,208.0,2026-08-05,
364429,5035385,1,2026-08-05,100,10,208,1,0,1,0,1.0,0,,Finished Good,2400,16309.0,39141.6,2160.0,2640,19463,,,2026-07-30,0,39141.6,194621,2026-07-30,C,Sheet,,Not Applicable,0,3,,1.0,8,1,0,46.09,50.07,0,0.0,"46-9/16 x 50-7/16
Sheet C Flute 44 ECT Oyster 1 Side
Scored at 12 x 22-9/16 x 12

Bales must be",Mid-North,,0,,,1.0,0,0,0,True,0,,Regular,False,0,0,C44 OY,OT,2026-07-23 08:31:34,,0,False,0,0,275COYS,,,1,66,0,12,0,,,New Liskeard,46.09,50.07,0.0,,0.0,0,False,2026-07-23,Not Applicable,07/28-MONT01,,,,07/28-MONT01,,,
364465,5035391,1,2026-08-05,100,1,234,0,0,0,0,1.0,0,,Corrugator,500,38956.0,19478.0,450.0,550,19463,,,2026-07-30,0,19478.0,194628,2026-07-30,C,Sheet,,Not Applicable,0,3,,1.0,0,1,0,82.14,67.11,0,0.0,"82-7/8 x 67-11/16
Sheet C Flute 29 ECT Kraft
Scored at 25-13/16 x 31-1/4 x 25-13/16

Bales must",Mid-North,,0,,,1.0,0,0,0,True,0,,Regular,False,234,0,C29 K,OT,2026-07-23 12:05:56,,0,False,0,0,175 C,,,1,66,0,12,0,,,New Liskeard,82.14,67.11,0.0,,0.0,0,False,2026-07-23,Not Applicable,07/28-MONT01,,,,07/28-MONT01,208.0,2026-08-05,
364466,5035391,1,2026-08-05,200,10,208,1,0,1,0,1.0,0,,Finished Good,500,38956.0,19478.0,450.0,550,19463,,,2026-07-30,0,19478.0,194628,2026-07-30,C,Sheet,,Not Applicable,0,3,,1.0,8,1,0,82.14,67.11,0,0.0,"82-7/8 x 67-11/16
Sheet C Flute 29 ECT Kraft
Scored at 25-13/16 x 31-1/4 x 25-13/16

Bales must",Mid-North,,0,,,1.0,0,0,0,True,0,,Regular,False,0,0,C29 K,OT,2026-07-23 12:05:56,,0,False,0,0,175 C,,,1,66,0,12,0,,,New Liskeard,82.14,67.11,0.0,,0.0,0,False,2026-07-23,Not Applicable,07/28-MONT01,,,,07/28-MONT01,,,
364469,5035392,1,2026-08-05,100,1,234,0,0,0,0,1.0,0,,Corrugator,1000,43452.0,43452.0,900.0,1100,19463,,,2026-07-30,0,43452.0,194629,2026-07-30,C,Sheet,,Not Applicable,0,3,,1.0,0,1,0,65.09,95.07,0,0.0,"65-9/16 x 95-7/16
Sheet C Flute 29 ECT Kraft
Scored at 17-1/2 x 30-9/16 x 17-1/2

Bales must be",Mid-North,,0,,,1.0,0,0,0,True,0,,Regular,False,234,0,C29 K,OT,2026-07-23 12:09:12,,0,False,0,0,175 C,,,1,66,0,12,0,,,New Liskeard,65.09,95.07,0.0,,0.0,0,False,2026-07-23,Not Applicable,07/28-MONT01,,,,07/28-MONT01,208.0,2026-08-05,
364470,5035392,1,2026-08-05,200,10,208,1,0,1,0,1.0,0,,Finished Good,1000,43452.0,43452.0,900.0,1100,19463,,,2026-07-30,0,43452.0,194629,2026-07-30,C,Sheet,,Not Applicable,0,3,,1.0,8,1,0,65.09,95.07,0,0.0,"65-9/16 x 95-7/16
Sheet C Flute 29 ECT Kraft
Scored at 17-1/2 x 30-9/16 x 17-1/2

Bales must be",Mid-North,,0,,,1.0,0,0,0,True,0,,Regular,False,0,0,C29 K,OT,2026-07-23 12:09:12,,0,False,0,0,175 C,,,1,66,0,12,0,,,New Liskeard,65.09,95.07,0.0,,0.0,0,False,2026-07-23,Not Applicable,07/28-MONT01,,,,07/28-MONT01,,,
364580,5035405,1,2026-08-05,100,1,234,0,0,0,0,1.0,0,,Corrugator,500,16000.0,8000.0,450.0,550,19463,,,2026-08-04,0,8000.0,194643,2026-08-04,C,Sheet,,Not Applicable,0,3,,1.0,0,1,0,48.0,48.0,0,0.0,"48 x 48
Sheet C Flute 29 ECT Kraft
NO SCORES
Bales must be a max of 48"" High",Mid-North,,0,,,1.0,0,0,0,True,0,,Regular,False,234,0,C29 K,OT,2026-07-24 06:47:56,,0,False,0,0,175 C,,,1,66,0,12,0,,,New Liskeard,48.0,48.0,0.0,,0.0,0,False,2026-07-24,Not Applicable,07/29-MONT01,,,,07/29-MONT01,208.0,2026-08-05,
364581,5035405,1,2026-08-05,200,10,208,1,0,1,0,1.0,0,,Finished Good,500,16000.0,8000.0,450.0,550,19463,,,2026-08-04,0,8000.0,194643,2026-08-04,C,Sheet,,Not Applicable,0,3,,1.0,8,1,0,48.0,48.0,0,0.0,"48 x 48
Sheet C Flute 29 ECT Kraft
NO SCORES
Bales must be a max of 48"" High",Mid-North,,0,,,1.0,0,0,0,True,0,,Regular,False,0,0,C29 K,OT,2026-07-24 06:47:56,,0,False,0,0,175 C,,,1,66,0,12,0,,,New Liskeard,48.0,48.0,0.0,,0.0,0,False,2026-07-24,Not Applicable,07/29-MONT01,,,,07/29-MONT01,,,
364624,5035409,1,2026-08-05,200,10,208,1,0,1,0,1.0,0,,Finished Good,200,39868.0,7973.6,180.0,220,19463,,,2026-08-04,0,13315.912,194644,2026-08-04,DW,Sheet,,Not Applicable,0,3,,1.0,8,1,0,58.01,98.14,0,0.0,"58-1/16 x 98-7/8
Sheet BC Flute 48 ECT Kraft
Scored at 12-3/16 x 33-11/16 x 12-3/16

Bales must",Mid-North,,0,,,1.0,0,0,0,True,0,,Regular,False,0,0,BC48 K,OT,2026-07-24 07:39:32,,0,False,0,0,275 BC,,,1,66,0,12,0,,,New Liskeard,58.01,98.14,0.0,,0.0,0,False,2026-07-24,Not Applicable,07/29-MONT01,,,,07/29-MONT01,,,
364623,5035409,1,2026-08-05,100,1,234,0,0,0,0,1.0,0,,Corrugator,200,39868.0,7973.6,180.0,220,19463,,,2026-08-04,0,13315.912,194644,2026-08-04,DW,Sheet,,Not Applicable,0,3,,1.0,0,1,0,58.01,98.14,0,0.0,"58-1/16 x 98-7/8
Sheet BC Flute 48 ECT Kraft
Scored at 12-3/16 x 33-11/16 x 12-3/16

Bales must",Mid-North,,0,,,1.0,0,0,0,True,0,,Regular,False,234,0,BC48 K,OT,2026-07-24 07:39:32,,0,False,0,0,275 BC,,,1,66,0,12,0,,,New Liskeard,58.01,98.14,0.0,,0.0,0,False,2026-07-24,Not Applicable,07/29-MONT01,,,,07/29-MONT01,208.0,2026-08-05,
364830,5035424,1,2026-08-05,200,1,234,0,0,0,0,1.0,0,,Corrugator,200,19604.0,3920.8,180.0,220,19463,,,2026-08-04,0,6547.736,194645,2026-08-04,DW,Sheet,,Not Applicable,0,3,,1.0,0,1,0,41.04,68.07,0,0.0,"41-1/4 x 68-7/16
Sheet BC Flute 48 ECT Kraft
Scored at 8-5/16 x 12-5/16 x 8-5/16

Bales must be",Mid-North,,0,,,1.0,0,0,0,True,0,,Regular,False,234,0,BC48 K,OT,2026-07-24 14:34:51,,0,False,0,0,275 BC,,,1,66,0,12,0,,,New Liskeard,41.04,68.07,0.0,,0.0,0,False,2026-07-24,Not Applicable,07/29-MONT01,,,,07/29-MONT01,208.0,2026-08-05,
364831,5035424,1,2026-08-05,400,10,208,1,0,1,0,1.0,0,,Finished Good,200,19604.0,3920.8,180.0,220,19463,,,2026-08-04,0,6547.736,194645,2026-08-04,DW,Sheet,,Not Applicable,0,3,,1.0,8,1,0,41.04,68.07,0,0.0,"41-1/4 x 68-7/16
Sheet BC Flute 48 ECT Kraft
Scored at 8-5/16 x 12-5/16 x 8-5/16

Bales must be",Mid-North,,0,,,1.0,0,0,0,True,0,,Regular,False,0,0,BC48 K,OT,2026-07-24 14:34:51,,0,False,0,0,275 BC,,,1,66,0,12,0,,,New Liskeard,41.04,68.07,0.0,,0.0,0,False,2026-07-24,Not Applicable,07/29-MONT01,,,,07/29-MONT01,,,
364834,5035425,1,2026-08-05,200,1,234,0,0,0,0,1.0,0,,Corrugator,200,16320.0,3264.0,180.0,220,19463,,,2026-08-04,0,5450.88,194647,2026-08-04,DW,Sheet,,Not Applicable,0,3,,1.0,0,1,0,39.04,59.14,0,0.0,"39-1/4 x 59-7/8
Sheet BC Flute 42 ECT Kraft
Scored at 7-5/16 x 12 x 12-5/8 x 7-5/16

Bales must",Mid-North,,0,,,1.0,0,0,0,True,0,,Regular,False,234,0,BC42 K,OT,2026-07-24 14:37:14,,0,False,0,0,200 BC,,,1,66,0,12,0,,,New Liskeard,39.04,59.14,0.0,,0.0,0,False,2026-07-24,Not Applicable,07/29-MONT01,,,,07/29-MONT01,208.0,2026-08-05,
364835,5035425,1,2026-08-05,400,10,208,1,0,1,0,1.0,0,,Finished Good,200,16320.0,3264.0,180.0,220,19463,,,2026-08-04,0,5450.88,194647,2026-08-04,DW,Sheet,,Not Applicable,0,3,,1.0,8,1,0,39.04,59.14,0,0.0,"39-1/4 x 59-7/8
Sheet BC Flute 42 ECT Kraft
Scored at 7-5/16 x 12 x 12-5/8 x 7-5/16

Bales must",Mid-North,,0,,,1.0,0,0,0,True,0,,Regular,False,0,0,BC42 K,OT,2026-07-24 14:37:14,,0,False,0,0,200 BC,,,1,66,0,12,0,,,New Liskeard,39.04,59.14,0.0,,0.0,0,False,2026-07-24,Not Applicable,07/29-MONT01,,,,07/29-MONT01,,,
364992,5035427,1,2026-08-05,200,1,234,0,0,0,0,1.0,0,,Corrugator,250,36667.0,9166.75,225.0,275,19346,,,2026-08-06,0,9166.75,194689,2026-08-06,C,Sheet,,Plain,0,3,,1.0,0,1,0,48.0,110.0,0,0.0,"48 x 110
Sheet, Plain 
C Flute 23 ECT Kraft",Panelim,,0,,,1.0,0,0,0,True,0,,Regular,False,234,0,C23 K,OT,2026-07-24 14:59:16,,0,False,0,0,125 C,,,1,66,0,12,0,N,,Concord,48.0,110.0,0.0,,0.0,0,False,2026-07-24,No Closure,07/31-MONT01,,,,07/31-MONT01,208.0,2026-08-05,
364991,5035427,1,2026-08-05,400,10,208,1,0,1,0,1.0,0,,Finished Good,250,36667.0,9166.75,225.0,275,19346,,,2026-08-06,0,9166.75,194689,2026-08-06,C,Sheet,,Plain,0,3,,1.0,8,1,0,48.0,110.0,0,0.0,"48 x 110
Sheet, Plain 
C Flute 23 ECT Kraft",Panelim,,0,,,1.0,0,0,0,True,0,,Regular,False,0,0,C23 K,OT,2026-07-24 14:59:16,,0,False,0,0,125 C,,,1,66,0,12,0,N,,Concord,48.0,110.0,0.0,,0.0,0,False,2026-07-24,No Closure,07/31-MONT01,,,,07/31-MONT01,,,
366048,5035467,1,2026-08-06,500,10,208,1,0,1,0,1.0,0,,Finished Good,500,60000.0,30000.0,450.0,550,19504,,,2026-08-07,0,30000.0,194696,2026-08-07,C,Sheet,,Plain,0,3,,1.0,8,1,0,60.0,144.0,0,0.0,"60 x 144 Sheet, 
32C Flute Kraft
300/unit",Foamcore,,0,,,1.0,0,0,0,True,0,,Regular,False,0,0,C32 K,OT,2026-07-29 12:06:42,,0,False,0,0,200 C,,,1,66,0,12,0,N,,NIAGARA FALLS,60.0,144.0,0.0,,0.0,0,False,2026-07-29,No Closure,07/30-MONT01,,,,07/30-MONT01,,,
366435,5035474,1,2026-08-10,500,1,234,0,0,0,0,1.0,0,,Corrugator,1200,3850.0,4620.0,1200.0,1320,13756,,,2026-08-14,0,4620.0,194711,2026-08-14,B,RDC - Rotary Die Cut,,Nozomi Digital 1 Side Print,1,3,,2.0,0,1,0,31.02,35.1,0,0.0,"Sleeping Giant 355/473ml X 24 RollOver Tray
2 Side Roll Over 24Pk
DIGITAL 40B OYSTER +WRA
1000/ P",Lake,,0,,,1.0,0,0,0,True,0,,Regular,False,234,0,B40 OY,OT,2026-07-29 16:04:58,,0,False,0,0,200 O/TBOy,,,1,65,0,12,0,N,Dig Ink Med Intensity (100%),BRACEBRIDGE,16.06,28.12,0.0,,0.0,0,False,2026-07-29,No Closure,07/31-MONT01,"N,R",14286 - G-4,Dig Ink Med Intensity,07/31-MONT01,189.0,2026-08-11,
366436,5035474,1,2026-08-11,500,10,189,2,10,1,24615,1.0,0,,Nozomi Digital Printer,1200,3850.0,4620.0,1200.0,1320,13756,,,2026-08-14,0,4620.0,194711,2026-08-14,B,RDC - Rotary Die Cut,N,Nozomi Digital 1 Side Print,1,3,,2.0,3,1,0,31.02,35.1,0,23.0,"Sleeping Giant 355/473ml X 24 RollOver Tray
2 Side Roll Over 24Pk
DIGITAL 40B OYSTER +WRA
1000/ P",Lake,,0,,,1.0,0,0,0,True,1,,Regular,False,1,0,B40 OY,OT,2026-07-29 16:04:58,,0,False,0,0,200 O/TBOy,NAZ,,1,65,0,12,0,N,Dig Ink Med Intensity (100%),BRACEBRIDGE,16.06,28.12,0.0,,0.0,0,False,2026-07-29,No Closure,07/31-MONT01,"N,R",14286 - G-4,Dig Ink Med Intensity,07/31-MONT01,166.0,2026-08-12,12.0
366437,5035474,1,2026-08-12,500,20,166,1,33,1,4800,1.0,0,,United Rotary 66x113 4 Colour,1200,3850.0,4620.0,1200.0,1320,13756,,,2026-08-14,0,4620.0,194711,2026-08-14,B,RDC - Rotary Die Cut,R,Nozomi Digital 1 Side Print,1,3,,2.0,3,1,0,31.02,35.1,0,48.0,"Sleeping Giant 355/473ml X 24 RollOver Tray
2 Side Roll Over 24Pk
DIGITAL 40B OYSTER +WRA
1000/ P",Lake,,0,,,1.0,0,0,0,True,2,,Regular,False,2,0,B40 OY,OT,2026-07-29 16:04:58,,0,False,0,0,200 O/TBOy,Prospect Rotary,,1,65,0,12,0,N,Dig Ink Med Intensity (100%),BRACEBRIDGE,16.06,28.12,0.0,,0.0,0,False,2026-07-29,No Closure,07/31-MONT01,"N,R",14286 - G-4,Dig Ink Med Intensity,07/31-MONT01,238.0,2026-08-13,48.0
366438,5035474,1,2026-08-13,500,30,238,1,0,1,0,1.0,0,,Pack & Protect A-2,1200,3850.0,4620.0,1200.0,1320,13756,,,2026-08-14,0,4620.0,194711,2026-08-14,B,RDC - Rotary Die Cut,,Nozomi Digital 1 Side Print,1,3,,2.0,5,1,0,31.02,35.1,0,0.0,"Sleeping Giant 355/473ml X 24 RollOver Tray
2 Side Roll Over 24Pk
DIGITAL 40B OYSTER +WRA
1000/ P",Lake,,0,,,1.0,0,0,0,True,0,,Regular,False,6,0,B40 OY,OT,2026-07-29 16:04:58,,0,False,0,0,200 O/TBOy,,,1,65,0,12,0,N,Dig Ink Med Intensity (100%),BRACEBRIDGE,16.06,28.12,0.0,,0.0,0,False,2026-07-29,No Closure,07/31-MONT01,"N,R",14286 - G-4,Dig Ink Med Intensity,07/31-MONT01,,,
366084,5035470,1,2026-08-06,500,1,234,0,0,0,0,1.0,0,,Corrugator,2000,5014.0,10028.0,1800.0,2200,19463,,,2026-08-06,0,10028.0,194777,2026-08-06,C,Sheet,,Not Applicable,0,3,,1.0,0,1,0,19.0,38.0,0,0.0,"19 x 38
Sheet C Flute 29 ECT Kraft
NO SCORES
Bales must be a max of 48"" High",Mid-North,,0,,,1.0,0,0,0,True,0,,Regular,False,234,0,C29 K,OT,2026-07-29 15:53:42,,0,False,0,0,175 C,,,1,66,0,12,0,,,New Liskeard,19.0,38.0,0.0,,0.0,0,False,2026-07-29,Not Applicable,08/04-MONT01,,,,08/04-MONT01,208.0,2026-08-07,
366085,5035470,1,2026-08-07,500,10,208,1,0,1,0,1.0,0,,Finished Good,2000,5014.0,10028.0,1800.0,2200,19463,,,2026-08-06,0,10028.0,194777,2026-08-06,C,Sheet,,Not Applicable,0,3,,1.0,8,1,0,19.0,38.0,0,0.0,"19 x 38
Sheet C Flute 29 ECT Kraft
NO SCORES
Bales must be a max of 48"" High",Mid-North,,0,,,1.0,0,0,0,True,0,,Regular,False,0,0,C29 K,OT,2026-07-29 15:53:42,,0,False,0,0,175 C,,,1,66,0,12,0,,,New Liskeard,19.0,38.0,0.0,,0.0,0,False,2026-07-29,Not Applicable,08/04-MONT01,,,,08/04-MONT01,,,
366080,5035469,1,2026-08-06,500,1,234,0,0,0,0,1.0,0,,Corrugator,2000,4000.0,8000.0,1800.0,2200,19463,,,2026-08-06,0,8000.0,194778,2026-08-06,C,Sheet,,Not Applicable,0,3,,1.0,0,1,0,24.0,24.0,0,0.0,"24 x 24
Sheet C Flute 29 ECT Kraft
NO SCORES
Bales must be a max of 48"" High",Mid-North,,0,,,1.0,0,0,0,True,0,,Regular,False,234,0,C29 K,OT,2026-07-29 15:50:39,,0,False,0,0,175 C,,,1,66,0,12,0,,,New Liskeard,24.0,24.0,0.0,,0.0,0,False,2026-07-29,Not Applicable,08/04-MONT01,,,,08/04-MONT01,208.0,2026-08-07,
366081,5035469,1,2026-08-07,500,10,208,1,0,1,0,1.0,0,,Finished Good,2000,4000.0,8000.0,1800.0,2200,19463,,,2026-08-06,0,8000.0,194778,2026-08-06,C,Sheet,,Not Applicable,0,3,,1.0,8,1,0,24.0,24.0,0,0.0,"24 x 24
Sheet C Flute 29 ECT Kraft
NO SCORES
Bales must be a max of 48"" High",Mid-North,,0,,,1.0,0,0,0,True,0,,Regular,False,0,0,C29 K,OT,2026-07-29 15:50:39,,0,False,0,0,175 C,,,1,66,0,12,0,,,New Liskeard,24.0,24.0,0.0,,0.0,0,False,2026-07-29,Not Applicable,08/04-MONT01,,,,08/04-MONT01,,,
366088,5035471,1,2026-08-06,500,1,234,0,0,0,0,1.0,0,,Corrugator,1000,5444.0,5444.0,900.0,1100,19463,,,2026-08-06,0,5444.0,194779,2026-08-06,C,Sheet,,Not Applicable,0,3,,1.0,0,1,0,28.0,28.0,0,0.0,"28 x 28
Sheet C Flute 29 ECT Kraft
NO SCORES
Bales must be a max of 48"" High",Mid-North,,0,,,1.0,0,0,0,True,0,,Regular,False,234,0,C29 K,OT,2026-07-29 15:55:17,,0,False,0,0,175 C,,,1,66,0,12,0,,,New Liskeard,28.0,28.0,0.0,,0.0,0,False,2026-07-29,Not Applicable,08/04-MONT01,,,,08/04-MONT01,208.0,2026-08-07,
366089,5035471,1,2026-08-07,500,10,208,1,0,1,0,1.0,0,,Finished Good,1000,5444.0,5444.0,900.0,1100,19463,,,2026-08-06,0,5444.0,194779,2026-08-06,C,Sheet,,Not Applicable,0,3,,1.0,8,1,0,28.0,28.0,0,0.0,"28 x 28
Sheet C Flute 29 ECT Kraft
NO SCORES
Bales must be a max of 48"" High",Mid-North,,0,,,1.0,0,0,0,True,0,,Regular,False,0,0,C29 K,OT,2026-07-29 15:55:17,,0,False,0,0,175 C,,,1,66,0,12,0,,,New Liskeard,28.0,28.0,0.0,,0.0,0,False,2026-07-29,Not Applicable,08/04-MONT01,,,,08/04-MONT01,,,
366092,5035472,1,2026-08-06,500,1,234,0,0,0,0,1.0,0,,Corrugator,1575,16000.0,25200.0,1418.0,1733,19463,,,2026-08-06,0,42084.0,194780,2026-08-06,DW,Sheet,,Not Applicable,0,3,,1.0,0,1,0,24.0,96.0,0,0.0,"24 x 96
Sheet BC Flute 42 ECT Kraft
Scored at 4 x 8 x 8 x 4

Bales must be a max of 48"" High",Mid-North,,0,,,1.0,0,0,0,True,0,,Regular,False,234,0,BC42 K,OT,2026-07-29 15:57:44,,0,False,0,0,200 BC,,,1,66,0,12,0,,,New Liskeard,24.0,96.0,0.0,,0.0,0,False,2026-07-29,Not Applicable,08/04-MONT01,,,,08/04-MONT01,208.0,2026-08-07,
366093,5035472,1,2026-08-07,500,10,208,1,0,1,0,1.0,0,,Finished Good,1575,16000.0,25200.0,1418.0,1733,19463,,,2026-08-06,0,42084.0,194780,2026-08-06,DW,Sheet,,Not Applicable,0,3,,1.0,8,1,0,24.0,96.0,0,0.0,"24 x 96
Sheet BC Flute 42 ECT Kraft
Scored at 4 x 8 x 8 x 4

Bales must be a max of 48"" High",Mid-North,,0,,,1.0,0,0,0,True,0,,Regular,False,0,0,BC42 K,OT,2026-07-29 15:57:44,,0,False,0,0,200 BC,,,1,66,0,12,0,,,New Liskeard,24.0,96.0,0.0,,0.0,0,False,2026-07-29,Not Applicable,08/04-MONT01,,,,08/04-MONT01,,,
366096,5035473,1,2026-08-10,500,1,234,0,0,0,0,1.0,0,,Corrugator,500,51667.0,25833.5,450.0,550,19463,,,2026-08-06,0,25833.5,194781,2026-08-06,C,Sheet,,Not Applicable,0,3,,1.0,0,1,0,62.0,120.0,0,0.0,"62 x 120
Sheet C Flute 32 ECT Kraft
NO SCORES
Bales must be a max of 48"" High",Mid-North,,0,,,1.0,0,0,0,True,0,,Regular,False,234,0,C32 K,OT,2026-07-29 16:01:49,,0,False,0,0,200 C,,,1,66,0,12,0,,,New Liskeard,62.0,120.0,0.0,,0.0,0,False,2026-07-29,Not Applicable,08/04-MONT01,,,,08/04-MONT01,208.0,2026-08-11,
366097,5035473,1,2026-08-11,500,10,208,1,0,1,0,1.0,0,,Finished Good,500,51667.0,25833.5,450.0,550,19463,,,2026-08-06,0,25833.5,194781,2026-08-06,C,Sheet,,Not Applicable,0,3,,1.0,8,1,0,62.0,120.0,0,0.0,"62 x 120
Sheet C Flute 32 ECT Kraft
NO SCORES
Bales must be a max of 48"" High",Mid-North,,0,,,1.0,0,0,0,True,0,,Regular,False,0,0,C32 K,OT,2026-07-29 16:01:49,,0,False,0,0,200 C,,,1,66,0,12,0,,,New Liskeard,62.0,120.0,0.0,,0.0,0,False,2026-07-29,Not Applicable,08/04-MONT01,,,,08/04-MONT01,,,
366599,5035498,1,2026-08-13,500,10,208,1,0,1,0,1.0,0,,Finished Good,555,36351.0,20174.805,500.0,611,10002,,,2026-08-14,0,20174.805,125045,2026-08-14,C,Regular Slotted Carton,,Plain,0,3,,1.0,8,1,0,47.12,109.1,0,0.0,"KCA602 Breathe Box
27-3/4 x 26 x 21-1/4
RSC 32C Kraft 125/sk",Kromet,,0,,,1.0,5,0,0,True,0,,Regular,False,0,0,C32 K,CRB,2026-07-31 12:04:15,,0,False,0,0,200 C,,,1,60,0,14,0,GI,,Hamilton,27.12,26.0,21.04,,0.0,0,False,2026-07-31,Glued,08/12-FLIN01,,,,08/12-FLIN01,,,
366670,5035500,1,2026-09-28,500,10,208,1,0,1,0,1.0,0,,Finished Good,250,6315.0,1578.75,225.0,275,10002,,,2026-08-21,0,1578.75,150312,2026-08-21,B,Five Panel Wrap,,Plain,0,3,,1.0,8,1,0,34.09,26.05,0,0.0,"KCA574 
25-11/16x6-1/2x4-1/4 
FPW 32B Kraft KCA574 
310/ Unit",Kromet,,0,,,1.0,5,5,0,True,0,,Regular,False,0,0,B32 K,CRB,2026-07-31 13:12:34,,0,False,0,0,200 B,,,1,69,0,14,0,N,,Hamilton,25.11,6.08,4.04,,0.0,0,False,2026-07-31,No Closure,08/19-FLIN01,,,,08/19-FLIN01,,,
366045,5035466,1,2026-08-06,500,10,208,1,0,1,0,1.0,0,,Finished Good,600,12500.0,7500.0,540.0,660,16121,,,2026-08-07,0,7500.0,157407,2026-08-07,C,Sheet,,Plain,0,3,,1.0,8,1,0,60.0,30.0,0,0.0,"60 x 30
Sheet,Plain 
C Flute 32 ECT Kraft
300/unit",Grayloc,,0,,,1.0,0,0,0,True,0,,Regular,False,0,0,C32 K,OT,2026-07-29 11:50:09,,0,False,0,0,200 C,,,1,66,0,13,0,N,,BURLINGTON,60.0,30.0,0.0,,0.0,0,False,2026-07-29,No Closure,08/04-MONT01,,,,08/04-MONT01,,,
358000,5034110,1,2026-08-05,-1300,1,234,0,0,0,0,1.0,0,,Corrugator,1000,5805.0,5805.0,900.0,1100,11312,,,2026-07-17,1,5805.0,186703,2026-07-08,C,Regular Slotted Carton,,Nozomi Digital 1 Side Print,1,3,M2300510,2.0,0,1,0,32.08,51.07,0,0.0,"HH 16lb- ChickenBeef
14-5/8 x 9-1/2 x 5-3/4
RSC, Glued, Digital 1 Side Print 
C Flute 40 # Kemi 2",BCR,,0,,,1.0,0,0,0,True,0,,Stock & Release,False,234,0,C40 Coated White 2S,OT,2026-06-25 16:57:20,,0,False,0,0,,,,1,62,0,15,0,GI,Dig Ink Med Intensity (80%),SMITHVILLE,14.1,9.08,5.12,,1.0,0,False,2026-06-25,Glued,No P.O.,N,13577 - M-8,Dig Ink Med Intensity,No P.O.,189.0,2026-07-20,
358002,5034110,1,2026-08-05,-1100,20,168,1,0,1,0,1.0,0,,Farm Out,1000,5805.0,5805.0,900.0,1100,11312,,,2026-07-17,1,5805.0,186703,2026-07-08,C,Regular Slotted Carton,,Nozomi Digital 1 Side Print,1,3,M2300510,2.0,7,1,0,32.08,51.07,0,0.0,"HH 16lb- ChickenBeef
14-5/8 x 9-1/2 x 5-3/4
RSC, Glued, Digital 1 Side Print 
C Flute 40 # Kemi 2",BCR,,0,,,1.0,0,0,0,True,0,,Stock & Release,False,4,0,C40 Coated White 2S,OT,2026-06-25 16:57:20,,0,False,0,0,,Farm Out,,1,62,0,15,0,GI,Dig Ink Med Intensity (80%),SMITHVILLE,14.1,9.08,5.12,,1.0,0,False,2026-06-25,Glued,No P.O.,N,13577 - M-8,Dig Ink Med Intensity,No P.O.,168.0,2026-08-05,
358003,5034110,1,2026-08-05,-1000,30,168,1,0,1,0,1.0,0,,Farm Out,1000,5805.0,5805.0,1800.0,1100,11312,,,2026-07-17,1,5805.0,186703,2026-07-08,C,Regular Slotted Carton,,Nozomi Digital 1 Side Print,1,3,M2300510,2.0,7,1,0,32.08,51.07,0,0.0,"HH 16lb- ChickenBeef
14-5/8 x 9-1/2 x 5-3/4
RSC, Glued, Digital 1 Side Print 
C Flute 40 # Kemi 2",BCR,,0,,,1.0,0,0,0,True,0,,Stock & Release,False,4,0,C40 Coated White 2S,OT,2026-06-25 16:57:20,,0,False,0,0,,Farm Out,,1,62,0,15,0,GI,Dig Ink Med Intensity (80%),SMITHVILLE,14.1,9.08,5.12,,1.0,0,False,2026-06-25,Glued,No P.O.,N,13577 - M-8,Dig Ink Med Intensity,No P.O.,168.0,2026-08-05,
358002,5034110,1,2026-08-05,-1100,20,168,1,0,1,0,1.0,0,,Farm Out,1000,5805.0,5805.0,900.0,1100,11312,,,2026-07-17,1,5805.0,186703,2026-07-08,C,Regular Slotted Carton,,Nozomi Digital 1 Side Print,1,3,M2300510,2.0,7,1,0,32.08,51.07,0,0.0,"HH 16lb- ChickenBeef
14-5/8 x 9-1/2 x 5-3/4
RSC, Glued, Digital 1 Side Print 
C Flute 40 # Kemi 2",BCR,,0,,,1.0,0,0,0,True,0,,Stock & Release,False,4,0,C40 Coated White 2S,OT,2026-06-25 16:57:20,,0,False,0,0,,Farm Out,,1,62,0,15,0,GI,Dig Ink Med Intensity (80%),SMITHVILLE,14.1,9.08,5.12,,1.0,0,False,2026-06-25,Glued,No P.O.,N,13577 - M-8,Dig Ink Med Intensity,No P.O.,,,
358003,5034110,1,2026-08-05,-1000,30,168,1,0,1,0,1.0,0,,Farm Out,1000,5805.0,5805.0,1800.0,1100,11312,,,2026-07-17,1,5805.0,186703,2026-07-08,C,Regular Slotted Carton,,Nozomi Digital 1 Side Print,1,3,M2300510,2.0,7,1,0,32.08,51.07,0,0.0,"HH 16lb- ChickenBeef
14-5/8 x 9-1/2 x 5-3/4
RSC, Glued, Digital 1 Side Print 
C Flute 40 # Kemi 2",BCR,,0,,,1.0,0,0,0,True,0,,Stock & Release,False,4,0,C40 Coated White 2S,OT,2026-06-25 16:57:20,,0,False,0,0,,Farm Out,,1,62,0,15,0,GI,Dig Ink Med Intensity (80%),SMITHVILLE,14.1,9.08,5.12,,1.0,0,False,2026-06-25,Glued,No P.O.,N,13577 - M-8,Dig Ink Med Intensity,No P.O.,,,
364399,5035363,1,2026-08-05,-100,1,234,0,0,0,0,1.0,0,,Corrugator,1000,5680.0,5680.0,900.0,1100,11312,,,2026-08-04,1,5680.0,186889,2026-07-31,C,Flat Bed Die Cut,,Nozomi Digital 1 Side Print,1,3,M2501938,2.0,0,1,0,37.08,43.1,0,0.0,"COUNTRY 12s GNG
RDC, Glued, Nozomi Digital 1 Side Print 
32C Coated White 1Side +WRA
NO HANDHOLES",BCR,,0,,,1.0,0,0,0,True,0,,Stock & Release,False,234,0,C32 Coated White 1S,OT,2026-07-22 17:01:58,,0,False,0,0,,,,1,62,0,15,0,GI,Dig Ink Med Intensity (80%),SMITHVILLE,41.1,17.08,0.0,,1.0,0,False,2026-07-21,Glued,No P.O.,"N,E,BobstGluer","12126 - H -5
14045 - ETERNA C2-D",Dig Ink Med Intensity,No P.O.,189.0,2026-07-29,
364401,5035363,1,2026-08-07,215,20,213,1,25,1,5040,1.0,0,,Eterna,1000,5680.0,5680.0,900.0,1100,11312,,,2026-08-04,1,5680.0,186889,2026-07-31,C,Flat Bed Die Cut,E,Nozomi Digital 1 Side Print,1,3,M2501938,2.0,3,1,0,37.08,43.1,0,37.0,"COUNTRY 12s GNG
RDC, Glued, Nozomi Digital 1 Side Print 
32C Coated White 1Side +WRA
NO HANDHOLES",BCR,,0,,,1.0,0,0,0,True,0,,Stock & Release,False,3,0,C32 Coated White 1S,OT,2026-07-22 17:01:58,,0,False,0,0,,Eterna,,1,62,0,15,0,GI,Dig Ink Med Intensity (80%),SMITHVILLE,41.1,17.08,0.0,,1.0,0,False,2026-07-21,Glued,No P.O.,"N,E,BobstGluer","12126 - H -5
14045 - ETERNA C2-D",Dig Ink Med Intensity,No P.O.,167.0,2026-08-07,105.0
364402,5035363,1,2026-08-07,200,30,167,1,60,1,1500,1.0,0,,"Bobst Specialty Gluer 115""",1000,5680.0,5680.0,900.0,1100,11312,,,2026-08-04,1,5680.0,186889,2026-07-31,C,Flat Bed Die Cut,Bobst Gluer,Nozomi Digital 1 Side Print,1,3,M2501938,2.0,3,1,0,37.08,43.1,0,100.0,"COUNTRY 12s GNG
RDC, Glued, Nozomi Digital 1 Side Print 
32C Coated White 1Side +WRA
NO HANDHOLES",BCR,,0,,,1.0,0,0,0,True,0,,Stock & Release,False,6,0,C32 Coated White 1S,OT,2026-07-22 17:01:58,,0,False,0,0,,Bobst Gluer,,1,62,0,15,0,GI,Dig Ink Med Intensity (80%),SMITHVILLE,41.1,17.08,0.0,,1.0,0,False,2026-07-21,Glued,No P.O.,"N,E,BobstGluer","12126 - H -5
14045 - ETERNA C2-D",Dig Ink Med Intensity,No P.O.,,,84.0
365171,5035436,1,2026-08-05,400,1,234,0,0,0,0,1.0,0,,Corrugator,1500,7925.0,11887.5,1350.0,1650,11312,,,2026-08-11,1,11887.5,187011,2026-08-07,C,Regular Slotted Carton,,Nozomi Digital 1 Side Print,1,3,M2200972,2.0,0,1,0,33.12,67.1,0,0.0,"DINNER 18s Tapered Slots 
22-1/4x9-1/2x5-3/4 -  
C40 Kemi Digital RSC + Handhold",BCR,,0,,,1.0,0,0,0,True,0,,Stock & Release,False,234,0,C40 Coated White 1S,OT,2026-07-28 11:10:41,,0,False,0,0,,,,1,62,0,15,0,GI,Dig Ink Med Intensity (50%),SMITHVILLE,22.04,9.08,5.12,,1.0,0,False,2026-07-27,Glued,07/31-MONT01,"N,R,L",13438 - L-3,Dig Ink Med Intensity,07/31-MONT01,189.0,2026-08-06,
365172,5035436,1,2026-08-06,500,10,189,1,10,1,6438,1.0,0,,Nozomi Digital Printer,1500,7925.0,11887.5,1350.0,1650,11312,,,2026-08-11,1,11887.5,187011,2026-08-07,C,Regular Slotted Carton,N,Nozomi Digital 1 Side Print,1,3,M2200972,2.0,3,1,0,33.12,67.1,0,24.0,"DINNER 18s Tapered Slots 
22-1/4x9-1/2x5-3/4 -  
C40 Kemi Digital RSC + Handhold",BCR,,0,,,1.0,0,0,0,True,1,,Stock & Release,False,1,0,C40 Coated White 1S,OT,2026-07-28 11:10:41,,0,False,0,0,,NAZ,,1,62,0,15,0,GI,Dig Ink Med Intensity (50%),SMITHVILLE,22.04,9.08,5.12,,1.0,0,False,2026-07-27,Glued,07/31-MONT01,"N,R,L",13438 - L-3,Dig Ink Med Intensity,07/31-MONT01,166.0,2026-08-06,75.0
365173,5035436,1,2026-08-06,500,20,166,1,33,1,3760,1.0,0,,United Rotary 66x113 4 Colour,1500,7925.0,11887.5,1350.0,1650,11312,,,2026-08-11,1,11887.5,187011,2026-08-07,C,Regular Slotted Carton,R,Nozomi Digital 1 Side Print,1,3,M2200972,2.0,3,1,0,33.12,67.1,0,57.0,"DINNER 18s Tapered Slots 
22-1/4x9-1/2x5-3/4 -  
C40 Kemi Digital RSC + Handhold",BCR,,0,,,1.0,0,0,0,True,2,,Stock & Release,False,2,0,C40 Coated White 1S,OT,2026-07-28 11:10:41,,0,False,0,0,,Prospect Rotary,,1,62,0,15,0,GI,Dig Ink Med Intensity (50%),SMITHVILLE,22.04,9.08,5.12,,1.0,0,False,2026-07-27,Glued,07/31-MONT01,"N,R,L",13438 - L-3,Dig Ink Med Intensity,07/31-MONT01,69.0,2026-08-10,80.0
365174,5035436,1,2026-08-10,500,30,69,1,71,1,3600,1.0,0,,Langston Saturn 50x110,1500,7925.0,11887.5,1350.0,1650,11312,,,2026-08-11,1,11887.5,187011,2026-08-07,C,Regular Slotted Carton,L,Nozomi Digital 1 Side Print,1,3,M2200972,2.0,3,1,0,33.12,67.1,0,96.0,"DINNER 18s Tapered Slots 
22-1/4x9-1/2x5-3/4 -  
C40 Kemi Digital RSC + Handhold",BCR,,0,,,0.6,0,0,0,True,2,,Stock & Release,False,1,0,C40 Coated White 1S,OT,2026-07-28 11:10:41,,0,False,0,0,,Langston,,1,62,0,15,0,GI,Dig Ink Med Intensity (50%),SMITHVILLE,22.04,9.08,5.12,,1.0,0,False,2026-07-27,Glued,07/31-MONT01,"N,R,L",13438 - L-3,Dig Ink Med Intensity,07/31-MONT01,,,112.0
366547,5035491,1,2026-08-10,500,1,234,0,0,0,0,1.0,0,,Corrugator,5000,20709.0,103545.0,4500.0,5500,19546,,,2026-08-13,0,103545.0,191663,2026-08-13,C,Regular Slotted Carton,,Plain,0,3,,1.0,0,1,0,34.1,86.02,0,0.0,"23 x 19 x 15 Airboxes
RSC, Glued, Plain 
C Flute 32 ECT Kraft
175/unit",Uni Express,,0,,,1.0,0,0,0,True,0,,Regular,False,234,0,C32 K,OT,2026-07-31 08:14:18,,0,False,0,0,200 C,,,1,60,0,14,0,GI,,MISSISSAUGA,23.0,19.0,15.0,,0.0,0,False,2026-07-31,Glued,08/07-MONT01,L,,,08/07-MONT01,69.0,2026-08-11,
366548,5035491,1,2026-08-11,500,10,69,1,33,1,1440,1.0,0,,Langston Saturn 50x110,5000,20709.0,103545.0,4500.0,5500,19546,,,2026-08-13,0,103545.0,191663,2026-08-13,C,Regular Slotted Carton,L,Plain,0,3,,1.0,3,1,0,34.1,86.02,0,241.0,"23 x 19 x 15 Airboxes
RSC, Glued, Plain 
C Flute 32 ECT Kraft
175/unit",Uni Express,,0,,,0.6,0,0,0,True,2,,Regular,False,1,0,C32 K,OT,2026-07-31 08:14:18,,0,False,0,0,200 C,Langston,,1,60,0,14,0,GI,,MISSISSAUGA,23.0,19.0,15.0,,0.0,0,False,2026-07-31,Glued,08/07-MONT01,L,,,08/07-MONT01,,,241.0
366402,5035481,1,2026-08-06,500,1,234,0,0,0,0,1.0,0,,Corrugator,1250,19792.0,24740.0,1125.0,1375,19585,,,2026-08-05,0,24740.0,194786,2026-08-05,C,Sheet,,Plain,0,3,,1.0,0,1,0,40.0,71.04,0,0.0,"P031476A
40 x 71-1/4
Scored at 5-11/16 x 28-5/8 x 5-11/16
Sheet,
C Flute 275# Kraft",Corrugated,,0,,,1.0,0,0,0,True,0,,Regular,False,234,0,C 275# K,OT,2026-07-30 09:32:52,,0,False,0,0,398,,,1,66,0,16,0,N,,Fitchburg,40.0,71.04,0.0,,0.0,0,False,2026-07-30,No Closure,08/05-MONT01,,,,08/05-MONT01,208.0,2026-08-07,
366403,5035481,1,2026-08-07,500,10,208,1,0,1,0,1.0,0,,Finished Good,1250,19792.0,24740.0,1125.0,1375,19585,,,2026-08-05,0,24740.0,194786,2026-08-05,C,Sheet,,Plain,0,3,,1.0,8,1,0,40.0,71.04,0,0.0,"P031476A
40 x 71-1/4
Scored at 5-11/16 x 28-5/8 x 5-11/16
Sheet,
C Flute 275# Kraft",Corrugated,,0,,,1.0,0,0,0,True,0,,Regular,False,0,0,C 275# K,OT,2026-07-30 09:32:52,,0,False,0,0,398,,,1,66,0,16,0,N,,Fitchburg,40.0,71.04,0.0,,0.0,0,False,2026-07-30,No Closure,08/05-MONT01,,,,08/05-MONT01,,,
366405,5035481,2,2026-08-07,500,10,208,1,0,1,0,1.0,0,,Finished Good,2500,3553.0,8882.5,2250.0,2750,19585,,,2026-08-05,0,8882.5,194787,2026-08-05,C,Sheet,,Not Applicable,0,3,,1.0,8,1,0,22.02,23.02,0,0.0,"D031476C
22-1/8 x 23-1/8
Sheet - NO SCORES
C Flute 32 ECT Kraft",Corrugated,,0,,,1.0,0,0,0,True,0,,Regular,False,0,0,C32 K,OT,2026-07-30 09:32:52,,0,False,0,0,200 C,,,1,66,0,16,0,,,Fitchburg,22.02,23.02,0.0,,0.0,0,False,2026-07-30,Not Applicable,08/05-MONT01,,,,08/05-MONT01,,,
366404,5035481,2,2026-08-06,500,1,234,0,0,0,0,1.0,0,,Corrugator,2500,3553.0,8882.5,2250.0,2750,19585,,,2026-08-05,0,8882.5,194787,2026-08-05,C,Sheet,,Not Applicable,0,3,,1.0,0,1,0,22.02,23.02,0,0.0,"D031476C
22-1/8 x 23-1/8
Sheet - NO SCORES
C Flute 32 ECT Kraft",Corrugated,,0,,,1.0,0,0,0,True,0,,Regular,False,234,0,C32 K,OT,2026-07-30 09:32:52,,0,False,0,0,200 C,,,1,66,0,16,0,,,Fitchburg,22.02,23.02,0.0,,0.0,0,False,2026-07-30,Not Applicable,08/05-MONT01,,,,08/05-MONT01,208.0,2026-08-07,
366406,5035481,3,2026-08-06,500,1,234,0,0,0,0,1.0,0,,Corrugator,2500,5108.0,12770.0,2250.0,2750,19585,,,2026-08-05,0,12770.0,194788,2026-08-05,C,Sheet,,Not Applicable,0,3,,1.0,0,1,0,26.1,27.1,0,0.0,"D031476D
26-5/8 x 27-5/8
Sheet - NO SCORES
C Flute 32 ECT Kraft",Corrugated,,0,,,1.0,0,0,0,True,0,,Regular,False,234,0,C32 K,OT,2026-07-30 09:32:52,,0,False,0,0,200 C,,,1,66,0,16,0,,,Fitchburg,26.1,27.1,0.0,,0.0,0,False,2026-07-30,Not Applicable,08/05-MONT01,,,,08/05-MONT01,208.0,2026-08-07,
366407,5035481,3,2026-08-07,500,10,208,1,0,1,0,1.0,0,,Finished Good,2500,5108.0,12770.0,2250.0,2750,19585,,,2026-08-05,0,12770.0,194788,2026-08-05,C,Sheet,,Not Applicable,0,3,,1.0,8,1,0,26.1,27.1,0,0.0,"D031476D
26-5/8 x 27-5/8
Sheet - NO SCORES
C Flute 32 ECT Kraft",Corrugated,,0,,,1.0,0,0,0,True,0,,Regular,False,0,0,C32 K,OT,2026-07-30 09:32:52,,0,False,0,0,200 C,,,1,66,0,16,0,,,Fitchburg,26.1,27.1,0.0,,0.0,0,False,2026-07-30,Not Applicable,08/05-MONT01,,,,08/05-MONT01,,,
366408,5035481,4,2026-08-06,500,1,234,0,0,0,0,1.0,0,,Corrugator,5000,1623.0,8115.0,4500.0,5500,19585,,,2026-08-05,0,8115.0,194789,2026-08-05,C,Sheet,,Not Applicable,0,3,,1.0,0,1,0,11.0,21.04,0,0.0,"D031476E
11 x 21-1/4
Sheet - NO SCORES
C Flute 32 ECT Kraft",Corrugated,,0,,,1.0,0,0,0,True,0,,Regular,False,234,0,C32 K,OT,2026-07-30 09:32:52,,0,False,0,0,200 C,,,1,66,0,16,0,,,Fitchburg,11.0,21.04,0.0,,0.0,0,False,2026-07-30,Not Applicable,08/05-MONT01,,,,08/05-MONT01,208.0,2026-08-07,
366409,5035481,4,2026-08-07,500,10,208,1,0,1,0,1.0,0,,Finished Good,5000,1623.0,8115.0,4500.0,5500,19585,,,2026-08-05,0,8115.0,194789,2026-08-05,C,Sheet,,Not Applicable,0,3,,1.0,8,1,0,11.0,21.04,0,0.0,"D031476E
11 x 21-1/4
Sheet - NO SCORES
C Flute 32 ECT Kraft",Corrugated,,0,,,1.0,0,0,0,True,0,,Regular,False,0,0,C32 K,OT,2026-07-30 09:32:52,,0,False,0,0,200 C,,,1,66,0,16,0,,,Fitchburg,11.0,21.04,0.0,,0.0,0,False,2026-07-30,Not Applicable,08/05-MONT01,,,,08/05-MONT01,,,
366410,5035481,5,2026-08-06,500,1,234,0,0,0,0,1.0,0,,Corrugator,5000,1700.0,8500.0,4500.0,5500,19585,,,2026-08-05,0,8500.0,194790,2026-08-05,C,Sheet,,Not Applicable,0,3,,1.0,0,1,0,11.0,22.04,0,0.0,"D031476F
11 x 22-1/4
Sheet - NO SCORES
C Flute 32 ECT Kraft",Corrugated,,0,,,1.0,0,0,0,True,0,,Regular,False,234,0,C32 K,OT,2026-07-30 09:32:52,,0,False,0,0,200 C,,,1,66,0,16,0,,,Fitchburg,11.0,22.04,0.0,,0.0,0,False,2026-07-30,Not Applicable,08/05-MONT01,,,,08/05-MONT01,208.0,2026-08-07,
366411,5035481,5,2026-08-07,500,10,208,1,0,1,0,1.0,0,,Finished Good,5000,1700.0,8500.0,4500.0,5500,19585,,,2026-08-05,0,8500.0,194790,2026-08-05,C,Sheet,,Not Applicable,0,3,,1.0,8,1,0,11.0,22.04,0,0.0,"D031476F
11 x 22-1/4
Sheet - NO SCORES
C Flute 32 ECT Kraft",Corrugated,,0,,,1.0,0,0,0,True,0,,Regular,False,0,0,C32 K,OT,2026-07-30 09:32:52,,0,False,0,0,200 C,,,1,66,0,16,0,,,Fitchburg,11.0,22.04,0.0,,0.0,0,False,2026-07-30,Not Applicable,08/05-MONT01,,,,08/05-MONT01,,,
361389,5034277,1,2026-08-05,-100,20,242,1,0,1,0,1.0,0,,Pack & Protect C-2,1100,30349.0,33383.9,1100.0,1100,14208,,,2026-08-05,0,33383.9,181644,2026-08-05,B,Sheet,,Nozomi Digital 1 Side Print,1,3,,1.0,5,1,0,58.02,75.03,0,0.0,"Ref# 390381
58-1/8 x 75-3/16
Digital 1 Side B32 
Coated White 1S 
Customer Supplied Sheets
Prin",Moore,,0,,,1.0,0,0,0,True,0,Pack & Protect C-2,Regular,False,6,0,B32 Coated White 1S,OT,2026-07-15 08:58:39,,1130,False,0,0,,,,1,68,1130,14,0,N,Dig Ink Med Intensity (100%),Barrie,58.02,75.03,0.0,,1.0,0,False,2026-07-15,No Closure,No P.O.,N,,Dig Ink Med Intensity,No P.O.,,,
361388,5034277,1,2026-08-05,-300,1,234,0,0,0,0,1.0,0,,Corrugator,1100,30349.0,33383.9,1100.0,1100,14208,,,2026-08-05,0,33383.9,181644,2026-08-05,B,Sheet,,Nozomi Digital 1 Side Print,1,3,,1.0,0,1,0,58.02,75.03,0,0.0,"Ref# 390381
58-1/8 x 75-3/16
Digital 1 Side B32 
Coated White 1S 
Customer Supplied Sheets
Prin",Moore,,0,,,1.0,0,0,0,True,0,Pack & Protect C-2,Regular,False,234,0,B32 Coated White 1S,OT,2026-07-15 08:58:39,,1130,False,0,0,,,,1,68,1130,14,0,N,Dig Ink Med Intensity (100%),Barrie,58.02,75.03,0.0,,1.0,0,False,2026-07-15,No Closure,No P.O.,N,,Dig Ink Med Intensity,No P.O.,189.0,2026-08-04,
363891,5035348,1,2026-08-05,400,1,234,0,0,0,0,1.0,0,,Corrugator,6000,7232.0,43392.0,5400.0,6600,11369,,,2026-08-10,0,43392.0,103653,2026-08-10,B,Flat Bed Die Cut,,Plain,0,3,W2200104,1.0,0,1,0,38.12,26.14,0,0.0,"Lrg 25-7/8 x 37-3/4
FBDC Plain 32B W1S
Assembled and Glued
160/unit",New,,0,,,1.0,0,0,0,True,0,STRIPPING,Regular,False,234,0,B32 OY,CRB,2026-07-21 08:56:28,,0,False,0,0,200 B Oys,,,1,63,0,12,0,N,,Stratford,25.14,37.12,0.0,,1.0,0,False,2026-07-21,No Closure,07/29-MONT01,"E,Stripping",12621 - CAN 2-F,,07/29-MONT01,213.0,2026-08-07,
363892,5035348,1,2026-08-07,500,10,213,1,25,1,4300,1.0,0,,Eterna,6000,7232.0,43392.0,5400.0,6600,11369,,,2026-08-10,0,43392.0,103653,2026-08-10,B,Flat Bed Die Cut,E,Plain,0,3,W2200104,1.0,3,1,0,38.12,26.14,0,109.0,"Lrg 25-7/8 x 37-3/4
FBDC Plain 32B W1S
Assembled and Glued
160/unit",New,,0,,,1.0,0,0,0,True,0,STRIPPING,Regular,False,3,0,B32 OY,CRB,2026-07-21 08:56:28,,0,False,0,0,200 B Oys,Eterna,,1,63,0,12,0,N,,Stratford,25.14,37.12,0.0,,1.0,0,False,2026-07-21,No Closure,07/29-MONT01,"E,Stripping",12621 - CAN 2-F,,07/29-MONT01,40.0,2026-08-06,573.0
363893,5035348,1,2026-08-06,500,20,40,1,12,1,400,1.0,0,,Stripping,6000,7232.0,43392.0,5400.0,6600,11369,,,2026-08-10,0,43392.0,103653,2026-08-10,B,Flat Bed Die Cut,Stripping,Plain,0,3,W2200104,1.0,5,1,0,38.12,26.14,0,912.0,"Lrg 25-7/8 x 37-3/4
FBDC Plain 32B W1S
Assembled and Glued
160/unit",New,,0,,,0.8,0,0,0,True,0,STRIPPING,Regular,False,0,0,B32 OY,CRB,2026-07-21 08:56:28,,0,False,0,0,200 B Oys,Stripping,,1,63,0,12,0,N,,Stratford,25.14,37.12,0.0,,1.0,0,False,2026-07-21,No Closure,07/29-MONT01,"E,Stripping",12621 - CAN 2-F,,07/29-MONT01,168.0,2026-08-07,17.0
363894,5035348,1,2026-08-07,500,30,168,1,0,1,0,1.0,0,,Farm Out,6000,7232.0,43392.0,5400.0,6600,11369,,,2026-08-10,0,43392.0,103653,2026-08-10,B,Flat Bed Die Cut,,Plain,0,3,W2200104,1.0,7,1,0,38.12,26.14,0,0.0,"Lrg 25-7/8 x 37-3/4
FBDC Plain 32B W1S
Assembled and Glued
160/unit",New,,0,,,1.0,0,0,0,True,0,STRIPPING,Regular,False,4,0,B32 OY,CRB,2026-07-21 08:56:28,,0,False,0,0,200 B Oys,Farm Out,,1,63,0,12,0,N,,Stratford,25.14,37.12,0.0,,1.0,0,False,2026-07-21,No Closure,07/29-MONT01,"E,Stripping",12621 - CAN 2-F,,07/29-MONT01,,,
354029,5032963,1,2026-08-05,-3400,10,3,1,33,1,1080,1.0,0,,TableSaw,5,0.0,0.0,5.0,6,10001,,,2026-06-12,1,0.0,111374,2026-06-11,C,Not Applicable,BS,Plain,0,3,,1.0,5,1,0,0.0,0.0,0,33.0,"W6440
Edge Protector 2""x2""x48""x.080
120/bndl",Moyy|WB,,0,,,0.6,10,0,0,False,0,BANDSAW (WB),Stock & Release,False,15,0,C32 K,OT,2026-06-10 16:19:22,,5,False,0,0,200 C,Saw,,0,1,5,12,0,,,Hamilton,0.0,0.0,0.0,,0.0,0,False,2026-06-09,Not Applicable,No P.O.,BS,,,No P.O.,,,103.0
366888,5035451,1,2026-08-06,500,10,3,1,33,1,1080,1.0,0,,TableSaw,2,0.0,0.0,2.0,2,10001,,,2026-08-07,1,0.0,123795,2026-07-30,C,Not Applicable,BS,Plain,0,3,,1.0,5,1,0,0.0,0.0,0,33.0,"W6404
2 x 2 x 48"" .120
85/ Bundle",Moyy|WB,,0,,,0.6,10,0,0,False,0,BANDSAW (WB),Stock & Release,False,15,0,C32 K,OT,2026-08-05 10:14:49,,2,False,0,0,200 C,Saw,,0,1,2,12,0,,,Hamilton,0.0,0.0,0.0,,0.0,0,False,2026-07-28,Not Applicable,No P.O.,BS,,,No P.O.,,,35.0
360216,5034145,1,2026-08-05,-600,10,168,1,0,1,0,1.0,0,,Farm Out,2040,4207.0,8582.28,1836.0,2244,10015,,,2026-08-04,0,8582.28,132653,2026-07-20,B,RDC - Rotary Die Cut,,Flexo 4 Colour Printing,4,3,,2.0,7,1,0,27.0,44.14,0,0.0,"INNER TIG - SOLID ARC
13 x 43-7/8 RDC, No 
Closure, 4 Colour Flexo 32B W
1020/unit",Nexal,,0,,,1.0,5,0,0,True,0,Hand Assembly,Regular,False,4,0,B32 OY,Late - Farmout,2026-06-30 12:54:50,,0,False,0,0,200 B Oys,Farm Out,,1,64,0,12,0,N,"GCMI 90 BLACK AU (10%), GCMI 31 BLUE (10%), GCMI 970 GREY (10%), GCMI 78 RED (10%)",MISSISSAUGA,43.14,13.0,0.0,,0.0,0,False,2026-06-30,No Closure,08/06-ROYA01,,"12591 - ROYAL CONTAINERS
12592 -","GCMI 31 BLUE
GCMI 90 BLACK AU
GCMI 78 RED
GCMI 970 GREY",08/06-ROYA01,,,
360218,5034145,1,2026-08-05,-700,1,234,0,0,0,0,1.0,0,,Corrugator,2040,4207.0,8582.28,1836.0,2244,10015,,,2026-08-04,0,8582.28,132653,2026-07-20,B,RDC - Rotary Die Cut,,Flexo 4 Colour Printing,4,3,,2.0,0,1,0,27.0,44.14,0,0.0,"INNER TIG - SOLID ARC
13 x 43-7/8 RDC, No 
Closure, 4 Colour Flexo 32B W
1020/unit",Nexal,,0,,,1.0,5,0,0,True,0,Hand Assembly,Regular,False,234,0,B32 OY,Late - Farmout,2026-06-30 12:54:50,,0,False,0,0,200 B Oys,,,1,64,0,12,0,N,"GCMI 90 BLACK AU (10%), GCMI 31 BLUE (10%), GCMI 970 GREY (10%), GCMI 78 RED (10%)",MISSISSAUGA,43.14,13.0,0.0,,0.0,0,False,2026-06-30,No Closure,08/06-ROYA01,,"12591 - ROYAL CONTAINERS
12592 -","GCMI 31 BLUE
GCMI 90 BLACK AU
GCMI 78 RED
GCMI 970 GREY",08/06-ROYA01,168.0,2026-08-05,
>>>>>>> 3d7f0d50c55d01c676d7c4bff56f84cbc3a91754
361139,5034257,2,2026-08-26,500,1,234,0,0,0,0,1.0,0,,Corrugator,2825,22323.0,63062.475,2825.0,2966,18544,,,2026-08-31,0,63062.475,171824,2026-08-31,C,Tray Lid,,Plain,0,3,,1.0,0,1,0,51.02,62.14,0,0.0,"48-3/8 x 36-5/8 x 7
Tray Lid, No Closure, 
32C Plain Kraft",Lanart Rug,,0,,,1.0,0,0,0,True,0,Colex I Cutter (WB),Regular,False,234,0,C32 K,CRB,2026-07-13 15:30:56,,0,False,0,0,200 C,,,1,69,0,12,0,N,,Saint-Jean-sur-Richelieu,48.06,36.1,7.0,,0.0,0,False,2026-07-13,No Closure,08/24-MONT01,R,13988 - K-11 & 12,,08/24-MONT01,166.0,2026-08-27,
361140,5034257,2,2026-08-27,500,10,166,1,33,1,1800,1.0,0,,United Rotary 66x113 4 Colour,2825,22323.0,63062.475,2825.0,2966,18544,,,2026-08-31,0,63062.475,171824,2026-08-31,C,Tray Lid,R,Plain,0,3,,1.0,3,1,0,51.02,62.14,0,127.0,"48-3/8 x 36-5/8 x 7
Tray Lid, No Closure, 
32C Plain Kraft",Lanart Rug,,0,,,1.0,0,0,0,True,2,Colex I Cutter (WB),Regular,False,2,0,C32 K,CRB,2026-07-13 15:30:56,,0,False,0,0,200 C,Prospect Rotary,,1,69,0,12,0,N,,Saint-Jean-sur-Richelieu,48.06,36.1,7.0,,0.0,0,False,2026-07-13,No Closure,08/24-MONT01,R,13988 - K-11 & 12,,08/24-MONT01,,,219.0
<<<<<<< HEAD
364718,5035416,1,2026-08-19,500,1,234,0,0,0,0,1.0,0,,Corrugator,5000,10102.0,50510.0,4500.0,5500,19042,,,2026-08-24,0,84351.7,174381,2026-08-24,DW,Regular Slotted Carton,,Flexo 1 Colour Print,1,3,M2401779,1.0,0,1,0,21.14,66.08,0,0.0,"Large Road
19-7/8 x 12-1/16 x 8-7/8
RSC, Glued, Flexo 1 Colour Print 
BC Flute 48 ECT Kraft WRA D",Country,,0,,,1.0,0,0,0,True,0,Colex I Cutter (WB),Regular,False,234,0,BC48 K,CRB,2026-07-24 10:08:07,,0,False,0,0,275 BC,,,1,60,0,12,0,GI,GCMI 90 BLACK AU (10%),DUNDAS,19.14,12.01,8.14,,1.0,0,False,2026-07-24,Glued,08/17-MONT01,L,14060 - LANGSTON,GCMI 90 BLACK AU,08/17-MONT01,69.0,2026-08-21,
364719,5035416,1,2026-08-21,500,10,69,1,24,1,4200,1.0,0,,Langston Saturn 50x110,5000,10102.0,50510.0,4500.0,5500,19042,,,2026-08-24,0,84351.7,174381,2026-08-24,DW,Regular Slotted Carton,L,Flexo 1 Colour Print,1,3,M2401779,1.0,3,1,0,21.14,66.08,0,95.0,"Large Road
19-7/8 x 12-1/16 x 8-7/8
RSC, Glued, Flexo 1 Colour Print 
BC Flute 48 ECT Kraft WRA D",Country,,0,,,0.6,0,0,0,True,2,Colex I Cutter (WB),Regular,False,1,0,BC48 K,CRB,2026-07-24 10:08:07,,0,False,0,0,275 BC,Langston,,1,60,0,12,0,GI,GCMI 90 BLACK AU (10%),DUNDAS,19.14,12.01,8.14,,1.0,0,False,2026-07-24,Glued,08/17-MONT01,L,14060 - LANGSTON,GCMI 90 BLACK AU,08/17-MONT01,,,518.0
369232,5035604,1,2026-08-21,500,10,189,1,10,1,8269,1.0,0,,Nozomi Digital Printer,500,1550.0,775.0,500.0,550,18986,,,2026-08-27,0,775.0,185375,2026-08-27,E,Flat Bed Die Cut,N,Nozomi Digital 1 Side Print,1,3,,1.0,3,1,0,16.11,13.06,0,14.0,"Profind 35
9-3/4 x 3-5/16 x 2-1/8
I- Cut, No Closure, 
Digital 1 Side 
2 Prints
E32 Coated Whit",Supply/Crownhill,,0,,,1.0,0,0,0,True,1,Stripping Elitron Pack & Protect A-2,Regular,False,1,0,E32 Coated White 2S,OT,2026-08-13 10:36:54,,0,False,0,0,,NAZ,,1,65,0,12,0,N,Dig Ink Med Intensity (100%),Brampton,9.12,3.05,2.02,,0.0,0,False,2026-08-13,No Closure,No P.O.,"N,Elitron,Stripping",,Dig Ink Med Intensity,No P.O.,231.0,2026-08-24,29.0
369233,5035604,1,2026-08-24,500,20,231,1,25,1,140,1.0,0,,Elitron,500,1550.0,775.0,500.0,550,18986,,,2026-08-27,0,775.0,185375,2026-08-27,E,Flat Bed Die Cut,Elitron,Nozomi Digital 1 Side Print,1,3,,1.0,5,1,0,16.11,13.06,0,239.0,"Profind 35
9-3/4 x 3-5/16 x 2-1/8
I- Cut, No Closure, 
Digital 1 Side 
2 Prints
E32 Coated Whit",Supply/Crownhill,,0,,,1.0,0,0,0,True,0,Stripping Elitron Pack & Protect A-2,Regular,False,8,0,E32 Coated White 2S,OT,2026-08-13 10:36:54,,0,False,0,0,,Elitron,,1,65,0,12,0,N,Dig Ink Med Intensity (100%),Brampton,9.12,3.05,2.02,,0.0,0,False,2026-08-13,No Closure,No P.O.,"N,Elitron,Stripping",,Dig Ink Med Intensity,No P.O.,40.0,2026-08-25,521.0
369234,5035604,1,2026-08-25,500,30,40,1,12,1,100,1.0,0,,Stripping,500,1550.0,775.0,500.0,550,18986,,,2026-08-27,0,775.0,185375,2026-08-27,E,Flat Bed Die Cut,Stripping,Nozomi Digital 1 Side Print,1,3,,1.0,5,1,0,16.11,13.06,0,312.0,"Profind 35
9-3/4 x 3-5/16 x 2-1/8
I- Cut, No Closure, 
Digital 1 Side 
2 Prints
E32 Coated Whit",Supply/Crownhill,,0,,,0.8,0,0,0,True,0,Stripping Elitron Pack & Protect A-2,Regular,False,0,0,E32 Coated White 2S,OT,2026-08-13 10:36:54,,0,False,0,0,,Stripping,,1,65,0,12,0,N,Dig Ink Med Intensity (100%),Brampton,9.12,3.05,2.02,,0.0,0,False,2026-08-13,No Closure,No P.O.,"N,Elitron,Stripping",,Dig Ink Med Intensity,No P.O.,238.0,2026-08-26,512.0
369235,5035604,1,2026-08-26,500,40,238,1,0,1,0,1.0,0,,Pack & Protect A-2,500,1550.0,775.0,500.0,550,18986,,,2026-08-27,0,775.0,185375,2026-08-27,E,Flat Bed Die Cut,,Nozomi Digital 1 Side Print,1,3,,1.0,5,1,0,16.11,13.06,0,0.0,"Profind 35
9-3/4 x 3-5/16 x 2-1/8
I- Cut, No Closure, 
Digital 1 Side 
2 Prints
E32 Coated Whit",Supply/Crownhill,,0,,,1.0,0,0,0,True,0,Stripping Elitron Pack & Protect A-2,Regular,False,6,0,E32 Coated White 2S,OT,2026-08-13 10:36:54,,0,False,0,0,,,,1,65,0,12,0,N,Dig Ink Med Intensity (100%),Brampton,9.12,3.05,2.02,,0.0,0,False,2026-08-13,No Closure,No P.O.,"N,Elitron,Stripping",,Dig Ink Med Intensity,No P.O.,,,
369014,5035598,1,2026-08-25,500,1,234,0,0,0,0,1.0,0,,Corrugator,5000,4429.0,22145.0,5000.0,5500,12811,,,2026-08-31,0,22145.0,186998,2026-08-31,B,Flat Bed Die Cut,,Nozomi Digital 1 Side Print,1,3,M2501158,2.0,0,1,0,42.04,30.03,0,0.0,"90-22QAPB
28-3/16 x 20-1/8
Flat Bed Die Cut, 
Digital 1 Side 
B32 Coated White 1S
710/unit

*",Mory,,0,,,1.0,0,0,0,True,0,Pack & Protect A-2,Regular,False,234,0,B32 Coated White 1S,CRB,2026-08-12 14:16:08,,0,False,0,0,,,,1,65,0,12,0,N,"Dig Ink Med Intensity (90%), Coated Digital (0%)",MISSISSAUGA,28.03,20.02,0.0,,0.0,0,False,2026-08-12,No Closure,08/18-Moyy,"N,E",14420 - ETERNA C-1-A,"Dig Ink Med Intensity
Coated Digital",08/18-Moyy,189.0,2026-08-26,
369015,5035598,1,2026-08-26,500,10,189,1,10,1,14385,1.0,0,,Nozomi Digital Printer,5000,4429.0,22145.0,5000.0,5500,12811,,,2026-08-31,0,22145.0,186998,2026-08-31,B,Flat Bed Die Cut,N,Nozomi Digital 1 Side Print,1,3,M2501158,2.0,3,1,0,42.04,30.03,0,31.0,"90-22QAPB
28-3/16 x 20-1/8
Flat Bed Die Cut, 
Digital 1 Side 
B32 Coated White 1S
710/unit

*",Mory,,0,,,1.0,0,0,0,True,1,Pack & Protect A-2,Regular,False,1,0,B32 Coated White 1S,CRB,2026-08-12 14:16:08,,0,False,0,0,,NAZ,,1,65,0,12,0,N,"Dig Ink Med Intensity (90%), Coated Digital (0%)",MISSISSAUGA,28.03,20.02,0.0,,0.0,0,False,2026-08-12,No Closure,08/18-Moyy,"N,E",14420 - ETERNA C-1-A,"Dig Ink Med Intensity
Coated Digital",08/18-Moyy,213.0,2026-08-27,211.0
369016,5035598,1,2026-08-27,500,20,213,1,25,1,4800,2.0,0,,Eterna,5000,4429.0,22145.0,2500.0,5500,12811,,,2026-08-31,0,22145.0,186998,2026-08-31,B,Flat Bed Die Cut,E,Nozomi Digital 1 Side Print,1,3,M2501158,2.0,3,1,0,42.04,30.03,0,88.0,"90-22QAPB
28-3/16 x 20-1/8
Flat Bed Die Cut, 
Digital 1 Side 
B32 Coated White 1S
710/unit

*",Mory,,0,,,1.0,0,0,0,True,0,Pack & Protect A-2,Regular,False,3,0,B32 Coated White 1S,CRB,2026-08-12 14:16:08,,0,False,0,0,,Eterna,,1,65,0,12,0,N,"Dig Ink Med Intensity (90%), Coated Digital (0%)",MISSISSAUGA,28.03,20.02,0.0,,0.0,0,False,2026-08-12,No Closure,08/18-Moyy,"N,E",14420 - ETERNA C-1-A,"Dig Ink Med Intensity
Coated Digital",08/18-Moyy,238.0,2026-08-28,240.0
369017,5035598,1,2026-08-28,500,30,238,1,0,1,0,1.0,0,,Pack & Protect A-2,5000,4429.0,22145.0,5000.0,5500,12811,,,2026-08-31,0,22145.0,186998,2026-08-31,B,Flat Bed Die Cut,,Nozomi Digital 1 Side Print,1,3,M2501158,2.0,5,1,0,42.04,30.03,0,0.0,"90-22QAPB
28-3/16 x 20-1/8
Flat Bed Die Cut, 
Digital 1 Side 
B32 Coated White 1S
710/unit

*",Mory,,0,,,1.0,0,0,0,True,0,Pack & Protect A-2,Regular,False,6,0,B32 Coated White 1S,CRB,2026-08-12 14:16:08,,0,False,0,0,,,,1,65,0,12,0,N,"Dig Ink Med Intensity (90%), Coated Digital (0%)",MISSISSAUGA,28.03,20.02,0.0,,0.0,0,False,2026-08-12,No Closure,08/18-Moyy,"N,E",14420 - ETERNA C-1-A,"Dig Ink Med Intensity
Coated Digital",08/18-Moyy,,,425.0
368798,5035530,1,2026-08-14,500,1,234,0,0,0,0,1.0,0,,Corrugator,1500,13635.0,20452.5,1500.0,1575,18459,,,2026-08-24,0,34155.675,189407,2026-08-24,EB,RDC - Rotary Die Cut,,Nozomi Digital 1 Side Print,1,3,M2500527_B,1.0,0,1,0,29.04,67.02,0,0.0,"12  Bottle - RDC - EB42
19-5/16 x 12-3/16 x 14-1/2
27-1/4 x 65-1/8
Die Cut RSC, Glued, 
Digital",Validators,,0,,,1.0,0,0,0,True,0,Pack & Protect D-2,Regular,True,234,0,EB42 Coated White 1S,OT,2026-08-06 15:00:33,,0,False,0,0,,,,1,62,0,12,0,GI,Dig Ink Med Intensity (100%),Penn Yan,19.05,12.03,14.08,,1.0,0,False,2026-08-06,Glued,08/17-MONT01,"N,R,BobstGluer",14728 - C-3,Dig Ink Med Intensity,08/17-MONT01,189.0,2026-08-18,
368799,5035530,1,2026-08-18,200,5,189,1,40,1,1611,1.0,0,,Nozomi Digital Printer,1500,13635.0,20452.5,1500.0,1575,18459,,,2026-08-24,0,34155.675,189407,2026-08-24,EB,RDC - Rotary Die Cut,N,Nozomi Digital 1 Side Print,1,3,M2500527_B,1.0,3,1,0,29.04,67.02,0,96.0,"12  Bottle - RDC - EB42
19-5/16 x 12-3/16 x 14-1/2
27-1/4 x 65-1/8
Die Cut RSC, Glued, 
Digital",Validators,,0,,,1.0,0,0,0,True,1,Pack & Protect D-2,Regular,True,1,0,EB42 Coated White 1S,OT,2026-08-06 15:00:33,,0,False,0,0,,NAZ,,1,62,0,12,0,GI,Dig Ink Med Intensity (100%),Penn Yan,19.05,12.03,14.08,,1.0,0,False,2026-08-06,Glued,08/17-MONT01,"N,R,BobstGluer",14728 - C-3,Dig Ink Med Intensity,08/17-MONT01,166.0,2026-08-18,97.0
368800,5035530,1,2026-08-18,500,15,166,1,33,1,2000,1.0,0,,United Rotary 66x113 4 Colour,1500,13635.0,20452.5,1500.0,1575,18459,,,2026-08-24,0,34155.675,189407,2026-08-24,EB,RDC - Rotary Die Cut,R,Nozomi Digital 1 Side Print,1,3,M2500527_B,1.0,3,1,0,29.04,67.02,0,78.0,"12  Bottle - RDC - EB42
19-5/16 x 12-3/16 x 14-1/2
27-1/4 x 65-1/8
Die Cut RSC, Glued, 
Digital",Validators,,0,,,1.0,0,0,0,True,2,Pack & Protect D-2,Regular,True,2,0,EB42 Coated White 1S,OT,2026-08-06 15:00:33,,0,False,0,0,,Prospect Rotary,,1,62,0,12,0,GI,Dig Ink Med Intensity (100%),Penn Yan,19.05,12.03,14.08,,1.0,0,False,2026-08-06,Glued,08/17-MONT01,"N,R,BobstGluer",14728 - C-3,Dig Ink Med Intensity,08/17-MONT01,167.0,2026-08-20,78.0
368801,5035530,1,2026-08-20,500,20,167,1,75,1,2625,1.0,0,,"Bobst Specialty Gluer 115""",1500,13635.0,20452.5,1500.0,1575,18459,,,2026-08-24,0,34155.675,189407,2026-08-24,EB,RDC - Rotary Die Cut,Bobst Gluer,Nozomi Digital 1 Side Print,1,3,M2500527_B,1.0,3,1,0,29.04,67.02,0,109.0,"12  Bottle - RDC - EB42
19-5/16 x 12-3/16 x 14-1/2
27-1/4 x 65-1/8
Die Cut RSC, Glued, 
Digital",Validators,,0,,,1.0,0,0,0,True,0,Pack & Protect D-2,Regular,True,6,0,EB42 Coated White 1S,OT,2026-08-06 15:00:33,,0,False,0,0,,Bobst Gluer,,1,62,0,12,0,GI,Dig Ink Med Intensity (100%),Penn Yan,19.05,12.03,14.08,,1.0,0,False,2026-08-06,Glued,08/17-MONT01,"N,R,BobstGluer",14728 - C-3,Dig Ink Med Intensity,08/17-MONT01,243.0,2026-08-20,109.0
368802,5035530,1,2026-08-20,500,30,243,1,0,1,0,1.0,0,,Pack & Protect D-2,1500,13635.0,20452.5,1500.0,1575,18459,,,2026-08-24,0,34155.675,189407,2026-08-24,EB,RDC - Rotary Die Cut,,Nozomi Digital 1 Side Print,1,3,M2500527_B,1.0,5,1,0,29.04,67.02,0,0.0,"12  Bottle - RDC - EB42
19-5/16 x 12-3/16 x 14-1/2
27-1/4 x 65-1/8
Die Cut RSC, Glued, 
Digital",Validators,,0,,,1.0,0,0,0,True,0,Pack & Protect D-2,Regular,True,6,0,EB42 Coated White 1S,OT,2026-08-06 15:00:33,,0,False,0,0,,,,1,62,0,12,0,GI,Dig Ink Med Intensity (100%),Penn Yan,19.05,12.03,14.08,,1.0,0,False,2026-08-06,Glued,08/17-MONT01,"N,R,BobstGluer",14728 - C-3,Dig Ink Med Intensity,08/17-MONT01,,,
368803,5035530,2,2026-08-14,500,1,234,0,0,0,0,1.0,0,,Corrugator,1500,10488.0,15732.0,1500.0,1575,18459,,,2026-08-24,0,26272.44,189408,2026-08-24,EB,RDC - Rotary Die Cut,,Nozomi Digital 1 Side Print,1,3,M2600079_A,2.0,0,1,0,45.0,67.02,0,0.0,"6  Bottle - RDC - EB42
19-5/16 x 12-3/16 x 8-3/4
21-1/2 x 65-1/8
Die Cut RSC, Glued, 
Digital Ou",Validators,,0,,,1.0,0,0,0,True,0,Pack & Protect D-2,Regular,True,234,0,EB42 Coated White 1S,OT,2026-08-06 15:00:33,,0,False,0,0,,,,1,62,0,12,0,GI,Dig Ink Med Intensity (100%),Penn Yan,19.05,12.03,8.12,,1.0,0,False,2026-08-06,Glued,08/17-MONT01,"N,R,BobstGluer",14727 - P-6,Dig Ink Med Intensity,08/17-MONT01,189.0,2026-08-18,
368804,5035530,2,2026-08-18,200,5,189,1,40,1,6445,1.0,0,,Nozomi Digital Printer,1500,10488.0,15732.0,1500.0,1575,18459,,,2026-08-24,0,26272.44,189408,2026-08-24,EB,RDC - Rotary Die Cut,N,Nozomi Digital 1 Side Print,1,3,M2600079_A,2.0,3,1,0,45.0,67.02,0,54.0,"6  Bottle - RDC - EB42
19-5/16 x 12-3/16 x 8-3/4
21-1/2 x 65-1/8
Die Cut RSC, Glued, 
Digital Ou",Validators,,0,,,1.0,0,0,0,True,1,Pack & Protect D-2,Regular,True,1,0,EB42 Coated White 1S,OT,2026-08-06 15:00:33,,0,False,0,0,,NAZ,,1,62,0,12,0,GI,Dig Ink Med Intensity (100%),Penn Yan,19.05,12.03,8.12,,1.0,0,False,2026-08-06,Glued,08/17-MONT01,"N,R,BobstGluer",14727 - P-6,Dig Ink Med Intensity,08/17-MONT01,166.0,2026-08-18,54.0
368805,5035530,2,2026-08-18,500,15,166,1,33,1,4000,1.0,0,,United Rotary 66x113 4 Colour,1500,10488.0,15732.0,1500.0,1575,18459,,,2026-08-24,0,26272.44,189408,2026-08-24,EB,RDC - Rotary Die Cut,R,Nozomi Digital 1 Side Print,1,3,M2600079_A,2.0,3,1,0,45.0,67.02,0,56.0,"6  Bottle - RDC - EB42
19-5/16 x 12-3/16 x 8-3/4
21-1/2 x 65-1/8
Die Cut RSC, Glued, 
Digital Ou",Validators,,0,,,1.0,0,0,0,True,2,Pack & Protect D-2,Regular,True,2,0,EB42 Coated White 1S,OT,2026-08-06 15:00:33,,0,False,0,0,,Prospect Rotary,,1,62,0,12,0,GI,Dig Ink Med Intensity (100%),Penn Yan,19.05,12.03,8.12,,1.0,0,False,2026-08-06,Glued,08/17-MONT01,"N,R,BobstGluer",14727 - P-6,Dig Ink Med Intensity,08/17-MONT01,167.0,2026-08-20,55.0
368806,5035530,2,2026-08-20,500,30,167,1,75,1,4200,1.0,0,,"Bobst Specialty Gluer 115""",1500,10488.0,15732.0,1500.0,1575,18459,,,2026-08-24,0,26272.44,189408,2026-08-24,EB,RDC - Rotary Die Cut,Bobst Gluer,Nozomi Digital 1 Side Print,1,3,M2600079_A,2.0,3,1,0,45.0,67.02,0,96.0,"6  Bottle - RDC - EB42
19-5/16 x 12-3/16 x 8-3/4
21-1/2 x 65-1/8
Die Cut RSC, Glued, 
Digital Ou",Validators,,0,,,1.0,0,0,0,True,0,Pack & Protect D-2,Regular,True,6,0,EB42 Coated White 1S,OT,2026-08-06 15:00:33,,0,False,0,0,,Bobst Gluer,,1,62,0,12,0,GI,Dig Ink Med Intensity (100%),Penn Yan,19.05,12.03,8.12,,1.0,0,False,2026-08-06,Glued,08/17-MONT01,"N,R,BobstGluer",14727 - P-6,Dig Ink Med Intensity,08/17-MONT01,243.0,2026-08-20,96.0
368807,5035530,2,2026-08-20,500,40,243,1,0,1,0,1.0,0,,Pack & Protect D-2,1500,10488.0,15732.0,1500.0,1575,18459,,,2026-08-24,0,26272.44,189408,2026-08-24,EB,RDC - Rotary Die Cut,,Nozomi Digital 1 Side Print,1,3,M2600079_A,2.0,5,1,0,45.0,67.02,0,0.0,"6  Bottle - RDC - EB42
19-5/16 x 12-3/16 x 8-3/4
21-1/2 x 65-1/8
Die Cut RSC, Glued, 
Digital Ou",Validators,,0,,,1.0,0,0,0,True,0,Pack & Protect D-2,Regular,True,6,0,EB42 Coated White 1S,OT,2026-08-06 15:00:33,,0,False,0,0,,,,1,62,0,12,0,GI,Dig Ink Med Intensity (100%),Penn Yan,19.05,12.03,8.12,,1.0,0,False,2026-08-06,Glued,08/17-MONT01,"N,R,BobstGluer",14727 - P-6,Dig Ink Med Intensity,08/17-MONT01,,,
368808,5035530,3,2026-08-14,400,1,234,0,0,0,0,1.0,0,,Corrugator,2000,8108.0,16216.0,2000.0,2100,18459,,,2026-08-24,0,27080.72,189409,2026-08-24,EB,Regular Slotted Carton,,Nozomi Digital 1 Side Print,1,3,M2500528_C,2.0,0,1,0,43.12,53.06,0,0.0,"4  Bottle - FBDC - EB42
14-3/4 x 9-7/8 x 10-1/8
Die Cut RSC, Glued, 
Digital Outside Print
EB42",Validators,,0,,,1.0,0,0,0,True,0,Pack & Protect D-2,Regular,True,234,0,EB42 Coated White 1S,OT,2026-08-06 15:00:33,,0,False,0,0,,,,1,62,0,12,0,GI,Dig Ink Med Intensity (100%),Penn Yan,14.12,9.14,10.02,,1.0,0,False,2026-08-06,Glued,08/17-MONT01,"N,E,BobstGluer,Bundling",14726 - CAN3-H,Dig Ink Med Intensity,08/17-MONT01,189.0,2026-08-18,
368809,5035530,3,2026-08-18,200,5,189,1,40,1,8141,1.0,0,,Nozomi Digital Printer,2000,8108.0,16216.0,2000.0,2100,18459,,,2026-08-24,0,27080.72,189409,2026-08-24,EB,Regular Slotted Carton,N,Nozomi Digital 1 Side Print,1,3,M2500528_C,2.0,3,1,0,43.12,53.06,0,55.0,"4  Bottle - FBDC - EB42
14-3/4 x 9-7/8 x 10-1/8
Die Cut RSC, Glued, 
Digital Outside Print
EB42",Validators,,0,,,1.0,0,0,0,True,1,Pack & Protect D-2,Regular,True,1,0,EB42 Coated White 1S,OT,2026-08-06 15:00:33,,0,False,0,0,,NAZ,,1,62,0,12,0,GI,Dig Ink Med Intensity (100%),Penn Yan,14.12,9.14,10.02,,1.0,0,False,2026-08-06,Glued,08/17-MONT01,"N,E,BobstGluer,Bundling",14726 - CAN3-H,Dig Ink Med Intensity,08/17-MONT01,213.0,2026-08-18,54.0
368810,5035530,3,2026-08-18,500,15,213,1,25,1,3000,1.0,0,,Eterna,2000,8108.0,16216.0,2000.0,2100,18459,,,2026-08-24,0,27080.72,189409,2026-08-24,EB,Regular Slotted Carton,E,Nozomi Digital 1 Side Print,1,3,M2500528_C,2.0,3,1,0,43.12,53.06,0,65.0,"4  Bottle - FBDC - EB42
14-3/4 x 9-7/8 x 10-1/8
Die Cut RSC, Glued, 
Digital Outside Print
EB42",Validators,,0,,,1.0,0,0,0,True,0,Pack & Protect D-2,Regular,True,3,0,EB42 Coated White 1S,OT,2026-08-06 15:00:33,,0,False,0,0,,Eterna,,1,62,0,12,0,GI,Dig Ink Med Intensity (100%),Penn Yan,14.12,9.14,10.02,,1.0,0,False,2026-08-06,Glued,08/17-MONT01,"N,E,BobstGluer,Bundling",14726 - CAN3-H,Dig Ink Med Intensity,08/17-MONT01,167.0,2026-08-20,65.0
368811,5035530,3,2026-08-20,500,30,167,1,31,1,4200,1.0,0,,"Bobst Specialty Gluer 115""",2000,8108.0,16216.0,2000.0,2100,18459,,,2026-08-24,0,27080.72,189409,2026-08-24,EB,Regular Slotted Carton,Bobst Gluer,Nozomi Digital 1 Side Print,1,3,M2500528_C,2.0,3,1,0,43.12,53.06,0,60.0,"4  Bottle - FBDC - EB42
14-3/4 x 9-7/8 x 10-1/8
Die Cut RSC, Glued, 
Digital Outside Print
EB42",Validators,,0,,,1.0,0,0,0,True,0,Pack & Protect D-2,Regular,True,6,0,EB42 Coated White 1S,OT,2026-08-06 15:00:33,,0,False,0,0,,Bobst Gluer,,1,62,0,12,0,GI,Dig Ink Med Intensity (100%),Penn Yan,14.12,9.14,10.02,,1.0,0,False,2026-08-06,Glued,08/17-MONT01,"N,E,BobstGluer,Bundling",14726 - CAN3-H,Dig Ink Med Intensity,08/17-MONT01,55.0,2026-08-19,59.0
368812,5035530,3,2026-08-19,500,40,55,1,10,1,1000,1.0,0,,Bundling,2000,8108.0,16216.0,2000.0,2100,18459,,,2026-08-24,0,27080.72,189409,2026-08-24,EB,Regular Slotted Carton,Bundling,Nozomi Digital 1 Side Print,1,3,M2500528_C,2.0,8,1,0,43.12,53.06,0,130.0,"4  Bottle - FBDC - EB42
14-3/4 x 9-7/8 x 10-1/8
Die Cut RSC, Glued, 
Digital Outside Print
EB42",Validators,,0,,,1.0,0,0,0,True,0,Pack & Protect D-2,Regular,True,0,0,EB42 Coated White 1S,OT,2026-08-06 15:00:33,,0,False,0,0,,Bundling,,1,62,0,12,0,GI,Dig Ink Med Intensity (100%),Penn Yan,14.12,9.14,10.02,,1.0,0,False,2026-08-06,Glued,08/17-MONT01,"N,E,BobstGluer,Bundling",14726 - CAN3-H,Dig Ink Med Intensity,08/17-MONT01,243.0,2026-08-20,135.0
368813,5035530,3,2026-08-20,500,50,243,1,0,1,0,1.0,0,,Pack & Protect D-2,2000,8108.0,16216.0,2000.0,2100,18459,,,2026-08-24,0,27080.72,189409,2026-08-24,EB,Regular Slotted Carton,,Nozomi Digital 1 Side Print,1,3,M2500528_C,2.0,5,1,0,43.12,53.06,0,0.0,"4  Bottle - FBDC - EB42
14-3/4 x 9-7/8 x 10-1/8
Die Cut RSC, Glued, 
Digital Outside Print
EB42",Validators,,0,,,1.0,0,0,0,True,0,Pack & Protect D-2,Regular,True,6,0,EB42 Coated White 1S,OT,2026-08-06 15:00:33,,0,False,0,0,,,,1,62,0,12,0,GI,Dig Ink Med Intensity (100%),Penn Yan,14.12,9.14,10.02,,1.0,0,False,2026-08-06,Glued,08/17-MONT01,"N,E,BobstGluer,Bundling",14726 - CAN3-H,Dig Ink Med Intensity,08/17-MONT01,,,
367651,5035536,1,2026-08-27,500,1,234,0,0,0,0,1.0,0,,Corrugator,1100,28295.0,31124.5,1100.0,1155,18353,,,2026-08-26,0,31124.5,191111,2026-08-26,B,RDC - Rotary Die Cut,,Nozomi Digital 1 Side Print,1,3,M2600469,1.0,0,1,0,50.13,80.03,0,0.0,"BIN-BMI39933  COLUMBIA
23-3/8 x 14-3/4 x 38-3/4
RDC, Glued, Digital 1 Side 
B32 Kemi White 1S
16",Duvet,,0,,,1.0,0,0,0,True,0,Pack & Protect D-1,Regular,False,234,0,B32 Coated White 1S,OT,2026-08-07 07:27:28,,0,False,0,0,,,,1,65,0,12,0,GI,Dig Ink Med Intensity (100%),Montreal,23.06,14.12,38.12,,1.0,0,False,2026-08-07,Glued,08/13-MONT01,"N,R,BobstGluer,Co-Packing",14857 -,Dig Ink Med Intensity,08/13-MONT01,189.0,2026-08-14,
367652,5035536,1,2026-08-14,500,10,189,1,10,1,1349,1.0,0,,Nozomi Digital Printer,1100,28295.0,31124.5,1100.0,1155,18353,,,2026-08-26,0,31124.5,191111,2026-08-26,B,RDC - Rotary Die Cut,N,Nozomi Digital 1 Side Print,1,3,M2600469,1.0,3,1,0,50.13,80.03,0,59.0,"BIN-BMI39933  COLUMBIA
23-3/8 x 14-3/4 x 38-3/4
RDC, Glued, Digital 1 Side 
B32 Kemi White 1S
16",Duvet,,0,,,1.0,0,0,0,True,1,Pack & Protect D-1,Regular,False,1,0,B32 Coated White 1S,OT,2026-08-07 07:27:28,,0,False,0,0,,NAZ,,1,65,0,12,0,GI,Dig Ink Med Intensity (100%),Montreal,23.06,14.12,38.12,,1.0,0,False,2026-08-07,Glued,08/13-MONT01,"N,R,BobstGluer,Co-Packing",14857 -,Dig Ink Med Intensity,08/13-MONT01,166.0,2026-08-17,265.0
367653,5035536,1,2026-08-17,500,20,166,1,33,1,2400,1.0,0,,United Rotary 66x113 4 Colour,1100,28295.0,31124.5,1100.0,1155,18353,,,2026-08-26,0,31124.5,191111,2026-08-26,B,RDC - Rotary Die Cut,R,Nozomi Digital 1 Side Print,1,3,M2600469,1.0,3,1,0,50.13,80.03,0,61.0,"BIN-BMI39933  COLUMBIA
23-3/8 x 14-3/4 x 38-3/4
RDC, Glued, Digital 1 Side 
B32 Kemi White 1S
16",Duvet,,0,,,1.0,0,0,0,True,2,Pack & Protect D-1,Regular,False,2,0,B32 Coated White 1S,OT,2026-08-07 07:27:28,,0,False,0,0,,Prospect Rotary,,1,65,0,12,0,GI,Dig Ink Med Intensity (100%),Montreal,23.06,14.12,38.12,,1.0,0,False,2026-08-07,Glued,08/13-MONT01,"N,R,BobstGluer,Co-Packing",14857 -,Dig Ink Med Intensity,08/13-MONT01,167.0,2026-08-19,205.0
367654,5035536,1,2026-08-19,100,30,167,1,75,1,1500,1.0,0,,"Bobst Specialty Gluer 115""",1100,28295.0,31124.5,1100.0,1155,18353,,,2026-08-26,0,31124.5,191111,2026-08-26,B,RDC - Rotary Die Cut,Bobst Gluer,Nozomi Digital 1 Side Print,1,3,M2600469,1.0,3,1,0,50.13,80.03,0,119.0,"BIN-BMI39933  COLUMBIA
23-3/8 x 14-3/4 x 38-3/4
RDC, Glued, Digital 1 Side 
B32 Kemi White 1S
16",Duvet,,0,,,1.0,0,0,0,True,0,Pack & Protect D-1,Regular,False,6,0,B32 Coated White 1S,OT,2026-08-07 07:27:28,,0,False,0,0,,Bobst Gluer,,1,65,0,12,0,GI,Dig Ink Med Intensity (100%),Montreal,23.06,14.12,38.12,,1.0,0,False,2026-08-07,Glued,08/13-MONT01,"N,R,BobstGluer,Co-Packing",14857 -,Dig Ink Med Intensity,08/13-MONT01,193.0,2026-09-02,119.0
367655,5035536,1,2026-09-02,500,40,193,1,0,1,0,1.0,0,,Pack & Protect D-1,1100,28295.0,31124.5,1100.0,1155,18353,,,2026-08-26,0,31124.5,191111,2026-08-26,B,RDC - Rotary Die Cut,Co-Packing,Nozomi Digital 1 Side Print,1,3,M2600469,1.0,5,1,0,50.13,80.03,0,0.0,"BIN-BMI39933  COLUMBIA
23-3/8 x 14-3/4 x 38-3/4
RDC, Glued, Digital 1 Side 
B32 Kemi White 1S
16",Duvet,,0,,,1.0,0,0,0,True,0,Pack & Protect D-1,Regular,False,6,0,B32 Coated White 1S,OT,2026-08-07 07:27:28,,0,False,0,0,,CP,,1,65,0,12,0,GI,Dig Ink Med Intensity (100%),Montreal,23.06,14.12,38.12,,1.0,0,False,2026-08-07,Glued,08/13-MONT01,"N,R,BobstGluer,Co-Packing",14857 -,Dig Ink Med Intensity,08/13-MONT01,,,
369511,5035618,1,2026-08-25,500,1,234,0,0,0,0,1.0,0,,Corrugator,375,19833.0,7437.375,375.0,375,18596,,,2026-08-28,0,12420.41625,191502,2026-08-28,EB,Sheet,,Nozomi Digital 1 Side Print,1,3,,1.0,0,1,0,51.0,56.0,0,0.0,"CDM Floorstand - Biscoff Eng
51 x 56
Digital 1 Side 
EB48 CC (kemi) / Oyster
Board and Print onl",Display,,0,,,1.0,0,0,0,True,0,Pack & Protect C-3,Regular,False,234,0,EB48 CC (kemi) / Oyster,CRB,2026-08-13 16:17:14,,0,False,0,0,,,,1,65,0,12,0,,Dig Ink Low Intensity (80%),Scarborough,51.0,56.0,0.0,,0.0,0,False,2026-08-13,Not Applicable,No P.O.,N,,Dig Ink Low Intensity,No P.O.,189.0,2026-08-26,
369513,5035618,1,2026-08-26,500,10,189,1,10,1,1928,1.0,0,,Nozomi Digital Printer,375,19833.0,7437.375,375.0,375,18596,,,2026-08-28,0,12420.41625,191502,2026-08-28,EB,Sheet,N,Nozomi Digital 1 Side Print,1,3,,1.0,3,1,0,51.0,56.0,0,22.0,"CDM Floorstand - Biscoff Eng
51 x 56
Digital 1 Side 
EB48 CC (kemi) / Oyster
Board and Print onl",Display,,0,,,1.0,0,0,0,True,1,Pack & Protect C-3,Regular,False,1,0,EB48 CC (kemi) / Oyster,CRB,2026-08-13 16:17:14,,0,False,0,0,,NAZ,,1,65,0,12,0,,Dig Ink Low Intensity (80%),Scarborough,51.0,56.0,0.0,,0.0,0,False,2026-08-13,Not Applicable,No P.O.,N,,Dig Ink Low Intensity,No P.O.,245.0,2026-08-27,50.0
369514,5035618,1,2026-08-27,500,20,245,1,0,1,0,1.0,0,,Pack & Protect C-3,375,19833.0,7437.375,375.0,375,18596,,,2026-08-28,0,12420.41625,191502,2026-08-28,EB,Sheet,,Nozomi Digital 1 Side Print,1,3,,1.0,5,1,0,51.0,56.0,0,0.0,"CDM Floorstand - Biscoff Eng
51 x 56
Digital 1 Side 
EB48 CC (kemi) / Oyster
Board and Print onl",Display,,0,,,1.0,0,0,0,True,0,Pack & Protect C-3,Regular,False,0,0,EB48 CC (kemi) / Oyster,CRB,2026-08-13 16:17:14,,0,False,0,0,,,,1,65,0,12,0,,Dig Ink Low Intensity (80%),Scarborough,51.0,56.0,0.0,,0.0,0,False,2026-08-13,Not Applicable,No P.O.,N,,Dig Ink Low Intensity,No P.O.,,,
369515,5035618,2,2026-08-25,500,1,234,0,0,0,0,1.0,0,,Corrugator,375,19833.0,7437.375,375.0,375,18596,,,2026-08-28,0,12420.41625,191503,2026-08-28,EB,Sheet,,Nozomi Digital 1 Side Print,1,3,,1.0,0,1,0,51.0,56.0,0,0.0,"CDM Floorstand - Biscoff Fr
51 x 56
Digital 1 Side 
EB48 CC (kemi) / Oyster
Board and Print only",Display,,0,,,1.0,0,0,0,True,0,Pack & Protect C-3,Regular,False,234,0,EB48 CC (kemi) / Oyster,CRB,2026-08-13 16:17:14,,0,False,0,0,,,,1,65,0,12,0,,Dig Ink Low Intensity (80%),Scarborough,51.0,56.0,0.0,,0.0,0,False,2026-08-13,Not Applicable,No P.O.,N,,Dig Ink Low Intensity,No P.O.,189.0,2026-08-26,
369517,5035618,2,2026-08-26,500,10,189,1,10,1,1928,1.0,0,,Nozomi Digital Printer,375,19833.0,7437.375,375.0,375,18596,,,2026-08-28,0,12420.41625,191503,2026-08-28,EB,Sheet,N,Nozomi Digital 1 Side Print,1,3,,1.0,3,1,0,51.0,56.0,0,22.0,"CDM Floorstand - Biscoff Fr
51 x 56
Digital 1 Side 
EB48 CC (kemi) / Oyster
Board and Print only",Display,,0,,,1.0,0,0,0,True,1,Pack & Protect C-3,Regular,False,1,0,EB48 CC (kemi) / Oyster,CRB,2026-08-13 16:17:14,,0,False,0,0,,NAZ,,1,65,0,12,0,,Dig Ink Low Intensity (80%),Scarborough,51.0,56.0,0.0,,0.0,0,False,2026-08-13,Not Applicable,No P.O.,N,,Dig Ink Low Intensity,No P.O.,245.0,2026-08-27,48.0
369518,5035618,2,2026-08-27,500,20,245,1,0,1,0,1.0,0,,Pack & Protect C-3,375,19833.0,7437.375,375.0,375,18596,,,2026-08-28,0,12420.41625,191503,2026-08-28,EB,Sheet,,Nozomi Digital 1 Side Print,1,3,,1.0,5,1,0,51.0,56.0,0,0.0,"CDM Floorstand - Biscoff Fr
51 x 56
Digital 1 Side 
EB48 CC (kemi) / Oyster
Board and Print only",Display,,0,,,1.0,0,0,0,True,0,Pack & Protect C-3,Regular,False,0,0,EB48 CC (kemi) / Oyster,CRB,2026-08-13 16:17:14,,0,False,0,0,,,,1,65,0,12,0,,Dig Ink Low Intensity (80%),Scarborough,51.0,56.0,0.0,,0.0,0,False,2026-08-13,Not Applicable,No P.O.,N,,Dig Ink Low Intensity,No P.O.,,,
369537,5035618,9,2026-08-20,500,1,234,0,0,0,0,1.0,0,,Corrugator,200,7563.0,1512.6,200.0,200,18596,,,2026-08-28,0,1512.6,191731,2026-08-28,B,Sheet,,Nozomi Digital 1 Side Print,1,3,,1.0,0,1,0,33.0,33.0,0,0.0,"Top Joiner - Biscoff 
33 x 33
Sheet, Digital 1 Side 
B32 Coated White 2S
Board and Print only",Display,,0,,,1.0,0,0,0,True,0,Pack & Protect C-2,Regular,False,234,0,B32 Coated White 2S,CRB,2026-08-13 16:17:14,,0,False,0,0,,,,1,68,0,12,0,,Dig Ink Med Intensity (100%),Scarborough,33.0,33.0,0.0,,0.0,0,False,2026-08-13,Not Applicable,No P.O.,N,,Dig Ink Med Intensity,No P.O.,189.0,2026-08-21,
369538,5035618,9,2026-08-21,500,10,189,1,10,1,3272,1.0,0,,Nozomi Digital Printer,200,7563.0,1512.6,200.0,200,18596,,,2026-08-28,0,1512.6,191731,2026-08-28,B,Sheet,N,Nozomi Digital 1 Side Print,1,3,,1.0,3,1,0,33.0,33.0,0,14.0,"Top Joiner - Biscoff 
33 x 33
Sheet, Digital 1 Side 
B32 Coated White 2S
Board and Print only",Display,,0,,,1.0,0,0,0,True,1,Pack & Protect C-2,Regular,False,1,0,B32 Coated White 2S,CRB,2026-08-13 16:17:14,,0,False,0,0,,NAZ,,1,68,0,12,0,,Dig Ink Med Intensity (100%),Scarborough,33.0,33.0,0.0,,0.0,0,False,2026-08-13,Not Applicable,No P.O.,N,,Dig Ink Med Intensity,No P.O.,242.0,2026-08-24,13.0
369539,5035618,9,2026-08-24,500,20,242,1,0,1,0,1.0,0,,Pack & Protect C-2,200,7563.0,1512.6,200.0,200,18596,,,2026-08-28,0,1512.6,191731,2026-08-28,B,Sheet,,Nozomi Digital 1 Side Print,1,3,,1.0,5,1,0,33.0,33.0,0,0.0,"Top Joiner - Biscoff 
33 x 33
Sheet, Digital 1 Side 
B32 Coated White 2S
Board and Print only",Display,,0,,,1.0,0,0,0,True,0,Pack & Protect C-2,Regular,False,6,0,B32 Coated White 2S,CRB,2026-08-13 16:17:14,,0,False,0,0,,,,1,68,0,12,0,,Dig Ink Med Intensity (100%),Scarborough,33.0,33.0,0.0,,0.0,0,False,2026-08-13,Not Applicable,No P.O.,N,,Dig Ink Med Intensity,No P.O.,,,
369534,5035618,8,2026-08-25,500,1,234,0,0,0,0,1.0,0,,Corrugator,220,11194.0,2462.68,220.0,220,18596,,,2026-08-28,0,2462.68,191732,2026-08-28,B,Sheet,,Nozomi Digital 1 Side Print,1,3,,1.0,0,1,0,31.0,52.0,0,0.0,"Bar Support and Motor Tray  - Biscoff
31 x 52
Sheet, Digital 1 Side 
B32 Coated White 2S
Board a",Display,,0,,,1.0,0,0,0,True,0,Pack & Protect C-2,Regular,False,234,0,B32 Coated White 2S,CRB,2026-08-13 16:17:14,,0,False,0,0,,,,1,68,0,12,0,,Dig Ink Med Intensity (100%),Scarborough,31.0,52.0,0.0,,0.0,0,False,2026-08-13,Not Applicable,No P.O.,N,,Dig Ink Med Intensity,No P.O.,189.0,2026-08-26,
369535,5035618,8,2026-08-26,500,10,189,1,10,1,2076,1.0,0,,Nozomi Digital Printer,220,11194.0,2462.68,220.0,220,18596,,,2026-08-28,0,2462.68,191732,2026-08-28,B,Sheet,N,Nozomi Digital 1 Side Print,1,3,,1.0,3,1,0,31.0,52.0,0,16.0,"Bar Support and Motor Tray  - Biscoff
31 x 52
Sheet, Digital 1 Side 
B32 Coated White 2S
Board a",Display,,0,,,1.0,0,0,0,True,1,Pack & Protect C-2,Regular,False,1,0,B32 Coated White 2S,CRB,2026-08-13 16:17:14,,0,False,0,0,,NAZ,,1,68,0,12,0,,Dig Ink Med Intensity (100%),Scarborough,31.0,52.0,0.0,,0.0,0,False,2026-08-13,Not Applicable,No P.O.,N,,Dig Ink Med Intensity,No P.O.,242.0,2026-08-27,16.0
369536,5035618,8,2026-08-27,500,20,242,1,0,1,0,1.0,0,,Pack & Protect C-2,220,11194.0,2462.68,220.0,220,18596,,,2026-08-28,0,2462.68,191732,2026-08-28,B,Sheet,,Nozomi Digital 1 Side Print,1,3,,1.0,5,1,0,31.0,52.0,0,0.0,"Bar Support and Motor Tray  - Biscoff
31 x 52
Sheet, Digital 1 Side 
B32 Coated White 2S
Board a",Display,,0,,,1.0,0,0,0,True,0,Pack & Protect C-2,Regular,False,6,0,B32 Coated White 2S,CRB,2026-08-13 16:17:14,,0,False,0,0,,,,1,68,0,12,0,,Dig Ink Med Intensity (100%),Scarborough,31.0,52.0,0.0,,0.0,0,False,2026-08-13,Not Applicable,No P.O.,N,,Dig Ink Med Intensity,No P.O.,,,
369531,5035618,7,2026-08-25,500,1,234,0,0,0,0,1.0,0,,Corrugator,205,16674.0,3418.17,205.0,205,18596,,,2026-08-28,0,3418.17,191733,2026-08-28,B,Sheet,,Nozomi Digital 1 Side Print,1,3,,1.0,0,1,0,49.0,49.0,0,0.0,"Bottom Tray - Biscoff 
49 x 49
Sheet, Digital 1 Side 
B32 Coated White 2S
Board and Print only",Display,,0,,,1.0,0,0,0,True,0,Pack & Protect C-2,Regular,False,234,0,B32 Coated White 2S,CRB,2026-08-13 16:17:14,,0,False,0,0,,,,1,68,0,12,0,,Dig Ink Med Intensity (100%),Scarborough,49.0,49.0,0.0,,0.0,0,False,2026-08-13,Not Applicable,No P.O.,N,,Dig Ink Med Intensity,No P.O.,189.0,2026-08-26,
369532,5035618,7,2026-08-26,500,10,189,1,10,1,2204,1.0,0,,Nozomi Digital Printer,205,16674.0,3418.17,205.0,205,18596,,,2026-08-28,0,3418.17,191733,2026-08-28,B,Sheet,N,Nozomi Digital 1 Side Print,1,3,,1.0,3,1,0,49.0,49.0,0,16.0,"Bottom Tray - Biscoff 
49 x 49
Sheet, Digital 1 Side 
B32 Coated White 2S
Board and Print only",Display,,0,,,1.0,0,0,0,True,1,Pack & Protect C-2,Regular,False,1,0,B32 Coated White 2S,CRB,2026-08-13 16:17:14,,0,False,0,0,,NAZ,,1,68,0,12,0,,Dig Ink Med Intensity (100%),Scarborough,49.0,49.0,0.0,,0.0,0,False,2026-08-13,Not Applicable,No P.O.,N,,Dig Ink Med Intensity,No P.O.,242.0,2026-08-27,15.0
369533,5035618,7,2026-08-27,500,20,242,1,0,1,0,1.0,0,,Pack & Protect C-2,205,16674.0,3418.17,205.0,205,18596,,,2026-08-28,0,3418.17,191733,2026-08-28,B,Sheet,,Nozomi Digital 1 Side Print,1,3,,1.0,5,1,0,49.0,49.0,0,0.0,"Bottom Tray - Biscoff 
49 x 49
Sheet, Digital 1 Side 
B32 Coated White 2S
Board and Print only",Display,,0,,,1.0,0,0,0,True,0,Pack & Protect C-2,Regular,False,6,0,B32 Coated White 2S,CRB,2026-08-13 16:17:14,,0,False,0,0,,,,1,68,0,12,0,,Dig Ink Med Intensity (100%),Scarborough,49.0,49.0,0.0,,0.0,0,False,2026-08-13,Not Applicable,No P.O.,N,,Dig Ink Med Intensity,No P.O.,,,
369519,5035618,3,2026-08-25,500,1,234,0,0,0,0,1.0,0,,Corrugator,185,20889.0,3864.465,185.0,185,18596,,,2026-08-28,0,3864.465,191734,2026-08-28,B,Sheet,,Nozomi Digital 1 Side Print,1,3,,1.0,0,1,0,64.0,47.0,0,0.0,"Corner Pillar - Biscoff Eng V1
64 x 47
Sheet, Digital 1 Side 
B32 Coated White 2S
Board and Prin",Display,,0,,,1.0,0,0,0,True,0,Pack & Protect C-2,Regular,False,234,0,B32 Coated White 2S,CRB,2026-08-13 16:17:14,,0,False,0,0,,,,1,68,0,12,0,,Dig Ink Med Intensity (100%),Scarborough,64.0,47.0,0.0,,0.0,0,False,2026-08-13,Not Applicable,No P.O.,N,,Dig Ink Med Intensity,No P.O.,189.0,2026-08-26,
369520,5035618,3,2026-08-26,500,10,189,1,10,1,2297,1.0,0,,Nozomi Digital Printer,185,20889.0,3864.465,185.0,185,18596,,,2026-08-28,0,3864.465,191734,2026-08-28,B,Sheet,N,Nozomi Digital 1 Side Print,1,3,,1.0,3,1,0,64.0,47.0,0,15.0,"Corner Pillar - Biscoff Eng V1
64 x 47
Sheet, Digital 1 Side 
B32 Coated White 2S
Board and Prin",Display,,0,,,1.0,0,0,0,True,1,Pack & Protect C-2,Regular,False,1,0,B32 Coated White 2S,CRB,2026-08-13 16:17:14,,0,False,0,0,,NAZ,,1,68,0,12,0,,Dig Ink Med Intensity (100%),Scarborough,64.0,47.0,0.0,,0.0,0,False,2026-08-13,Not Applicable,No P.O.,N,,Dig Ink Med Intensity,No P.O.,242.0,2026-08-27,14.0
369521,5035618,3,2026-08-27,500,20,242,1,0,1,0,1.0,0,,Pack & Protect C-2,185,20889.0,3864.465,185.0,185,18596,,,2026-08-28,0,3864.465,191734,2026-08-28,B,Sheet,,Nozomi Digital 1 Side Print,1,3,,1.0,5,1,0,64.0,47.0,0,0.0,"Corner Pillar - Biscoff Eng V1
64 x 47
Sheet, Digital 1 Side 
B32 Coated White 2S
Board and Prin",Display,,0,,,1.0,0,0,0,True,0,Pack & Protect C-2,Regular,False,6,0,B32 Coated White 2S,CRB,2026-08-13 16:17:14,,0,False,0,0,,,,1,68,0,12,0,,Dig Ink Med Intensity (100%),Scarborough,64.0,47.0,0.0,,0.0,0,False,2026-08-13,Not Applicable,No P.O.,N,,Dig Ink Med Intensity,No P.O.,,,
369128,5035589,1,2026-08-14,400,1,234,0,0,0,0,1.0,0,,Corrugator,400,18349.0,7339.6,400.0,420,13523,,,2026-08-17,0,7339.6,191745,2026-08-17,B,Flat Bed Die Cut,,Nozomi Digital 1 Side Print,1,3,,1.0,0,1,0,41.02,64.04,0,0.0,"Cameo BX403
39-5/8 x 62-1/4
Flat Bed Die Cut, No Closure, 
Digital 1 Side 
B32 Coated White 1S",Blue,,0,,,1.0,0,0,0,True,0,Pack & Protect A-2,Regular,False,234,0,B32 Coated White 1S,CRB,2026-08-12 09:41:43,,0,False,0,3,,,,1,65,0,12,0,N,Dig Ink Med Intensity (70%),Buffalo,62.04,39.1,0.0,,1.0,0,False,2026-08-12,No Closure,No P.O.,"N,Elitron",14900 - ETERNA CAN4-E,Dig Ink Med Intensity,No P.O.,189.0,2026-08-13,
369127,5035589,1,2026-08-14,500,20,231,1,25,1,120,1.0,0,,Elitron,400,18349.0,7339.6,400.0,420,13523,,,2026-08-17,0,7339.6,191745,2026-08-17,B,Flat Bed Die Cut,Elitron,Nozomi Digital 1 Side Print,1,3,,1.0,5,1,0,41.02,64.04,0,225.0,"Cameo BX403
39-5/8 x 62-1/4
Flat Bed Die Cut, No Closure, 
Digital 1 Side 
B32 Coated White 1S",Blue,,0,,,1.0,0,0,0,True,0,Pack & Protect A-2,Regular,False,8,0,B32 Coated White 1S,CRB,2026-08-12 09:41:43,,0,False,0,3,,Elitron,,1,65,0,12,0,N,Dig Ink Med Intensity (70%),Buffalo,62.04,39.1,0.0,,1.0,0,False,2026-08-12,No Closure,No P.O.,"N,Elitron",14900 - ETERNA CAN4-E,Dig Ink Med Intensity,No P.O.,238.0,2026-08-14,149.0
369129,5035589,1,2026-08-14,500,30,238,1,0,1,0,1.0,0,,Pack & Protect A-2,400,18349.0,7339.6,400.0,420,13523,,,2026-08-17,0,7339.6,191745,2026-08-17,B,Flat Bed Die Cut,,Nozomi Digital 1 Side Print,1,3,,1.0,5,1,0,41.02,64.04,0,0.0,"Cameo BX403
39-5/8 x 62-1/4
Flat Bed Die Cut, No Closure, 
Digital 1 Side 
B32 Coated White 1S",Blue,,0,,,1.0,0,0,0,True,0,Pack & Protect A-2,Regular,False,6,0,B32 Coated White 1S,CRB,2026-08-12 09:41:43,,0,False,0,3,,,,1,65,0,12,0,N,Dig Ink Med Intensity (70%),Buffalo,62.04,39.1,0.0,,1.0,0,False,2026-08-12,No Closure,No P.O.,"N,Elitron",14900 - ETERNA CAN4-E,Dig Ink Med Intensity,No P.O.,,,13.0
369049,5035595,1,2026-08-26,500,1,234,0,0,0,0,1.0,0,,Corrugator,650,9635.0,6262.75,650.0,683,13523,,,2026-09-01,0,6262.75,191747,2026-09-01,B,Flat Bed Die Cut,,Nozomi Digital 1 Side Print,1,3,,1.0,0,1,0,30.0,46.04,0,0.0,"BMM526 - Small Panel V1
25-1/2 x 44-5/8
Flat Bed Die Cut, No Closure, 
Digital 1 Side 
B32 Coate",Blue,,0,,,1.0,0,0,0,True,0,Pack & Protect A-2,Regular,False,234,0,B32 Coated White 1S,CRB,2026-08-12 13:03:23,,0,False,0,0,,,,1,65,0,12,0,N,Dig Ink Med Intensity (100%),Horseheads,44.1,25.08,0.0,,0.0,0,False,2026-08-12,No Closure,08/18-Moyy,"N,E",14939 -,Dig Ink Med Intensity,08/18-Moyy,189.0,2026-08-27,
369047,5035595,1,2026-08-27,500,10,189,1,10,1,2342,1.0,0,,Nozomi Digital Printer,650,9635.0,6262.75,650.0,683,13523,,,2026-09-01,0,6262.75,191747,2026-09-01,B,Flat Bed Die Cut,N,Nozomi Digital 1 Side Print,1,3,,1.0,3,1,0,30.0,46.04,0,27.0,"BMM526 - Small Panel V1
25-1/2 x 44-5/8
Flat Bed Die Cut, No Closure, 
Digital 1 Side 
B32 Coate",Blue,,0,,,1.0,0,0,0,True,1,Pack & Protect A-2,Regular,False,1,0,B32 Coated White 1S,CRB,2026-08-12 13:03:23,,0,False,0,0,,NAZ,,1,65,0,12,0,N,Dig Ink Med Intensity (100%),Horseheads,44.1,25.08,0.0,,0.0,0,False,2026-08-12,No Closure,08/18-Moyy,"N,E",14939 -,Dig Ink Med Intensity,08/18-Moyy,213.0,2026-08-28,26.0
369048,5035595,1,2026-08-28,500,20,213,1,25,1,2160,1.0,0,,Eterna,650,9635.0,6262.75,650.0,683,13523,,,2026-09-01,0,6262.75,191747,2026-09-01,B,Flat Bed Die Cut,E,Nozomi Digital 1 Side Print,1,3,,1.0,3,1,0,30.0,46.04,0,43.0,"BMM526 - Small Panel V1
25-1/2 x 44-5/8
Flat Bed Die Cut, No Closure, 
Digital 1 Side 
B32 Coate",Blue,,0,,,1.0,0,0,0,True,0,Pack & Protect A-2,Regular,False,3,0,B32 Coated White 1S,CRB,2026-08-12 13:03:23,,0,False,0,0,,Eterna,,1,65,0,12,0,N,Dig Ink Med Intensity (100%),Horseheads,44.1,25.08,0.0,,0.0,0,False,2026-08-12,No Closure,08/18-Moyy,"N,E",14939 -,Dig Ink Med Intensity,08/18-Moyy,238.0,2026-08-31,43.0
369050,5035595,1,2026-08-31,500,30,238,1,0,1,0,1.0,0,,Pack & Protect A-2,650,9635.0,6262.75,650.0,683,13523,,,2026-09-01,0,6262.75,191747,2026-09-01,B,Flat Bed Die Cut,,Nozomi Digital 1 Side Print,1,3,,1.0,5,1,0,30.0,46.04,0,0.0,"BMM526 - Small Panel V1
25-1/2 x 44-5/8
Flat Bed Die Cut, No Closure, 
Digital 1 Side 
B32 Coate",Blue,,0,,,1.0,0,0,0,True,0,Pack & Protect A-2,Regular,False,6,0,B32 Coated White 1S,CRB,2026-08-12 13:03:23,,0,False,0,0,,,,1,65,0,12,0,N,Dig Ink Med Intensity (100%),Horseheads,44.1,25.08,0.0,,0.0,0,False,2026-08-12,No Closure,08/18-Moyy,"N,E",14939 -,Dig Ink Med Intensity,08/18-Moyy,,,
369057,5035595,3,2026-08-26,500,1,234,0,0,0,0,1.0,0,,Corrugator,650,10469.0,6804.85,650.0,683,13523,,,2026-09-01,0,6804.85,191748,2026-09-01,B,Flat Bed Die Cut,,Nozomi Digital 1 Side Print,1,3,,1.0,0,1,0,30.0,50.04,0,0.0,"BMM526 - LRG Panel - V1
25-1/2 x 52-5/8
Flat Bed Die Cut, No Closure, 
Digital 1 Side 
B32 Coate",Blue,,0,,,1.0,0,0,0,True,0,Pack & Protect A-2,Regular,False,234,0,B32 Coated White 1S,CRB,2026-08-12 13:03:23,,0,False,0,0,,,,1,65,0,12,0,N,Dig Ink Med Intensity (100%),Horseheads,52.1,25.08,0.0,,0.0,0,False,2026-08-12,No Closure,08/18-Moyy,"N,E",14940 -,Dig Ink Med Intensity,08/18-Moyy,189.0,2026-08-27,
369055,5035595,3,2026-08-27,500,10,189,1,10,1,1996,1.0,0,,Nozomi Digital Printer,650,10469.0,6804.85,650.0,683,13523,,,2026-09-01,0,6804.85,191748,2026-09-01,B,Flat Bed Die Cut,N,Nozomi Digital 1 Side Print,1,3,,1.0,3,1,0,30.0,50.04,0,30.0,"BMM526 - LRG Panel - V1
25-1/2 x 52-5/8
Flat Bed Die Cut, No Closure, 
Digital 1 Side 
B32 Coate",Blue,,0,,,1.0,0,0,0,True,1,Pack & Protect A-2,Regular,False,1,0,B32 Coated White 1S,CRB,2026-08-12 13:03:23,,0,False,0,0,,NAZ,,1,65,0,12,0,N,Dig Ink Med Intensity (100%),Horseheads,52.1,25.08,0.0,,0.0,0,False,2026-08-12,No Closure,08/18-Moyy,"N,E",14940 -,Dig Ink Med Intensity,08/18-Moyy,213.0,2026-08-28,29.0
369056,5035595,3,2026-08-28,500,20,213,1,25,1,2160,1.0,0,,Eterna,650,10469.0,6804.85,650.0,683,13523,,,2026-09-01,0,6804.85,191748,2026-09-01,B,Flat Bed Die Cut,E,Nozomi Digital 1 Side Print,1,3,,1.0,3,1,0,30.0,50.04,0,43.0,"BMM526 - LRG Panel - V1
25-1/2 x 52-5/8
Flat Bed Die Cut, No Closure, 
Digital 1 Side 
B32 Coate",Blue,,0,,,1.0,0,0,0,True,0,Pack & Protect A-2,Regular,False,3,0,B32 Coated White 1S,CRB,2026-08-12 13:03:23,,0,False,0,0,,Eterna,,1,65,0,12,0,N,Dig Ink Med Intensity (100%),Horseheads,52.1,25.08,0.0,,0.0,0,False,2026-08-12,No Closure,08/18-Moyy,"N,E",14940 -,Dig Ink Med Intensity,08/18-Moyy,238.0,2026-08-31,43.0
369058,5035595,3,2026-08-31,500,30,238,1,0,1,0,1.0,0,,Pack & Protect A-2,650,10469.0,6804.85,650.0,683,13523,,,2026-09-01,0,6804.85,191748,2026-09-01,B,Flat Bed Die Cut,,Nozomi Digital 1 Side Print,1,3,,1.0,5,1,0,30.0,50.04,0,0.0,"BMM526 - LRG Panel - V1
25-1/2 x 52-5/8
Flat Bed Die Cut, No Closure, 
Digital 1 Side 
B32 Coate",Blue,,0,,,1.0,0,0,0,True,0,Pack & Protect A-2,Regular,False,6,0,B32 Coated White 1S,CRB,2026-08-12 13:03:23,,0,False,0,0,,,,1,65,0,12,0,N,Dig Ink Med Intensity (100%),Horseheads,52.1,25.08,0.0,,0.0,0,False,2026-08-12,No Closure,08/18-Moyy,"N,E",14940 -,Dig Ink Med Intensity,08/18-Moyy,,,
368528,5035572,1,2026-08-17,500,1,256,0,0,0,0,1.0,0,,Interpac Corrugator,550,22057.0,12131.35,550.0,578,13523,,,2026-08-27,0,12131.35,191899,2026-08-27,B,Flat Bed Die Cut,,Nozomi Digital 1 Side Print,1,3,,1.0,1,1,0,44.08,71.06,0,0.0,"Birdfy Tray
74 x 44
I-Cut, Digital 1 Side 
B32 Coated White 1S",Blue,,0,,,1.0,0,0,0,True,0,Stripping Elitron Pack & Protect C-2,Regular,False,0,0,B32 Coated White 1S,CRB,2026-08-11 07:31:50,,0,False,0,0,,,,1,65,0,12,0,N,Dig Ink Med Intensity (100%),Newark,74.0,44.0,0.0,,1.0,0,False,2026-08-11,No Closure,08/13-Moyy,"N,Elitron,Stripping",,Dig Ink Med Intensity,08/13-Moyy,189.0,2026-08-20,
368529,5035572,1,2026-08-20,500,10,189,1,10,1,1519,1.0,0,,Nozomi Digital Printer,550,22057.0,12131.35,550.0,578,13523,,,2026-08-27,0,12131.35,191899,2026-08-27,B,Flat Bed Die Cut,N,Nozomi Digital 1 Side Print,1,3,,1.0,3,1,0,44.08,71.06,0,32.0,"Birdfy Tray
74 x 44
I-Cut, Digital 1 Side 
B32 Coated White 1S",Blue,,0,,,1.0,0,0,0,True,1,Stripping Elitron Pack & Protect C-2,Regular,False,1,0,B32 Coated White 1S,CRB,2026-08-11 07:31:50,,0,False,0,0,,NAZ,,1,65,0,12,0,N,Dig Ink Med Intensity (100%),Newark,74.0,44.0,0.0,,1.0,0,False,2026-08-11,No Closure,08/13-Moyy,"N,Elitron,Stripping",,Dig Ink Med Intensity,08/13-Moyy,231.0,2026-08-24,32.0
368530,5035572,1,2026-08-24,500,20,231,1,25,1,90,1.0,0,,Elitron,550,22057.0,12131.35,550.0,578,13523,,,2026-08-27,0,12131.35,191899,2026-08-27,B,Flat Bed Die Cut,Elitron,Nozomi Digital 1 Side Print,1,3,,1.0,5,1,0,44.08,71.06,0,392.0,"Birdfy Tray
74 x 44
I-Cut, Digital 1 Side 
B32 Coated White 1S",Blue,,0,,,1.0,0,0,0,True,0,Stripping Elitron Pack & Protect C-2,Regular,False,8,0,B32 Coated White 1S,CRB,2026-08-11 07:31:50,,0,False,0,0,,Elitron,,1,65,0,12,0,N,Dig Ink Med Intensity (100%),Newark,74.0,44.0,0.0,,1.0,0,False,2026-08-11,No Closure,08/13-Moyy,"N,Elitron,Stripping",,Dig Ink Med Intensity,08/13-Moyy,40.0,2026-08-25,575.0
368531,5035572,1,2026-08-25,500,30,40,1,12,1,56,1.0,0,,Stripping,550,22057.0,12131.35,550.0,578,13523,,,2026-08-27,0,12131.35,191899,2026-08-27,B,Flat Bed Die Cut,Stripping,Nozomi Digital 1 Side Print,1,3,,1.0,5,1,0,44.08,71.06,0,601.0,"Birdfy Tray
74 x 44
I-Cut, Digital 1 Side 
B32 Coated White 1S",Blue,,0,,,0.8,0,0,0,True,0,Stripping Elitron Pack & Protect C-2,Regular,False,0,0,B32 Coated White 1S,CRB,2026-08-11 07:31:50,,0,False,0,0,,Stripping,,1,65,0,12,0,N,Dig Ink Med Intensity (100%),Newark,74.0,44.0,0.0,,1.0,0,False,2026-08-11,No Closure,08/13-Moyy,"N,Elitron,Stripping",,Dig Ink Med Intensity,08/13-Moyy,242.0,2026-08-26,
368532,5035572,1,2026-08-26,500,40,242,1,0,1,0,1.0,0,,Pack & Protect C-2,550,22057.0,12131.35,550.0,578,13523,,,2026-08-27,0,12131.35,191899,2026-08-27,B,Flat Bed Die Cut,,Nozomi Digital 1 Side Print,1,3,,1.0,5,1,0,44.08,71.06,0,0.0,"Birdfy Tray
74 x 44
I-Cut, Digital 1 Side 
B32 Coated White 1S",Blue,,0,,,1.0,0,0,0,True,0,Stripping Elitron Pack & Protect C-2,Regular,False,6,0,B32 Coated White 1S,CRB,2026-08-11 07:31:50,,0,False,0,0,,,,1,65,0,12,0,N,Dig Ink Med Intensity (100%),Newark,74.0,44.0,0.0,,1.0,0,False,2026-08-11,No Closure,08/13-Moyy,"N,Elitron,Stripping",,Dig Ink Med Intensity,08/13-Moyy,,,
369283,5035609,1,2026-08-20,500,1,234,0,0,0,0,1.0,0,,Corrugator,1296,18706.0,24242.976,1296.0,1426,18370,,,2026-08-14,0,40485.76992,192982,2026-08-14,DW,Sheet,,Nozomi Digital 1 Side Print,1,3,,1.0,0,1,0,41.02,65.08,0,0.0,"1179691 Rug Carton -#253751
41-1/8 x 65-1/2
Sheet, Digital 1 Side 
4 Artworks
BC48 Coated White",Flint,,0,,,1.0,0,0,0,True,0,Pack & Protect C-2,Regular,False,234,0,BC48 Coated White 1S,CRB,2026-08-13 12:33:05,,1420,False,0,0,,,,1,65,1420,12,0,,Dig Ink Med Intensity (100%),Woodbridge,41.02,65.08,0.0,,1.0,0,False,2026-08-13,Not Applicable,No P.O.,N,,Dig Ink Med Intensity,No P.O.,189.0,2026-08-14,
369284,5035609,1,2026-08-14,40,10,189,1,10,1,1659,1.0,0,,Nozomi Digital Printer,1296,18706.0,24242.976,1296.0,1426,18370,,,2026-08-14,0,40485.76992,192982,2026-08-14,DW,Sheet,N,Nozomi Digital 1 Side Print,1,3,,1.0,3,1,0,41.02,65.08,0,18.0,"1179691 Rug Carton -#253751
41-1/8 x 65-1/2
Sheet, Digital 1 Side 
4 Artworks
BC48 Coated White",Flint,,1080,,,1.0,0,0,0,True,1,Pack & Protect C-2,Regular,False,1,0,BC48 Coated White 1S,CRB,2026-08-13 12:33:05,,1420,False,0,0,,NAZ,,1,65,1420,12,0,,Dig Ink Med Intensity (100%),Woodbridge,41.02,65.08,0.0,,1.0,0,False,2026-08-13,Not Applicable,No P.O.,N,,Dig Ink Med Intensity,No P.O.,242.0,2026-08-24,93.0
369285,5035609,1,2026-08-24,500,20,242,1,0,1,0,1.0,0,,Pack & Protect C-2,1296,18706.0,24242.976,1296.0,1426,18370,,,2026-08-14,0,40485.76992,192982,2026-08-14,DW,Sheet,,Nozomi Digital 1 Side Print,1,3,,1.0,5,1,0,41.02,65.08,0,0.0,"1179691 Rug Carton -#253751
41-1/8 x 65-1/2
Sheet, Digital 1 Side 
4 Artworks
BC48 Coated White",Flint,,0,,,1.0,0,0,0,True,0,Pack & Protect C-2,Regular,False,6,0,BC48 Coated White 1S,CRB,2026-08-13 12:33:05,,1420,False,0,0,,,,1,65,1420,12,0,,Dig Ink Med Intensity (100%),Woodbridge,41.02,65.08,0.0,,1.0,0,False,2026-08-13,Not Applicable,No P.O.,N,,Dig Ink Med Intensity,No P.O.,,,
361135,5034257,1,2026-08-25,500,1,234,0,0,0,0,1.0,0,,Corrugator,2825,32566.0,91998.95,2825.0,3108,18544,,,2026-08-31,0,91998.95,193091,2026-08-31,B,Telescope Body,,Nozomi Digital 1 Side Print,1,3,,1.0,0,1,0,63.0,74.07,0,0.0,"Tray - New Design
48-7/16 x 36-3/4 x 11-7/8
flat sz - 61x 72-7/16
Diecut, Digital 1 Side (Printed",Lanart Rug,,0,,,1.0,0,0,0,True,0,Pack & Protect C-3,Regular,False,234,0,B40 Coated White 1S,CRB,2026-07-13 15:30:56,,0,False,0,0,,,,1,65,0,12,0,N,Dig Ink Med Intensity (50%),Saint-Jean-sur-Richelieu,48.07,36.12,11.14,,0.0,0,False,2026-07-13,No Closure,08/17-MONT01,"N,R",14911 - WOODWARD RECEIVING,Dig Ink Med Intensity,08/17-MONT01,189.0,2026-08-26,
361136,5034257,1,2026-08-26,500,10,189,1,10,1,1458,1.0,0,,Nozomi Digital Printer,2825,32566.0,91998.95,2825.0,3108,18544,,,2026-08-31,0,91998.95,193091,2026-08-31,B,Telescope Body,N,Nozomi Digital 1 Side Print,1,3,,1.0,3,1,0,63.0,74.07,0,126.0,"Tray - New Design
48-7/16 x 36-3/4 x 11-7/8
flat sz - 61x 72-7/16
Diecut, Digital 1 Side (Printed",Lanart Rug,,0,,,1.0,0,0,0,True,1,Pack & Protect C-3,Regular,False,1,0,B40 Coated White 1S,CRB,2026-07-13 15:30:56,,0,False,0,0,,NAZ,,1,65,0,12,0,N,Dig Ink Med Intensity (50%),Saint-Jean-sur-Richelieu,48.07,36.12,11.14,,0.0,0,False,2026-07-13,No Closure,08/17-MONT01,"N,R",14911 - WOODWARD RECEIVING,Dig Ink Med Intensity,08/17-MONT01,166.0,2026-08-27,232.0
361137,5034257,1,2026-08-27,500,20,166,1,33,1,800,1.0,0,,United Rotary 66x113 4 Colour,2825,32566.0,91998.95,2825.0,3108,18544,,,2026-08-31,0,91998.95,193091,2026-08-31,B,Telescope Body,R,Nozomi Digital 1 Side Print,1,3,,1.0,3,1,0,63.0,74.07,0,245.0,"Tray - New Design
48-7/16 x 36-3/4 x 11-7/8
flat sz - 61x 72-7/16
Diecut, Digital 1 Side (Printed",Lanart Rug,,0,,,1.0,0,0,0,True,2,Pack & Protect C-3,Regular,False,2,0,B40 Coated White 1S,CRB,2026-07-13 15:30:56,,0,False,0,0,,Prospect Rotary,,1,65,0,12,0,N,Dig Ink Med Intensity (50%),Saint-Jean-sur-Richelieu,48.07,36.12,11.14,,0.0,0,False,2026-07-13,No Closure,08/17-MONT01,"N,R",14911 - WOODWARD RECEIVING,Dig Ink Med Intensity,08/17-MONT01,245.0,2026-08-28,98908.0
361138,5034257,1,2026-08-28,500,30,245,1,0,1,0,1.0,0,,Pack & Protect C-3,2825,32566.0,91998.95,2825.0,3108,18544,,,2026-08-31,0,91998.95,193091,2026-08-31,B,Telescope Body,,Nozomi Digital 1 Side Print,1,3,,1.0,5,1,0,63.0,74.07,0,0.0,"Tray - New Design
48-7/16 x 36-3/4 x 11-7/8
flat sz - 61x 72-7/16
Diecut, Digital 1 Side (Printed",Lanart Rug,,0,,,1.0,0,0,0,True,0,Pack & Protect C-3,Regular,False,0,0,B40 Coated White 1S,CRB,2026-07-13 15:30:56,,0,False,0,0,,,,1,65,0,12,0,N,Dig Ink Med Intensity (50%),Saint-Jean-sur-Richelieu,48.07,36.12,11.14,,0.0,0,False,2026-07-13,No Closure,08/17-MONT01,"N,R",14911 - WOODWARD RECEIVING,Dig Ink Med Intensity,08/17-MONT01,,,
368404,5035515,1,2026-08-26,500,1,234,0,0,0,0,1.0,0,,Corrugator,100,26437.0,2643.7,100.0,105,13523,,,2026-09-01,0,2643.7,193213,2026-09-01,B,RDC - Rotary Die Cut,,Nozomi Digital 1 Side Print,1,3,,1.0,0,1,0,40.08,94.0,0,0.0,"36""Pallet Skirt - America and Beyond
38-1/2 x 92
RDC, No Closure, 
Digital 1 Side 
B32 Coated Wh",Blue,,0,,,1.0,0,0,0,True,0,Stripping Pack & Protect C-2,Regular,False,234,0,B32 Coated White 1S,CRB,2026-08-06 10:48:18,,0,False,0,0,,,,1,65,0,12,0,N,Dig Ink Med Intensity (100%),Newark,92.0,38.08,0.0,,1.0,0,False,2026-08-06,No Closure,No P.O.,"N,Elitron",14783 - SKID,Dig Ink Med Intensity,No P.O.,189.0,2026-08-25,
368402,5035515,1,2026-08-25,500,10,189,1,10,1,1148,1.0,0,,Nozomi Digital Printer,100,26437.0,2643.7,100.0,105,13523,,,2026-09-01,0,2643.7,193213,2026-09-01,B,RDC - Rotary Die Cut,N,Nozomi Digital 1 Side Print,1,3,,1.0,3,1,0,40.08,94.0,0,15.0,"36""Pallet Skirt - America and Beyond
38-1/2 x 92
RDC, No Closure, 
Digital 1 Side 
B32 Coated Wh",Blue,,0,,,1.0,0,0,0,True,1,Stripping Pack & Protect C-2,Regular,False,1,0,B32 Coated White 1S,CRB,2026-08-06 10:48:18,,0,False,0,0,,NAZ,,1,65,0,12,0,N,Dig Ink Med Intensity (100%),Newark,92.0,38.08,0.0,,1.0,0,False,2026-08-06,No Closure,No P.O.,"N,Elitron",14783 - SKID,Dig Ink Med Intensity,No P.O.,231.0,2026-08-28,15.0
368403,5035515,1,2026-08-28,500,20,231,1,25,1,112,1.0,0,,Elitron,100,26437.0,2643.7,100.0,105,13523,,,2026-09-01,0,2643.7,193213,2026-09-01,B,RDC - Rotary Die Cut,Elitron,Nozomi Digital 1 Side Print,1,3,,1.0,5,1,0,40.08,94.0,0,79.0,"36""Pallet Skirt - America and Beyond
38-1/2 x 92
RDC, No Closure, 
Digital 1 Side 
B32 Coated Wh",Blue,,0,,,1.0,0,0,0,True,0,Stripping Pack & Protect C-2,Regular,False,8,0,B32 Coated White 1S,CRB,2026-08-06 10:48:18,,0,False,0,0,,Elitron,,1,65,0,12,0,N,Dig Ink Med Intensity (100%),Newark,92.0,38.08,0.0,,1.0,0,False,2026-08-06,No Closure,No P.O.,"N,Elitron",14783 - SKID,Dig Ink Med Intensity,No P.O.,242.0,2026-08-31,125.0
368405,5035515,1,2026-08-31,500,30,242,1,0,1,0,1.0,0,,Pack & Protect C-2,100,26437.0,2643.7,100.0,105,13523,,,2026-09-01,0,2643.7,193213,2026-09-01,B,RDC - Rotary Die Cut,,Nozomi Digital 1 Side Print,1,3,,1.0,5,1,0,40.08,94.0,0,0.0,"36""Pallet Skirt - America and Beyond
38-1/2 x 92
RDC, No Closure, 
Digital 1 Side 
B32 Coated Wh",Blue,,0,,,1.0,0,0,0,True,0,Stripping Pack & Protect C-2,Regular,False,6,0,B32 Coated White 1S,CRB,2026-08-06 10:48:18,,0,False,0,0,,,,1,65,0,12,0,N,Dig Ink Med Intensity (100%),Newark,92.0,38.08,0.0,,1.0,0,False,2026-08-06,No Closure,No P.O.,"N,Elitron",14783 - SKID,Dig Ink Med Intensity,No P.O.,,,
369264,5034215,1,2026-08-05,-400,1,234,0,0,0,0,1.0,0,,Corrugator,305,39243.0,11969.115,305.0,320,14275,,,2026-08-04,0,11969.115,193237,2026-07-31,B,Flat Bed Die Cut,,Nozomi Digital 1 Side Print,1,3,,1.0,0,1,0,49.1,113.14,0,0.0,"Z3059898-1 HD Display Base
49-5/8 x 113-7/8 
Elitron I-Cut, Glued, 
Digital 1 Side Print 
B32 Co",Jamestown,,0,,,1.0,0,0,0,True,0,Stripping Elitron Pack & Protect D-2,Regular,False,234,0,B32 Coated White 2S,Late - Production backlog,2026-07-09 10:37:05,,407,False,0,0,,,,1,86,407,12,0,GI,Dig Ink Med Intensity (60%),Macedonia,113.14,49.1,0.0,,1.0,0,False,2026-07-09,Glued,07/28-BOXE03,"N,Elitron,Stripping",,Dig Ink Med Intensity,07/28-BOXE03,189.0,2026-08-13,
369265,5034215,1,2026-08-05,0,40,236,1,0,1,0,1.0,0,,Boxxer - James - co-packing,305,39243.0,11969.115,305.0,320,14275,,,2026-08-04,0,11969.115,193237,2026-07-31,B,Flat Bed Die Cut,,Nozomi Digital 1 Side Print,1,3,,1.0,0,1,0,49.1,113.14,0,0.0,"Z3059898-1 HD Display Base
49-5/8 x 113-7/8 
Elitron I-Cut, Glued, 
Digital 1 Side Print 
B32 Co",Jamestown,,0,,,1.0,0,0,0,True,0,Stripping Elitron Pack & Protect D-2,Regular,False,0,0,B32 Coated White 2S,Late - Production backlog,2026-07-09 10:37:05,,407,False,0,0,,,,1,86,407,12,0,GI,Dig Ink Med Intensity (60%),Macedonia,113.14,49.1,0.0,,1.0,0,False,2026-07-09,Glued,07/28-BOXE03,"N,Elitron,Stripping",,Dig Ink Med Intensity,07/28-BOXE03,243.0,2026-08-05,
369266,5034215,1,2026-08-05,0,50,243,1,0,1,0,1.0,0,,Pack & Protect D-2,305,39243.0,11969.115,305.0,320,14275,,,2026-08-04,0,11969.115,193237,2026-07-31,B,Flat Bed Die Cut,,Nozomi Digital 1 Side Print,1,3,,1.0,5,1,0,49.1,113.14,0,0.0,"Z3059898-1 HD Display Base
49-5/8 x 113-7/8 
Elitron I-Cut, Glued, 
Digital 1 Side Print 
B32 Co",Jamestown,,0,,,1.0,0,0,0,True,0,Stripping Elitron Pack & Protect D-2,Regular,False,6,0,B32 Coated White 2S,Late - Production backlog,2026-07-09 10:37:05,,407,False,0,0,,,,1,86,407,12,0,GI,Dig Ink Med Intensity (60%),Macedonia,113.14,49.1,0.0,,1.0,0,False,2026-07-09,Glued,07/28-BOXE03,"N,Elitron,Stripping",,Dig Ink Med Intensity,07/28-BOXE03,,,
367636,5035535,1,2026-08-24,500,1,256,0,0,0,0,1.0,0,,Interpac Corrugator,31040,14186.0,440333.44,31040.0,31040,10019,,,2026-08-31,0,440333.44,194558,2026-08-31,B,RDC - Rotary Die Cut,,Nozomi Digital 1 Side Print,1,3,,1.0,1,1,0,43.01,47.07,0,0.0,"Mav Tray - 260515
41-1/16 x 45-7/16
Nozomi Digital 1 Side Print 
60% Coverage
B Flute 32 ECT  Ke",Turn-Key,,0,,,1.0,0,0,0,True,0,Pack & Protect A-1,Regular,False,0,0,B32 Coated White 1S,CRB,2026-08-06 16:06:29,,0,False,0,0,,,,1,65,0,12,0,,"Dig Ink Low Intensity (70%), Coated Digital (0%)",MISSISSAUGA,45.07,41.01,0.0,,1.0,0,False,2026-08-06,Not Applicable,08/20-Moyy,"N,R,PP",13815 - E-3,"Dig Ink Low Intensity
Coated Digital",08/20-Moyy,250.0,2026-08-27,
367637,5035535,1,2026-08-27,500,5,250,1,0,1,0,1.0,0,,Nozomi Press Approval,31040,14186.0,440333.44,31040.0,31040,10019,,,2026-08-31,0,440333.44,194558,2026-08-31,B,RDC - Rotary Die Cut,,Nozomi Digital 1 Side Print,1,3,,1.0,8,1,0,43.01,47.07,0,0.0,"Mav Tray - 260515
41-1/16 x 45-7/16
Nozomi Digital 1 Side Print 
60% Coverage
B Flute 32 ECT  Ke",Turn-Key,,0,,,1.0,0,0,0,True,0,Pack & Protect A-1,Regular,False,2,0,B32 Coated White 1S,CRB,2026-08-06 16:06:29,,0,False,0,0,,,,1,65,0,12,0,,"Dig Ink Low Intensity (70%), Coated Digital (0%)",MISSISSAUGA,45.07,41.01,0.0,,1.0,0,False,2026-08-06,Not Applicable,08/20-Moyy,"N,R,PP",13815 - E-3,"Dig Ink Low Intensity
Coated Digital",08/20-Moyy,189.0,2026-08-27,
367638,5035535,1,2026-08-27,500,10,189,1,10,1,2294,1.0,0,,Nozomi Digital Printer,31040,14186.0,440333.44,31040.0,31040,10019,,,2026-08-31,0,440333.44,194558,2026-08-31,B,RDC - Rotary Die Cut,N,Nozomi Digital 1 Side Print,1,3,,1.0,3,1,0,43.01,47.07,0,822.0,"Mav Tray - 260515
41-1/16 x 45-7/16
Nozomi Digital 1 Side Print 
60% Coverage
B Flute 32 ECT  Ke",Turn-Key,,0,,,1.0,0,0,0,True,1,Pack & Protect A-1,Regular,False,1,0,B32 Coated White 1S,CRB,2026-08-06 16:06:29,,0,False,0,0,,NAZ,,1,65,0,12,0,,"Dig Ink Low Intensity (70%), Coated Digital (0%)",MISSISSAUGA,45.07,41.01,0.0,,1.0,0,False,2026-08-06,Not Applicable,08/20-Moyy,"N,R,PP",13815 - E-3,"Dig Ink Low Intensity
Coated Digital",08/20-Moyy,166.0,2026-08-28,826.0
367639,5035535,1,2026-08-28,500,20,166,1,33,1,2000,1.0,0,,United Rotary 66x113 4 Colour,31040,14186.0,440333.44,31040.0,31040,10019,,,2026-08-31,0,440333.44,194558,2026-08-31,B,RDC - Rotary Die Cut,R,Nozomi Digital 1 Side Print,1,3,,1.0,3,1,0,43.01,47.07,0,964.0,"Mav Tray - 260515
41-1/16 x 45-7/16
Nozomi Digital 1 Side Print 
60% Coverage
B Flute 32 ECT  Ke",Turn-Key,,0,,,1.0,0,0,0,True,2,Pack & Protect A-1,Regular,False,2,0,B32 Coated White 1S,CRB,2026-08-06 16:06:29,,0,False,0,0,,Prospect Rotary,,1,65,0,12,0,,"Dig Ink Low Intensity (70%), Coated Digital (0%)",MISSISSAUGA,45.07,41.01,0.0,,1.0,0,False,2026-08-06,Not Applicable,08/20-Moyy,"N,R,PP",13815 - E-3,"Dig Ink Low Intensity
Coated Digital",08/20-Moyy,237.0,2026-08-31,973.0
367640,5035535,1,2026-08-31,500,30,237,1,0,1,0,1.0,0,,Pack & Protect A-1,31040,14186.0,440333.44,31040.0,31040,10019,,,2026-08-31,0,440333.44,194558,2026-08-31,B,RDC - Rotary Die Cut,PP,Nozomi Digital 1 Side Print,1,3,,1.0,5,1,0,43.01,47.07,0,0.0,"Mav Tray - 260515
41-1/16 x 45-7/16
Nozomi Digital 1 Side Print 
60% Coverage
B Flute 32 ECT  Ke",Turn-Key,,0,,,1.0,0,0,0,True,0,Pack & Protect A-1,Regular,False,6,0,B32 Coated White 1S,CRB,2026-08-06 16:06:29,,0,False,0,0,,,,1,65,0,12,0,,"Dig Ink Low Intensity (70%), Coated Digital (0%)",MISSISSAUGA,45.07,41.01,0.0,,1.0,0,False,2026-08-06,Not Applicable,08/20-Moyy,"N,R,PP",13815 - E-3,"Dig Ink Low Intensity
Coated Digital",08/20-Moyy,,,
368412,5035531,1,2026-08-27,500,1,234,0,0,0,0,1.0,0,,Corrugator,375,26437.0,9913.875,375.0,394,13523,,,2026-09-01,0,9913.875,194641,2026-09-01,B,RDC - Rotary Die Cut,,Nozomi Digital 1 Side Print,1,3,,1.0,0,1,0,40.08,94.0,0,0.0,"36""Pallet Skirt - A&B beaded handbags
38-1/2 x 92
RDC, No Closure, 
Digital 1 Side 
B32 Coated W",Blue,,0,,,1.0,0,0,0,True,0,Pack & Protect C-2,Regular,False,234,0,B32 Coated White 1S,CRB,2026-08-06 15:07:08,,0,False,0,0,,,,1,65,0,12,0,N,Dig Ink Med Intensity (100%),Newark,92.0,38.08,0.0,,1.0,0,False,2026-08-06,No Closure,08/20-MONT01,"N,R",14783 - SKID,Dig Ink Med Intensity,08/20-MONT01,189.0,2026-08-25,
368411,5035531,1,2026-08-25,500,10,189,1,10,1,1148,1.0,0,,Nozomi Digital Printer,375,26437.0,9913.875,375.0,394,13523,,,2026-09-01,0,9913.875,194641,2026-09-01,B,RDC - Rotary Die Cut,N,Nozomi Digital 1 Side Print,1,3,,1.0,3,1,0,40.08,94.0,0,30.0,"36""Pallet Skirt - A&B beaded handbags
38-1/2 x 92
RDC, No Closure, 
Digital 1 Side 
B32 Coated W",Blue,,0,,,1.0,0,0,0,True,1,Pack & Protect C-2,Regular,False,1,0,B32 Coated White 1S,CRB,2026-08-06 15:07:08,,0,False,0,0,,NAZ,,1,65,0,12,0,N,Dig Ink Med Intensity (100%),Newark,92.0,38.08,0.0,,1.0,0,False,2026-08-06,No Closure,08/20-MONT01,"N,R",14783 - SKID,Dig Ink Med Intensity,08/20-MONT01,166.0,2026-08-31,29.0
368410,5035531,1,2026-08-31,500,20,166,1,13,1,4200,1.0,0,,United Rotary 66x113 4 Colour,375,26437.0,9913.875,375.0,394,13523,,,2026-09-01,0,9913.875,194641,2026-09-01,B,RDC - Rotary Die Cut,R,Nozomi Digital 1 Side Print,1,3,,1.0,3,1,0,40.08,94.0,0,18.0,"36""Pallet Skirt - A&B beaded handbags
38-1/2 x 92
RDC, No Closure, 
Digital 1 Side 
B32 Coated W",Blue,,0,,,1.0,0,0,0,True,2,Pack & Protect C-2,Regular,False,2,0,B32 Coated White 1S,CRB,2026-08-06 15:07:08,,0,False,0,0,,Prospect Rotary,,1,65,0,12,0,N,Dig Ink Med Intensity (100%),Newark,92.0,38.08,0.0,,1.0,0,False,2026-08-06,No Closure,08/20-MONT01,"N,R",14783 - SKID,Dig Ink Med Intensity,08/20-MONT01,242.0,2026-08-31,18.0
368413,5035531,1,2026-08-31,500,30,242,1,0,1,0,1.0,0,,Pack & Protect C-2,375,26437.0,9913.875,375.0,394,13523,,,2026-09-01,0,9913.875,194641,2026-09-01,B,RDC - Rotary Die Cut,,Nozomi Digital 1 Side Print,1,3,,1.0,5,1,0,40.08,94.0,0,0.0,"36""Pallet Skirt - A&B beaded handbags
38-1/2 x 92
RDC, No Closure, 
Digital 1 Side 
B32 Coated W",Blue,,0,,,1.0,0,0,0,True,0,Pack & Protect C-2,Regular,False,6,0,B32 Coated White 1S,CRB,2026-08-06 15:07:08,,0,False,0,0,,,,1,65,0,12,0,N,Dig Ink Med Intensity (100%),Newark,92.0,38.08,0.0,,1.0,0,False,2026-08-06,No Closure,08/20-MONT01,"N,R",14783 - SKID,Dig Ink Med Intensity,08/20-MONT01,,,
369525,5035618,5,2026-08-25,500,1,234,0,0,0,0,1.0,0,,Corrugator,185,20889.0,3864.465,185.0,185,18596,,,2026-08-28,0,3864.465,194669,2026-08-28,B,Sheet,,Nozomi Digital 1 Side Print,1,3,,1.0,0,1,0,64.0,47.0,0,0.0,"Corner Pillar - Biscoff Fr V1
64 x 47
Sheet, Digital 1 Side 
B32 Coated White 2S
Board and Print",Display,,0,,,1.0,0,0,0,True,0,Pack & Protect C-2,Regular,False,234,0,B32 Coated White 2S,CRB,2026-08-13 16:17:14,,0,False,0,0,,,,1,68,0,12,0,,Dig Ink Med Intensity (100%),Scarborough,64.0,47.0,0.0,,0.0,0,False,2026-08-13,Not Applicable,No P.O.,N,,Dig Ink Med Intensity,No P.O.,189.0,2026-08-26,
369526,5035618,5,2026-08-26,500,10,189,1,10,1,2297,1.0,0,,Nozomi Digital Printer,185,20889.0,3864.465,185.0,185,18596,,,2026-08-28,0,3864.465,194669,2026-08-28,B,Sheet,N,Nozomi Digital 1 Side Print,1,3,,1.0,3,1,0,64.0,47.0,0,15.0,"Corner Pillar - Biscoff Fr V1
64 x 47
Sheet, Digital 1 Side 
B32 Coated White 2S
Board and Print",Display,,0,,,1.0,0,0,0,True,1,Pack & Protect C-2,Regular,False,1,0,B32 Coated White 2S,CRB,2026-08-13 16:17:14,,0,False,0,0,,NAZ,,1,68,0,12,0,,Dig Ink Med Intensity (100%),Scarborough,64.0,47.0,0.0,,0.0,0,False,2026-08-13,Not Applicable,No P.O.,N,,Dig Ink Med Intensity,No P.O.,242.0,2026-08-27,14.0
369527,5035618,5,2026-08-27,500,20,242,1,0,1,0,1.0,0,,Pack & Protect C-2,185,20889.0,3864.465,185.0,185,18596,,,2026-08-28,0,3864.465,194669,2026-08-28,B,Sheet,,Nozomi Digital 1 Side Print,1,3,,1.0,5,1,0,64.0,47.0,0,0.0,"Corner Pillar - Biscoff Fr V1
64 x 47
Sheet, Digital 1 Side 
B32 Coated White 2S
Board and Print",Display,,0,,,1.0,0,0,0,True,0,Pack & Protect C-2,Regular,False,6,0,B32 Coated White 2S,CRB,2026-08-13 16:17:14,,0,False,0,0,,,,1,68,0,12,0,,Dig Ink Med Intensity (100%),Scarborough,64.0,47.0,0.0,,0.0,0,False,2026-08-13,Not Applicable,No P.O.,N,,Dig Ink Med Intensity,No P.O.,,,
367521,5035532,1,2026-08-19,500,1,234,0,0,0,0,1.0,0,,Corrugator,110,14292.0,1572.12,110.0,110,18692,,,2026-08-21,0,1572.12,194768,2026-08-21,B,Sheet,,Nozomi Digital 1 Side Print,1,3,,1.0,0,1,0,42.0,49.0,0,0.0,"Gatorade Powder mini -Body -Eng
42 x 49
Sheet, Digital 1 Side 
2 Prints
B32 Coated White 2S
Boa",Treetop,,0,,,1.0,0,0,0,True,0,Pack & Protect C-2,Regular,False,234,0,B32 Coated White 2S,OT,2026-08-06 15:22:53,,0,False,0,0,,,,1,65,0,12,0,,Dig Ink Med Intensity (100%),Scarborough,42.0,49.0,0.0,,1.0,0,False,2026-08-06,Not Applicable,08/14-MONT01,N,,Dig Ink Med Intensity,08/14-MONT01,189.0,2026-08-19,
367522,5035532,1,2026-08-19,500,10,189,1,10,1,2204,1.0,0,,Nozomi Digital Printer,110,14292.0,1572.12,110.0,110,18692,,,2026-08-21,0,1572.12,194768,2026-08-21,B,Sheet,N,Nozomi Digital 1 Side Print,1,3,,1.0,3,1,0,42.0,49.0,0,13.0,"Gatorade Powder mini -Body -Eng
42 x 49
Sheet, Digital 1 Side 
2 Prints
B32 Coated White 2S
Boa",Treetop,,0,,,1.0,0,0,0,True,1,Pack & Protect C-2,Regular,False,1,0,B32 Coated White 2S,OT,2026-08-06 15:22:53,,0,False,0,0,,NAZ,,1,65,0,12,0,,Dig Ink Med Intensity (100%),Scarborough,42.0,49.0,0.0,,1.0,0,False,2026-08-06,Not Applicable,08/14-MONT01,N,,Dig Ink Med Intensity,08/14-MONT01,242.0,2026-08-20,13.0
367523,5035532,1,2026-08-20,500,20,242,1,0,1,0,1.0,0,,Pack & Protect C-2,110,14292.0,1572.12,110.0,110,18692,,,2026-08-21,0,1572.12,194768,2026-08-21,B,Sheet,,Nozomi Digital 1 Side Print,1,3,,1.0,5,1,0,42.0,49.0,0,0.0,"Gatorade Powder mini -Body -Eng
42 x 49
Sheet, Digital 1 Side 
2 Prints
B32 Coated White 2S
Boa",Treetop,,0,,,1.0,0,0,0,True,0,Pack & Protect C-2,Regular,False,6,0,B32 Coated White 2S,OT,2026-08-06 15:22:53,,0,False,0,0,,,,1,65,0,12,0,,Dig Ink Med Intensity (100%),Scarborough,42.0,49.0,0.0,,1.0,0,False,2026-08-06,Not Applicable,08/14-MONT01,N,,Dig Ink Med Intensity,08/14-MONT01,,,
367527,5035532,3,2026-08-19,500,1,234,0,0,0,0,1.0,0,,Corrugator,110,17875.0,1966.25,110.0,110,18692,,,2026-08-21,0,1966.25,194769,2026-08-21,B,Sheet,,Nozomi Digital 1 Side Print,1,3,,1.0,0,1,0,39.0,66.0,0,0.0,"Gatorade Powder mini -Base -Eng
39 x 66
Sheet, Digital 1 Side 
2 Prints
B32 Coated White 2S
Boa",Treetop,,0,,,1.0,0,0,0,True,0,Pack & Protect C-2,Regular,False,234,0,B32 Coated White 2S,OT,2026-08-06 15:22:53,,0,False,0,0,,,,1,65,0,12,0,,Dig Ink Med Intensity (100%),Scarborough,39.0,66.0,0.0,,1.0,0,False,2026-08-06,Not Applicable,08/14-MONT01,N,,Dig Ink Med Intensity,08/14-MONT01,189.0,2026-08-19,
367528,5035532,3,2026-08-19,500,10,189,1,10,1,1636,1.0,0,,Nozomi Digital Printer,110,17875.0,1966.25,110.0,110,18692,,,2026-08-21,0,1966.25,194769,2026-08-21,B,Sheet,N,Nozomi Digital 1 Side Print,1,3,,1.0,3,1,0,39.0,66.0,0,14.0,"Gatorade Powder mini -Base -Eng
39 x 66
Sheet, Digital 1 Side 
2 Prints
B32 Coated White 2S
Boa",Treetop,,0,,,1.0,0,0,0,True,1,Pack & Protect C-2,Regular,False,1,0,B32 Coated White 2S,OT,2026-08-06 15:22:53,,0,False,0,0,,NAZ,,1,65,0,12,0,,Dig Ink Med Intensity (100%),Scarborough,39.0,66.0,0.0,,1.0,0,False,2026-08-06,Not Applicable,08/14-MONT01,N,,Dig Ink Med Intensity,08/14-MONT01,242.0,2026-08-20,14.0
367529,5035532,3,2026-08-20,500,20,242,1,0,1,0,1.0,0,,Pack & Protect C-2,110,17875.0,1966.25,110.0,110,18692,,,2026-08-21,0,1966.25,194769,2026-08-21,B,Sheet,,Nozomi Digital 1 Side Print,1,3,,1.0,5,1,0,39.0,66.0,0,0.0,"Gatorade Powder mini -Base -Eng
39 x 66
Sheet, Digital 1 Side 
2 Prints
B32 Coated White 2S
Boa",Treetop,,0,,,1.0,0,0,0,True,0,Pack & Protect C-2,Regular,False,6,0,B32 Coated White 2S,OT,2026-08-06 15:22:53,,0,False,0,0,,,,1,65,0,12,0,,Dig Ink Med Intensity (100%),Scarborough,39.0,66.0,0.0,,1.0,0,False,2026-08-06,Not Applicable,08/14-MONT01,N,,Dig Ink Med Intensity,08/14-MONT01,,,
367535,5035532,5,2026-08-20,500,20,242,1,0,1,0,1.0,0,,Pack & Protect C-2,55,13986.0,769.23,55.0,55,18692,,,2026-08-21,0,769.23,194770,2026-08-21,B,Sheet,,Nozomi Digital 1 Side Print,1,3,,1.0,5,1,0,53.0,38.0,0,0.0,"Gatorade Powder mini -Shelves -Eng
53 x 38
Sheet, Digital 1 Side 
2 Prints
B32 Coated White 2S",Treetop,,0,,,1.0,0,0,0,True,0,Pack & Protect C-2,Regular,False,6,0,B32 Coated White 2S,OT,2026-08-06 15:22:53,,60,False,0,0,,,,1,65,60,12,0,,Dig Ink Med Intensity (100%),Scarborough,53.0,38.0,0.0,,0.0,0,False,2026-08-06,Not Applicable,No P.O.,N,,Dig Ink Med Intensity,No P.O.,,,
367525,5035532,2,2026-08-19,500,10,189,1,10,1,2204,1.0,0,,Nozomi Digital Printer,40,14292.0,571.68,40.0,40,18692,,,2026-08-21,0,571.68,194848,2026-08-21,B,Sheet,N,Nozomi Digital 1 Side Print,1,3,,1.0,3,1,0,42.0,49.0,0,11.0,"Gatorade Powder mini -Body -Fr
42 x 49
Sheet, Digital 1 Side 
2 Prints
B32 Coated White 2S
Boar",Treetop,,0,,,1.0,0,0,0,True,1,Pack & Protect C-2,Regular,False,1,0,B32 Coated White 2S,OT,2026-08-06 15:22:53,,0,False,0,0,,NAZ,,1,65,0,12,0,,Dig Ink Med Intensity (100%),Scarborough,42.0,49.0,0.0,,0.0,0,False,2026-08-06,Not Applicable,No P.O.,N,,Dig Ink Med Intensity,No P.O.,242.0,2026-08-20,11.0
367526,5035532,2,2026-08-20,500,20,242,1,0,1,0,1.0,0,,Pack & Protect C-2,40,14292.0,571.68,40.0,40,18692,,,2026-08-21,0,571.68,194848,2026-08-21,B,Sheet,,Nozomi Digital 1 Side Print,1,3,,1.0,5,1,0,42.0,49.0,0,0.0,"Gatorade Powder mini -Body -Fr
42 x 49
Sheet, Digital 1 Side 
2 Prints
B32 Coated White 2S
Boar",Treetop,,0,,,1.0,0,0,0,True,0,Pack & Protect C-2,Regular,False,6,0,B32 Coated White 2S,OT,2026-08-06 15:22:53,,0,False,0,0,,,,1,65,0,12,0,,Dig Ink Med Intensity (100%),Scarborough,42.0,49.0,0.0,,0.0,0,False,2026-08-06,Not Applicable,No P.O.,N,,Dig Ink Med Intensity,No P.O.,,,
367531,5035532,4,2026-08-19,500,10,189,1,10,1,1636,1.0,0,,Nozomi Digital Printer,40,17875.0,715.0,40.0,40,18692,,,2026-08-21,0,715.0,194849,2026-08-21,B,Sheet,N,Nozomi Digital 1 Side Print,1,3,,1.0,3,1,0,39.0,66.0,0,11.0,"Gatorade Powder mini -Base -Fr
39 x 66
Sheet, Digital 1 Side 
2 Prints
B32 Coated White 2S
Boar",Treetop,,0,,,1.0,0,0,0,True,1,Pack & Protect C-2,Regular,False,1,0,B32 Coated White 2S,OT,2026-08-06 15:22:53,,0,False,0,0,,NAZ,,1,65,0,12,0,,Dig Ink Med Intensity (100%),Scarborough,39.0,66.0,0.0,,0.0,0,False,2026-08-06,Not Applicable,No P.O.,N,,Dig Ink Med Intensity,No P.O.,242.0,2026-08-20,11.0
367532,5035532,4,2026-08-20,500,20,242,1,0,1,0,1.0,0,,Pack & Protect C-2,40,17875.0,715.0,40.0,40,18692,,,2026-08-21,0,715.0,194849,2026-08-21,B,Sheet,,Nozomi Digital 1 Side Print,1,3,,1.0,5,1,0,39.0,66.0,0,0.0,"Gatorade Powder mini -Base -Fr
39 x 66
Sheet, Digital 1 Side 
2 Prints
B32 Coated White 2S
Boar",Treetop,,0,,,1.0,0,0,0,True,0,Pack & Protect C-2,Regular,False,6,0,B32 Coated White 2S,OT,2026-08-06 15:22:53,,0,False,0,0,,,,1,65,0,12,0,,Dig Ink Med Intensity (100%),Scarborough,39.0,66.0,0.0,,0.0,0,False,2026-08-06,Not Applicable,No P.O.,N,,Dig Ink Med Intensity,No P.O.,,,
367538,5035532,6,2026-08-20,500,20,242,1,0,1,0,1.0,0,,Pack & Protect C-2,15,13986.0,209.79,15.0,15,18692,,,2026-08-21,0,209.79,194850,2026-08-21,B,Sheet,,Nozomi Digital 1 Side Print,1,3,,1.0,5,1,0,53.0,38.0,0,0.0,"Gatorade Powder mini -Shelves -Fr
53 x 38
Sheet, Digital 1 Side 
2 Prints
B32 Coated White 2S
B",Treetop,,0,,,1.0,0,0,0,True,0,Pack & Protect C-2,Regular,False,6,0,B32 Coated White 2S,OT,2026-08-06 15:22:53,,20,False,0,0,,,,1,65,20,12,0,,Dig Ink Med Intensity (100%),Scarborough,53.0,38.0,0.0,,0.0,0,False,2026-08-06,Not Applicable,No P.O.,N,,Dig Ink Med Intensity,No P.O.,,,
366956,5035507,1,2026-08-14,400,1,234,0,0,0,0,1.0,0,,Corrugator,600,13903.0,8341.8,600.0,630,13802,,,2026-08-18,0,8341.8,194853,2026-08-18,B,Sheet,,Nozomi Digital 1 Side Print,1,3,M2300641,1.0,0,1,0,44.0,45.08,0,0.0,"Chipits Oven bin -2026
44 x 45-1/2
Nozomi Digital 1 Side Print 
80% Coverage
B Flute 32 ECT Clay",Ad Creat,,0,,,1.0,0,0,0,True,0,Pack & Protect C-2,Regular,False,234,0,B32 Coated White 1S / OY,OT,2026-08-05 14:12:01,,0,False,0,0,,,,1,68,0,12,0,,"Dig Ink Med Intensity (90%), Coated Digital (0%)",Markham,42.01,43.07,0.0,,1.0,0,False,2026-08-05,Not Applicable,No P.O.,N,,"Dig Ink Med Intensity
Coated Digital",No P.O.,189.0,2026-08-17,
366957,5035507,1,2026-08-17,500,10,189,1,10,1,2395,1.0,0,,Nozomi Digital Printer,600,13903.0,8341.8,600.0,630,13802,,,2026-08-18,0,8341.8,194853,2026-08-18,B,Sheet,N,Nozomi Digital 1 Side Print,1,3,M2300641,1.0,3,1,0,44.0,45.08,0,25.0,"Chipits Oven bin -2026
44 x 45-1/2
Nozomi Digital 1 Side Print 
80% Coverage
B Flute 32 ECT Clay",Ad Creat,,0,,,1.0,0,0,0,True,1,Pack & Protect C-2,Regular,False,1,0,B32 Coated White 1S / OY,OT,2026-08-05 14:12:01,,0,False,0,0,,NAZ,,1,68,0,12,0,,"Dig Ink Med Intensity (90%), Coated Digital (0%)",Markham,42.01,43.07,0.0,,1.0,0,False,2026-08-05,Not Applicable,No P.O.,N,,"Dig Ink Med Intensity
Coated Digital",No P.O.,242.0,2026-08-17,25.0
366958,5035507,1,2026-08-17,500,20,242,1,0,1,0,1.0,0,,Pack & Protect C-2,600,13903.0,8341.8,600.0,630,13802,,,2026-08-18,0,8341.8,194853,2026-08-18,B,Sheet,,Nozomi Digital 1 Side Print,1,3,M2300641,1.0,5,1,0,44.0,45.08,0,0.0,"Chipits Oven bin -2026
44 x 45-1/2
Nozomi Digital 1 Side Print 
80% Coverage
B Flute 32 ECT Clay",Ad Creat,,0,,,1.0,0,0,0,True,0,Pack & Protect C-2,Regular,False,6,0,B32 Coated White 1S / OY,OT,2026-08-05 14:12:01,,0,False,0,0,,,,1,68,0,12,0,,"Dig Ink Med Intensity (90%), Coated Digital (0%)",Markham,42.01,43.07,0.0,,1.0,0,False,2026-08-05,Not Applicable,No P.O.,N,,"Dig Ink Med Intensity
Coated Digital",No P.O.,,,
368128,5035567,2,2026-08-18,500,1,234,0,0,0,0,1.0,0,,Corrugator,500,7724.0,3862.0,500.0,550,18597,,,2026-08-25,0,3862.0,194900,2026-08-25,B,Flat Bed Die Cut,,Nozomi Digital 1 Side Print,1,3,,2.0,0,1,0,37.1,59.02,0,0.0,"24 x 1 lb Duck
17-13/16 x 56-7/8
FBDC, Glued, 20/Bundle
Nozomi Digital 1 Side Print 
B Flute 32",Healthy,,0,,,1.0,0,0,0,True,0,Pack & Protect A-2,Regular,False,234,0,B32 Coated White 1S,OT,2026-08-10 12:13:13,,0,False,0,0,,,,1,65,0,12,0,GI,"Dig Ink Med Intensity (40%), Coated Digital (0%)",Smithville,56.14,17.13,0.0,,0.0,0,False,2026-08-10,Glued,08/13-MONT01,"N,E,BobstGluer",13732 - C4 E,"Dig Ink Med Intensity
Coated Digital",08/13-MONT01,189.0,2026-08-19,
368126,5035567,2,2026-08-19,500,10,189,1,10,1,7319,1.0,0,,Nozomi Digital Printer,500,7724.0,3862.0,500.0,550,18597,,,2026-08-25,0,3862.0,194900,2026-08-25,B,Flat Bed Die Cut,N,Nozomi Digital 1 Side Print,1,3,,2.0,3,1,0,37.1,59.02,0,14.0,"24 x 1 lb Duck
17-13/16 x 56-7/8
FBDC, Glued, 20/Bundle
Nozomi Digital 1 Side Print 
B Flute 32",Healthy,,0,,,1.0,0,0,0,True,1,Pack & Protect A-2,Regular,False,1,0,B32 Coated White 1S,OT,2026-08-10 12:13:13,,0,False,0,0,,NAZ,,1,65,0,12,0,GI,"Dig Ink Med Intensity (40%), Coated Digital (0%)",Smithville,56.14,17.13,0.0,,0.0,0,False,2026-08-10,Glued,08/13-MONT01,"N,E,BobstGluer",13732 - C4 E,"Dig Ink Med Intensity
Coated Digital",08/13-MONT01,213.0,2026-08-20,14.0
368127,5035567,2,2026-08-20,500,20,213,1,25,1,7000,1.0,0,,Eterna,500,7724.0,3862.0,500.0,550,18597,,,2026-08-25,0,3862.0,194900,2026-08-25,B,Flat Bed Die Cut,E,Nozomi Digital 1 Side Print,1,3,,2.0,3,1,0,37.1,59.02,0,29.0,"24 x 1 lb Duck
17-13/16 x 56-7/8
FBDC, Glued, 20/Bundle
Nozomi Digital 1 Side Print 
B Flute 32",Healthy,,0,,,1.0,0,0,0,True,0,Pack & Protect A-2,Regular,False,3,0,B32 Coated White 1S,OT,2026-08-10 12:13:13,,0,False,0,0,,Eterna,,1,65,0,12,0,GI,"Dig Ink Med Intensity (40%), Coated Digital (0%)",Smithville,56.14,17.13,0.0,,0.0,0,False,2026-08-10,Glued,08/13-MONT01,"N,E,BobstGluer",13732 - C4 E,"Dig Ink Med Intensity
Coated Digital",08/13-MONT01,167.0,2026-08-21,29.0
368125,5035567,2,2026-08-21,500,30,167,1,31,1,6500,1.0,0,,"Bobst Specialty Gluer 115""",500,7724.0,3862.0,500.0,550,18597,,,2026-08-25,0,3862.0,194900,2026-08-25,B,Flat Bed Die Cut,Bobst Gluer,Nozomi Digital 1 Side Print,1,3,,2.0,3,1,0,37.1,59.02,0,36.0,"24 x 1 lb Duck
17-13/16 x 56-7/8
FBDC, Glued, 20/Bundle
Nozomi Digital 1 Side Print 
B Flute 32",Healthy,,0,,,1.0,0,0,0,True,0,Pack & Protect A-2,Regular,False,6,0,B32 Coated White 1S,OT,2026-08-10 12:13:13,,0,False,0,0,,Bobst Gluer,,1,65,0,12,0,GI,"Dig Ink Med Intensity (40%), Coated Digital (0%)",Smithville,56.14,17.13,0.0,,0.0,0,False,2026-08-10,Glued,08/13-MONT01,"N,E,BobstGluer",13732 - C4 E,"Dig Ink Med Intensity
Coated Digital",08/13-MONT01,238.0,2026-08-24,35.0
368129,5035567,2,2026-08-24,500,40,238,1,0,1,0,1.0,0,,Pack & Protect A-2,500,7724.0,3862.0,500.0,550,18597,,,2026-08-25,0,3862.0,194900,2026-08-25,B,Flat Bed Die Cut,,Nozomi Digital 1 Side Print,1,3,,2.0,5,1,0,37.1,59.02,0,0.0,"24 x 1 lb Duck
17-13/16 x 56-7/8
FBDC, Glued, 20/Bundle
Nozomi Digital 1 Side Print 
B Flute 32",Healthy,,0,,,1.0,0,0,0,True,0,Pack & Protect A-2,Regular,False,6,0,B32 Coated White 1S,OT,2026-08-10 12:13:13,,0,False,0,0,,,,1,65,0,12,0,GI,"Dig Ink Med Intensity (40%), Coated Digital (0%)",Smithville,56.14,17.13,0.0,,0.0,0,False,2026-08-10,Glued,08/13-MONT01,"N,E,BobstGluer",13732 - C4 E,"Dig Ink Med Intensity
Coated Digital",08/13-MONT01,,,
369522,5035618,4,2026-08-25,500,1,234,0,0,0,0,1.0,0,,Corrugator,185,20889.0,3864.465,185.0,185,18596,,,2026-08-28,0,3864.465,194903,2026-08-28,B,Sheet,,Nozomi Digital 1 Side Print,1,3,,1.0,0,1,0,64.0,47.0,0,0.0,"Corner Pillar - Biscoff Eng V2
64 x 47
Sheet, Digital 1 Side 
B32 Coated White 2S
Board and Prin",Display,,0,,,1.0,0,0,0,True,0,Pack & Protect C-2,Regular,False,234,0,B32 Coated White 2S,CRB,2026-08-13 16:17:14,,0,False,0,0,,,,1,68,0,12,0,,Dig Ink Med Intensity (100%),Scarborough,64.0,47.0,0.0,,0.0,0,False,2026-08-13,Not Applicable,No P.O.,N,,Dig Ink Med Intensity,No P.O.,189.0,2026-08-26,
369523,5035618,4,2026-08-26,500,10,189,1,10,1,2297,1.0,0,,Nozomi Digital Printer,185,20889.0,3864.465,185.0,185,18596,,,2026-08-28,0,3864.465,194903,2026-08-28,B,Sheet,N,Nozomi Digital 1 Side Print,1,3,,1.0,3,1,0,64.0,47.0,0,15.0,"Corner Pillar - Biscoff Eng V2
64 x 47
Sheet, Digital 1 Side 
B32 Coated White 2S
Board and Prin",Display,,0,,,1.0,0,0,0,True,1,Pack & Protect C-2,Regular,False,1,0,B32 Coated White 2S,CRB,2026-08-13 16:17:14,,0,False,0,0,,NAZ,,1,68,0,12,0,,Dig Ink Med Intensity (100%),Scarborough,64.0,47.0,0.0,,0.0,0,False,2026-08-13,Not Applicable,No P.O.,N,,Dig Ink Med Intensity,No P.O.,242.0,2026-08-27,14.0
369524,5035618,4,2026-08-27,500,20,242,1,0,1,0,1.0,0,,Pack & Protect C-2,185,20889.0,3864.465,185.0,185,18596,,,2026-08-28,0,3864.465,194903,2026-08-28,B,Sheet,,Nozomi Digital 1 Side Print,1,3,,1.0,5,1,0,64.0,47.0,0,0.0,"Corner Pillar - Biscoff Eng V2
64 x 47
Sheet, Digital 1 Side 
B32 Coated White 2S
Board and Prin",Display,,0,,,1.0,0,0,0,True,0,Pack & Protect C-2,Regular,False,6,0,B32 Coated White 2S,CRB,2026-08-13 16:17:14,,0,False,0,0,,,,1,68,0,12,0,,Dig Ink Med Intensity (100%),Scarborough,64.0,47.0,0.0,,0.0,0,False,2026-08-13,Not Applicable,No P.O.,N,,Dig Ink Med Intensity,No P.O.,,,
369528,5035618,6,2026-08-25,500,1,234,0,0,0,0,1.0,0,,Corrugator,185,20889.0,3864.465,185.0,185,18596,,,2026-08-28,0,3864.465,194904,2026-08-28,B,Sheet,,Nozomi Digital 1 Side Print,1,3,,1.0,0,1,0,64.0,47.0,0,0.0,"Corner Pillar - Biscoff Fr V2
64 x 47
Sheet, Digital 1 Side 
B32 Coated White 2S
Board and Print",Display,,0,,,1.0,0,0,0,True,0,Pack & Protect C-2,Regular,False,234,0,B32 Coated White 2S,CRB,2026-08-13 16:17:14,,0,False,0,0,,,,1,68,0,12,0,,Dig Ink Med Intensity (100%),Scarborough,64.0,47.0,0.0,,0.0,0,False,2026-08-13,Not Applicable,No P.O.,N,,Dig Ink Med Intensity,No P.O.,189.0,2026-08-26,
369529,5035618,6,2026-08-26,500,10,189,1,10,1,2297,1.0,0,,Nozomi Digital Printer,185,20889.0,3864.465,185.0,185,18596,,,2026-08-28,0,3864.465,194904,2026-08-28,B,Sheet,N,Nozomi Digital 1 Side Print,1,3,,1.0,3,1,0,64.0,47.0,0,15.0,"Corner Pillar - Biscoff Fr V2
64 x 47
Sheet, Digital 1 Side 
B32 Coated White 2S
Board and Print",Display,,0,,,1.0,0,0,0,True,1,Pack & Protect C-2,Regular,False,1,0,B32 Coated White 2S,CRB,2026-08-13 16:17:14,,0,False,0,0,,NAZ,,1,68,0,12,0,,Dig Ink Med Intensity (100%),Scarborough,64.0,47.0,0.0,,0.0,0,False,2026-08-13,Not Applicable,No P.O.,N,,Dig Ink Med Intensity,No P.O.,242.0,2026-08-27,14.0
369530,5035618,6,2026-08-27,500,20,242,1,0,1,0,1.0,0,,Pack & Protect C-2,185,20889.0,3864.465,185.0,185,18596,,,2026-08-28,0,3864.465,194904,2026-08-28,B,Sheet,,Nozomi Digital 1 Side Print,1,3,,1.0,5,1,0,64.0,47.0,0,0.0,"Corner Pillar - Biscoff Fr V2
64 x 47
Sheet, Digital 1 Side 
B32 Coated White 2S
Board and Print",Display,,0,,,1.0,0,0,0,True,0,Pack & Protect C-2,Regular,False,6,0,B32 Coated White 2S,CRB,2026-08-13 16:17:14,,0,False,0,0,,,,1,68,0,12,0,,Dig Ink Med Intensity (100%),Scarborough,64.0,47.0,0.0,,0.0,0,False,2026-08-13,Not Applicable,No P.O.,N,,Dig Ink Med Intensity,No P.O.,,,
369053,5035595,2,2026-08-26,500,1,234,0,0,0,0,1.0,0,,Corrugator,650,9635.0,6262.75,650.0,683,13523,,,2026-09-01,0,6262.75,194909,2026-09-01,B,Flat Bed Die Cut,,Nozomi Digital 1 Side Print,1,3,,1.0,0,1,0,30.0,46.04,0,0.0,"BMM526 - Small Panel V2
25-1/2 x 44-5/8
Flat Bed Die Cut, No Closure, 
Digital 1 Side 
B32 Coate",Blue,,0,,,1.0,0,0,0,True,0,Pack & Protect A-2,Regular,False,234,0,B32 Coated White 1S,CRB,2026-08-12 13:03:23,,0,False,0,0,,,,1,65,0,12,0,N,Dig Ink Med Intensity (100%),Horseheads,44.1,25.08,0.0,,0.0,0,False,2026-08-12,No Closure,08/18-Moyy,"N,E",14939 -,Dig Ink Med Intensity,08/18-Moyy,189.0,2026-08-27,
369051,5035595,2,2026-08-27,500,10,189,1,10,1,2342,1.0,0,,Nozomi Digital Printer,650,9635.0,6262.75,650.0,683,13523,,,2026-09-01,0,6262.75,194909,2026-09-01,B,Flat Bed Die Cut,N,Nozomi Digital 1 Side Print,1,3,,1.0,3,1,0,30.0,46.04,0,27.0,"BMM526 - Small Panel V2
25-1/2 x 44-5/8
Flat Bed Die Cut, No Closure, 
Digital 1 Side 
B32 Coate",Blue,,0,,,1.0,0,0,0,True,1,Pack & Protect A-2,Regular,False,1,0,B32 Coated White 1S,CRB,2026-08-12 13:03:23,,0,False,0,0,,NAZ,,1,65,0,12,0,N,Dig Ink Med Intensity (100%),Horseheads,44.1,25.08,0.0,,0.0,0,False,2026-08-12,No Closure,08/18-Moyy,"N,E",14939 -,Dig Ink Med Intensity,08/18-Moyy,213.0,2026-08-28,26.0
369052,5035595,2,2026-08-28,500,20,213,1,25,1,2160,1.0,0,,Eterna,650,9635.0,6262.75,650.0,683,13523,,,2026-09-01,0,6262.75,194909,2026-09-01,B,Flat Bed Die Cut,E,Nozomi Digital 1 Side Print,1,3,,1.0,3,1,0,30.0,46.04,0,43.0,"BMM526 - Small Panel V2
25-1/2 x 44-5/8
Flat Bed Die Cut, No Closure, 
Digital 1 Side 
B32 Coate",Blue,,0,,,1.0,0,0,0,True,0,Pack & Protect A-2,Regular,False,3,0,B32 Coated White 1S,CRB,2026-08-12 13:03:23,,0,False,0,0,,Eterna,,1,65,0,12,0,N,Dig Ink Med Intensity (100%),Horseheads,44.1,25.08,0.0,,0.0,0,False,2026-08-12,No Closure,08/18-Moyy,"N,E",14939 -,Dig Ink Med Intensity,08/18-Moyy,238.0,2026-08-31,43.0
369054,5035595,2,2026-08-31,500,30,238,1,0,1,0,1.0,0,,Pack & Protect A-2,650,9635.0,6262.75,650.0,683,13523,,,2026-09-01,0,6262.75,194909,2026-09-01,B,Flat Bed Die Cut,,Nozomi Digital 1 Side Print,1,3,,1.0,5,1,0,30.0,46.04,0,0.0,"BMM526 - Small Panel V2
25-1/2 x 44-5/8
Flat Bed Die Cut, No Closure, 
Digital 1 Side 
B32 Coate",Blue,,0,,,1.0,0,0,0,True,0,Pack & Protect A-2,Regular,False,6,0,B32 Coated White 1S,CRB,2026-08-12 13:03:23,,0,False,0,0,,,,1,65,0,12,0,N,Dig Ink Med Intensity (100%),Horseheads,44.1,25.08,0.0,,0.0,0,False,2026-08-12,No Closure,08/18-Moyy,"N,E",14939 -,Dig Ink Med Intensity,08/18-Moyy,,,
369061,5035595,4,2026-08-26,500,1,234,0,0,0,0,1.0,0,,Corrugator,650,10469.0,6804.85,650.0,683,13523,,,2026-09-01,0,6804.85,194910,2026-09-01,B,Flat Bed Die Cut,,Nozomi Digital 1 Side Print,1,3,,1.0,0,1,0,30.0,50.04,0,0.0,"BMM526 - LRG Panel - V2
25-1/2 x 52-5/8
Flat Bed Die Cut, No Closure, 
Digital 1 Side 
B32 Coate",Blue,,0,,,1.0,0,0,0,True,0,Pack & Protect A-2,Regular,False,234,0,B32 Coated White 1S,CRB,2026-08-12 13:03:23,,0,False,0,0,,,,1,65,0,12,0,N,Dig Ink Med Intensity (100%),Horseheads,52.1,25.08,0.0,,0.0,0,False,2026-08-12,No Closure,08/18-Moyy,"N,E",14940 -,Dig Ink Med Intensity,08/18-Moyy,189.0,2026-08-27,
369059,5035595,4,2026-08-27,500,10,189,1,10,1,1996,1.0,0,,Nozomi Digital Printer,650,10469.0,6804.85,650.0,683,13523,,,2026-09-01,0,6804.85,194910,2026-09-01,B,Flat Bed Die Cut,N,Nozomi Digital 1 Side Print,1,3,,1.0,3,1,0,30.0,50.04,0,30.0,"BMM526 - LRG Panel - V2
25-1/2 x 52-5/8
Flat Bed Die Cut, No Closure, 
Digital 1 Side 
B32 Coate",Blue,,0,,,1.0,0,0,0,True,1,Pack & Protect A-2,Regular,False,1,0,B32 Coated White 1S,CRB,2026-08-12 13:03:23,,0,False,0,0,,NAZ,,1,65,0,12,0,N,Dig Ink Med Intensity (100%),Horseheads,52.1,25.08,0.0,,0.0,0,False,2026-08-12,No Closure,08/18-Moyy,"N,E",14940 -,Dig Ink Med Intensity,08/18-Moyy,213.0,2026-08-28,29.0
369060,5035595,4,2026-08-28,500,20,213,1,25,1,2160,1.0,0,,Eterna,650,10469.0,6804.85,650.0,683,13523,,,2026-09-01,0,6804.85,194910,2026-09-01,B,Flat Bed Die Cut,E,Nozomi Digital 1 Side Print,1,3,,1.0,3,1,0,30.0,50.04,0,43.0,"BMM526 - LRG Panel - V2
25-1/2 x 52-5/8
Flat Bed Die Cut, No Closure, 
Digital 1 Side 
B32 Coate",Blue,,0,,,1.0,0,0,0,True,0,Pack & Protect A-2,Regular,False,3,0,B32 Coated White 1S,CRB,2026-08-12 13:03:23,,0,False,0,0,,Eterna,,1,65,0,12,0,N,Dig Ink Med Intensity (100%),Horseheads,52.1,25.08,0.0,,0.0,0,False,2026-08-12,No Closure,08/18-Moyy,"N,E",14940 -,Dig Ink Med Intensity,08/18-Moyy,238.0,2026-08-31,43.0
369062,5035595,4,2026-08-31,500,30,238,1,0,1,0,1.0,0,,Pack & Protect A-2,650,10469.0,6804.85,650.0,683,13523,,,2026-09-01,0,6804.85,194910,2026-09-01,B,Flat Bed Die Cut,,Nozomi Digital 1 Side Print,1,3,,1.0,5,1,0,30.0,50.04,0,0.0,"BMM526 - LRG Panel - V2
25-1/2 x 52-5/8
Flat Bed Die Cut, No Closure, 
Digital 1 Side 
B32 Coate",Blue,,0,,,1.0,0,0,0,True,0,Pack & Protect A-2,Regular,False,6,0,B32 Coated White 1S,CRB,2026-08-12 13:03:23,,0,False,0,0,,,,1,65,0,12,0,N,Dig Ink Med Intensity (100%),Horseheads,52.1,25.08,0.0,,0.0,0,False,2026-08-12,No Closure,08/18-Moyy,"N,E",14940 -,Dig Ink Med Intensity,08/18-Moyy,,,
368853,5035594,1,2026-08-24,500,1,234,0,0,0,0,1.0,0,,Corrugator,330,26437.0,8724.21,330.0,347,13523,,,2026-08-27,0,8724.21,194922,2026-08-27,B,RDC - Rotary Die Cut,,Nozomi Digital 1 Side Print,1,3,,1.0,0,1,0,40.08,94.0,0,0.0,"36""Pallet Skirt - Nike Sock
38-1/2 x 92
RDC, No Closure, 
Digital 1 Side 
B32 Coated White 1S
B",Blue,,0,,,1.0,0,0,0,True,0,Pack & Protect C-2,Regular,False,234,0,B32 Coated White 1S,OT,2026-08-12 12:52:35,,0,False,0,0,,,,1,65,0,12,0,N,Dig Ink Med Intensity (100%),Newark,92.0,38.08,0.0,,0.0,0,False,2026-08-12,No Closure,08/20-MONT01,"N,R",14783 - SKID,Dig Ink Med Intensity,08/20-MONT01,189.0,2026-08-25,
368854,5035594,1,2026-08-25,500,10,189,1,10,1,1148,1.0,0,,Nozomi Digital Printer,330,26437.0,8724.21,330.0,347,13523,,,2026-08-27,0,8724.21,194922,2026-08-27,B,RDC - Rotary Die Cut,N,Nozomi Digital 1 Side Print,1,3,,1.0,3,1,0,40.08,94.0,0,27.0,"36""Pallet Skirt - Nike Sock
38-1/2 x 92
RDC, No Closure, 
Digital 1 Side 
B32 Coated White 1S
B",Blue,,0,,,1.0,0,0,0,True,1,Pack & Protect C-2,Regular,False,1,0,B32 Coated White 1S,OT,2026-08-12 12:52:35,,0,False,0,0,,NAZ,,1,65,0,12,0,N,Dig Ink Med Intensity (100%),Newark,92.0,38.08,0.0,,0.0,0,False,2026-08-12,No Closure,08/20-MONT01,"N,R",14783 - SKID,Dig Ink Med Intensity,08/20-MONT01,166.0,2026-08-26,27.0
368855,5035594,1,2026-08-26,500,20,166,1,13,1,4200,1.0,0,,United Rotary 66x113 4 Colour,330,26437.0,8724.21,330.0,347,13523,,,2026-08-27,0,8724.21,194922,2026-08-27,B,RDC - Rotary Die Cut,R,Nozomi Digital 1 Side Print,1,3,,1.0,3,1,0,40.08,94.0,0,18.0,"36""Pallet Skirt - Nike Sock
38-1/2 x 92
RDC, No Closure, 
Digital 1 Side 
B32 Coated White 1S
B",Blue,,0,,,1.0,0,0,0,True,2,Pack & Protect C-2,Regular,False,2,0,B32 Coated White 1S,OT,2026-08-12 12:52:35,,0,False,0,0,,Prospect Rotary,,1,65,0,12,0,N,Dig Ink Med Intensity (100%),Newark,92.0,38.08,0.0,,0.0,0,False,2026-08-12,No Closure,08/20-MONT01,"N,R",14783 - SKID,Dig Ink Med Intensity,08/20-MONT01,242.0,2026-08-26,17.0
368856,5035594,1,2026-08-26,500,30,242,1,0,1,0,1.0,0,,Pack & Protect C-2,330,26437.0,8724.21,330.0,347,13523,,,2026-08-27,0,8724.21,194922,2026-08-27,B,RDC - Rotary Die Cut,,Nozomi Digital 1 Side Print,1,3,,1.0,5,1,0,40.08,94.0,0,0.0,"36""Pallet Skirt - Nike Sock
38-1/2 x 92
RDC, No Closure, 
Digital 1 Side 
B32 Coated White 1S
B",Blue,,0,,,1.0,0,0,0,True,0,Pack & Protect C-2,Regular,False,6,0,B32 Coated White 1S,OT,2026-08-12 12:52:35,,0,False,0,0,,,,1,65,0,12,0,N,Dig Ink Med Intensity (100%),Newark,92.0,38.08,0.0,,0.0,0,False,2026-08-12,No Closure,08/20-MONT01,"N,R",14783 - SKID,Dig Ink Med Intensity,08/20-MONT01,,,
368587,5035575,1,2026-08-18,500,1,256,0,0,0,0,1.0,0,,Interpac Corrugator,525,16038.0,8419.95,525.0,525,10019,,,2026-08-21,0,8419.95,194960,2026-08-21,B,Flat Bed Die Cut,,Nozomi Digital 1 Side Print,1,3,,1.0,1,1,0,37.04,62.0,0,0.0,"EMJ Hair 260511
35-1/4 x 60
Digital 1 Side 
B32 Coated White 1S
Board/Print
Sheet size: 37-1/4",Turn-Key,,0,,,1.0,0,0,0,True,0,Pack & Protect C-2,Regular,False,0,0,B32 Coated White 1S,CRB,2026-08-11 12:49:55,,0,False,0,0,,,,1,65,0,12,0,N,"Dig Ink Med Intensity (100%), Coated Digital (0%)",Concord,60.0,35.04,0.0,,0.0,0,False,2026-08-11,No Closure,08/14-Moyy,N,,"Dig Ink Med Intensity
Coated Digital",08/14-Moyy,189.0,2026-08-19,
368588,5035575,1,2026-08-19,500,10,189,1,10,1,1741,1.0,0,,Nozomi Digital Printer,525,16038.0,8419.95,525.0,525,10019,,,2026-08-21,0,8419.95,194960,2026-08-21,B,Flat Bed Die Cut,N,Nozomi Digital 1 Side Print,1,3,,1.0,3,1,0,37.04,62.0,0,28.0,"EMJ Hair 260511
35-1/4 x 60
Digital 1 Side 
B32 Coated White 1S
Board/Print
Sheet size: 37-1/4",Turn-Key,,0,,,1.0,0,0,0,True,1,Pack & Protect C-2,Regular,False,1,0,B32 Coated White 1S,CRB,2026-08-11 12:49:55,,0,False,0,0,,NAZ,,1,65,0,12,0,N,"Dig Ink Med Intensity (100%), Coated Digital (0%)",Concord,60.0,35.04,0.0,,0.0,0,False,2026-08-11,No Closure,08/14-Moyy,N,,"Dig Ink Med Intensity
Coated Digital",08/14-Moyy,242.0,2026-08-20,28.0
368589,5035575,1,2026-08-20,500,20,242,1,0,1,0,1.0,0,,Pack & Protect C-2,525,16038.0,8419.95,525.0,525,10019,,,2026-08-21,0,8419.95,194960,2026-08-21,B,Flat Bed Die Cut,,Nozomi Digital 1 Side Print,1,3,,1.0,5,1,0,37.04,62.0,0,0.0,"EMJ Hair 260511
35-1/4 x 60
Digital 1 Side 
B32 Coated White 1S
Board/Print
Sheet size: 37-1/4",Turn-Key,,0,,,1.0,0,0,0,True,0,Pack & Protect C-2,Regular,False,6,0,B32 Coated White 1S,CRB,2026-08-11 12:49:55,,0,False,0,0,,,,1,65,0,12,0,N,"Dig Ink Med Intensity (100%), Coated Digital (0%)",Concord,60.0,35.04,0.0,,0.0,0,False,2026-08-11,No Closure,08/14-Moyy,N,,"Dig Ink Med Intensity
Coated Digital",08/14-Moyy,,,
369322,5035610,1,2026-08-14,500,1,234,0,0,0,0,1.0,0,,Corrugator,1620,18706.0,30303.72,1620.0,1782,18370,,,2026-08-14,0,50607.2124,195022,2026-08-14,DW,Sheet,,Nozomi Digital 1 Side Print,1,3,,1.0,0,1,0,41.02,65.08,0,0.0,"1179691 Rug Carton -#253758
41-1/8 x 65-1/2
Sheet, Digital 1 Side 
4 Artworks
BC48 Coated White",Flint,,0,,,1.0,0,0,0,True,0,Pack & Protect C-2,Regular,False,234,0,BC48 Coated White 1S,OT,2026-08-13 12:47:54,,1620,False,0,0,,,,1,68,1620,12,0,,Dig Ink Med Intensity (100%),Woodbridge,41.02,65.08,0.0,,1.0,0,False,2026-08-13,Not Applicable,No P.O.,N,,Dig Ink Med Intensity,No P.O.,189.0,2026-08-14,
369324,5035610,1,2026-08-14,500,20,242,1,0,1,0,1.0,0,,Pack & Protect C-2,1620,18706.0,30303.72,1620.0,1782,18370,,,2026-08-14,0,50607.2124,195022,2026-08-14,DW,Sheet,,Nozomi Digital 1 Side Print,1,3,,1.0,5,1,0,41.02,65.08,0,0.0,"1179691 Rug Carton -#253758
41-1/8 x 65-1/2
Sheet, Digital 1 Side 
4 Artworks
BC48 Coated White",Flint,,0,,,1.0,0,0,0,True,0,Pack & Protect C-2,Regular,False,6,0,BC48 Coated White 1S,OT,2026-08-13 12:47:54,,1620,False,0,0,,,,1,68,1620,12,0,,Dig Ink Med Intensity (100%),Woodbridge,41.02,65.08,0.0,,1.0,0,False,2026-08-13,Not Applicable,No P.O.,N,,Dig Ink Med Intensity,No P.O.,,,
369337,5035611,1,2026-08-14,500,1,234,0,0,0,0,1.0,0,,Corrugator,1944,18706.0,36364.464,1944.0,2138,18370,,,2026-08-14,0,60728.65488,195023,2026-08-14,DW,Sheet,,Nozomi Digital 1 Side Print,1,3,,1.0,0,1,0,41.02,65.08,0,0.0,"1179691 Rug Carton -#253757
41-1/8 x 65-1/2
Sheet, Digital 1 Side 
4 Artworks
BC48 Coated White",Flint,,0,,,1.0,0,0,0,True,0,Pack & Protect C-2,Regular,False,234,0,BC48 Coated White 1S,OT,2026-08-13 12:52:39,,0,False,0,0,,,,1,68,0,12,0,,Dig Ink Med Intensity (100%),Woodbridge,41.02,65.08,0.0,,1.0,0,False,2026-08-13,Not Applicable,No P.O.,N,,Dig Ink Med Intensity,No P.O.,189.0,2026-08-14,
369338,5035611,1,2026-08-14,10,10,189,1,10,1,1659,1.0,0,,Nozomi Digital Printer,1944,18706.0,36364.464,1944.0,2138,18370,,,2026-08-14,0,60728.65488,195023,2026-08-14,DW,Sheet,N,Nozomi Digital 1 Side Print,1,3,,1.0,3,1,0,41.02,65.08,0,80.0,"1179691 Rug Carton -#253757
41-1/8 x 65-1/2
Sheet, Digital 1 Side 
4 Artworks
BC48 Coated White",Flint,,0,,,1.0,0,0,0,True,1,Pack & Protect C-2,Regular,False,1,0,BC48 Coated White 1S,OT,2026-08-13 12:52:39,,0,False,0,0,,NAZ,,1,68,0,12,0,,Dig Ink Med Intensity (100%),Woodbridge,41.02,65.08,0.0,,1.0,0,False,2026-08-13,Not Applicable,No P.O.,N,,Dig Ink Med Intensity,No P.O.,242.0,2026-08-14,82.0
369339,5035611,1,2026-08-14,500,20,242,1,0,1,0,1.0,0,,Pack & Protect C-2,1944,18706.0,36364.464,1944.0,2138,18370,,,2026-08-14,0,60728.65488,195023,2026-08-14,DW,Sheet,,Nozomi Digital 1 Side Print,1,3,,1.0,5,1,0,41.02,65.08,0,0.0,"1179691 Rug Carton -#253757
41-1/8 x 65-1/2
Sheet, Digital 1 Side 
4 Artworks
BC48 Coated White",Flint,,0,,,1.0,0,0,0,True,0,Pack & Protect C-2,Regular,False,6,0,BC48 Coated White 1S,OT,2026-08-13 12:52:39,,0,False,0,0,,,,1,68,0,12,0,,Dig Ink Med Intensity (100%),Woodbridge,41.02,65.08,0.0,,1.0,0,False,2026-08-13,Not Applicable,No P.O.,N,,Dig Ink Med Intensity,No P.O.,,,
369355,5035612,1,2026-08-14,500,1,234,0,0,0,0,1.0,0,,Corrugator,1620,18706.0,30303.72,1620.0,1782,18370,,,2026-08-14,0,50607.2124,195024,2026-08-14,DW,Sheet,,Nozomi Digital 1 Side Print,1,3,,1.0,0,1,0,41.02,65.08,0,0.0,"1179691 Rug Carton -#253756
41-1/8 x 65-1/2
Sheet, Digital 1 Side 
4 Artworks
BC48 Coated White",Flint,,0,,,1.0,0,0,0,True,0,Pack & Protect C-2,Regular,False,234,0,BC48 Coated White 1S,OT,2026-08-13 12:57:16,,1620,False,0,0,,,,1,68,1620,12,0,,Dig Ink Med Intensity (100%),Woodbridge,41.02,65.08,0.0,,1.0,0,False,2026-08-13,Not Applicable,No P.O.,N,,Dig Ink Med Intensity,No P.O.,189.0,2026-08-13,
369357,5035612,1,2026-08-14,500,20,242,1,0,1,0,1.0,0,,Pack & Protect C-2,1620,18706.0,30303.72,1620.0,1782,18370,,,2026-08-14,0,50607.2124,195024,2026-08-14,DW,Sheet,,Nozomi Digital 1 Side Print,1,3,,1.0,5,1,0,41.02,65.08,0,0.0,"1179691 Rug Carton -#253756
41-1/8 x 65-1/2
Sheet, Digital 1 Side 
4 Artworks
BC48 Coated White",Flint,,0,,,1.0,0,0,0,True,0,Pack & Protect C-2,Regular,False,6,0,BC48 Coated White 1S,OT,2026-08-13 12:57:16,,1620,False,0,0,,,,1,68,1620,12,0,,Dig Ink Med Intensity (100%),Woodbridge,41.02,65.08,0.0,,1.0,0,False,2026-08-13,Not Applicable,No P.O.,N,,Dig Ink Med Intensity,No P.O.,,,
368658,5035523,1,2026-08-20,500,10,69,1,20,1,4200,1.0,0,,Langston Saturn 50x110,2000,5669.0,11338.0,1800.0,2200,10001,,,2026-08-21,1,11338.0,103073,2026-08-21,C,Regular Slotted Carton,L,Plain,0,3,,1.0,3,1,0,18.08,44.02,2100,49.0,"W120909
12 x 9 x 9
RSC, Glued, Plain C Flute 32 ECT Kraft
750/unit",Moyy|WB,,0,,,0.6,10,0,0,True,2,Colex I Cutter (WB),Stock & Release,False,1,0,C32 K,OT,2026-08-10 17:51:19,,0,False,0,0,200 C,Langston,,1,60,0,12,0,GI,,Hamilton,12.0,9.0,9.0,,1.0,0,False,2026-08-06,Glued,08/14-Moyy,L,,,08/14-Moyy,,,75.0
337626,5032191,2,2026-09-01,500,10,69,1,24,1,4200,1.0,0,,Langston Saturn 50x110,8160,6433.0,52493.28,7344.0,8976,12170,,,2026-09-02,0,52493.28,158846,2026-09-02,C,Regular Slotted Carton,L,Flexo 1 Colour Print,1,3,,1.0,3,1,0,17.12,52.03,8900,141.0,"12-1/2 x 12-1/2 x 4-3/4
32C Kraft RSC 1C - logo 1 side
680/Unit",Mitchell's,,0,,,0.6,0,0,0,True,2,,Regular,False,1,0,C32 K,CRB,2026-03-20 14:01:37,,0,False,0,0,200 C,Langston,,1,60,0,12,0,GI,GCMI 90 BLACK HK (15%),Aylmer,12.08,12.08,4.12,,1.0,0,False,2026-03-20,Glued,08/24-Moyy,L,12979 - LANGSTON,GCMI 90 BLACK HK,08/24-Moyy,,,291.0
364531,5035397,1,2026-08-25,500,10,69,1,33,1,2520,1.0,0,,Langston Saturn 50x110,17000,7126.0,121142.0,15300.0,17850,18578,,,2026-08-27,0,121142.0,162079,2026-08-27,C,Regular Slotted Carton,L,Plain,0,3,,1.0,3,1,0,19.08,52.1,15890,438.0,"PK-000022-L2
14-1/4 x 11 x 7-7/8
RSC, Glued, Plain 
C Flute 26 ECT Kraft
500/unit",Grisson,,0,,,0.6,0,0,0,True,2,Colex I Cutter (WB),Regular,False,1,0,C26 K,CRB,2026-07-23 12:35:15,,0,False,0,0,125 O/T C,Langston,,1,60,0,12,0,GI,,Brantford,14.04,11.0,7.14,,1.0,0,False,2026-07-23,Glued,08/21-Moyy,L,,,08/21-Moyy,,,389.0
366313,5035477,2,2026-08-14,200,1,234,0,0,0,0,1.0,0,,Corrugator,5000,2680.0,13400.0,5000.0,5500,14304,,,2026-08-17,0,13400.0,169571,2026-08-17,E,Flat Bed Die Cut,,Nozomi Digital 1 Side Print,1,3,,4.0,0,1,0,36.0,42.14,5772,0.0,"NP 3PK-20-2717
5-1/4 x 6 x 2-3/4
FBDC, No Closure, 
Nozomi Digital 1 Side Print 
E32 Oyster 1S",Innovative,,0,,,1.0,0,0,0,True,0,,Regular,False,234,0,E32 OY,CRB,2026-07-30 07:04:27,,5776,False,0,0,200 E Oys,,,1,65,5776,12,0,N,"Dig Ink Med Intensity (70%), Non-Coated Digital (0%)",Kenmore,5.04,6.0,2.12,,1.0,0,False,2026-07-30,No Closure,No P.O.,"N,E,PP",14025 - ETERNA C2-B,"Dig Ink Med Intensity
Non-Coated Digital",No P.O.,189.0,2026-08-06,
366316,5035477,2,2026-08-14,500,30,237,1,0,1,0,1.0,0,,Pack & Protect A-1,5000,2680.0,13400.0,5000.0,5500,14304,,,2026-08-17,0,13400.0,169571,2026-08-17,E,Flat Bed Die Cut,PP,Nozomi Digital 1 Side Print,1,3,,4.0,5,1,0,36.0,42.14,5772,0.0,"NP 3PK-20-2717
5-1/4 x 6 x 2-3/4
FBDC, No Closure, 
Nozomi Digital 1 Side Print 
E32 Oyster 1S",Innovative,,0,,,1.0,0,0,0,True,0,,Regular,False,6,0,E32 OY,CRB,2026-07-30 07:04:27,,5776,False,0,0,200 E Oys,,,1,65,5776,12,0,N,"Dig Ink Med Intensity (70%), Non-Coated Digital (0%)",Kenmore,5.04,6.0,2.12,,1.0,0,False,2026-07-30,No Closure,No P.O.,"N,E,PP",14025 - ETERNA C2-B,"Dig Ink Med Intensity
Non-Coated Digital",No P.O.,,,
368105,5035568,1,2026-08-31,500,30,167,1,25,1,5625,1.0,0,,"Bobst Specialty Gluer 115""",340,3495.0,1188.3,340.0,374,19336,,,2026-08-31,0,1188.3,169862,2026-08-31,B,Flat Bed Die Cut,Bobst Gluer,Nozomi Digital 1 Side Print,1,3,,2.0,3,1,0,30.08,33.0,355,29.0,"16 x 1/2 lb Charrmeal
14-1/4 x 30-3/4
FBDC, Glued, 20/Bundle
Nozomi Digital 1 Side Print 
B Flut",Fish Lake,,0,,,1.0,0,0,0,True,0,,Regular,False,6,0,B32 Coated White 1S,OT,2026-08-10 12:18:23,,355,False,0,0,,Bobst Gluer,,1,65,355,12,0,GI,"Dig Ink Med Intensity (40%), Coated Digital (0%)",Waterloo,30.12,14.04,0.0,,1.0,0,False,2026-08-10,Glued,08/14-Moyy,"N,E,BobstGluer",13730 - C3-A,"Dig Ink Med Intensity
Coated Digital",08/14-Moyy,,,45.0
366321,5035477,4,2026-08-14,200,1,234,0,0,0,0,1.0,0,,Corrugator,8000,2680.0,21440.0,8000.0,8800,14304,,,2026-08-17,0,21440.0,170033,2026-08-17,E,Flat Bed Die Cut,,Nozomi Digital 1 Side Print,1,3,,4.0,0,1,0,36.0,42.14,7822,0.0,"NP 3PK-20-2715
5-1/4 x 6 x 2-3/4
DC, No Closure, 
Nozomi Digital 1 Side Print 
E32 Oyster 1S
3p",Innovative,,0,,,1.0,0,0,0,True,0,,Regular,False,234,0,E32 OY,CRB,2026-07-30 07:04:27,,9064,False,0,0,200 E Oys,,,1,65,9064,12,0,N,"Dig Ink Med Intensity (100%), Non-Coated Digital (0%)",Kenmore,5.04,6.0,2.12,,1.0,0,False,2026-07-30,No Closure,No P.O.,"N,E,PP",14025 - ETERNA C2-B,"Dig Ink Med Intensity
Non-Coated Digital",No P.O.,189.0,2026-08-06,
366324,5035477,4,2026-08-14,500,30,237,1,0,1,0,1.0,0,,Pack & Protect A-1,8000,2680.0,21440.0,8000.0,8800,14304,,,2026-08-17,0,21440.0,170033,2026-08-17,E,Flat Bed Die Cut,PP,Nozomi Digital 1 Side Print,1,3,,4.0,5,1,0,36.0,42.14,7822,0.0,"NP 3PK-20-2715
5-1/4 x 6 x 2-3/4
DC, No Closure, 
Nozomi Digital 1 Side Print 
E32 Oyster 1S
3p",Innovative,,0,,,1.0,0,0,0,True,0,,Regular,False,6,0,E32 OY,CRB,2026-07-30 07:04:27,,9064,False,0,0,200 E Oys,,,1,65,9064,12,0,N,"Dig Ink Med Intensity (100%), Non-Coated Digital (0%)",Kenmore,5.04,6.0,2.12,,1.0,0,False,2026-07-30,No Closure,No P.O.,"N,E,PP",14025 - ETERNA C2-B,"Dig Ink Med Intensity
Non-Coated Digital",No P.O.,,,
368109,5035568,3,2026-08-28,500,30,167,1,15,1,6500,1.0,0,,"Bobst Specialty Gluer 115""",160,3495.0,559.2,160.0,176,19336,,,2026-08-31,0,559.2,177067,2026-08-31,B,Flat Bed Die Cut,Bobst Gluer,Nozomi Digital 1 Side Print,1,3,,2.0,3,1,0,30.08,33.0,155,16.0,"16 x 1/2 lb Patties Pure Charr
14-1/4 x 30-3/4
FBDC, Glued, 20/Bundle
Nozomi Digital 1 Side Print",Fish Lake,,0,,,1.0,0,0,0,True,0,,Regular,False,6,0,B32 Coated White 1S,OT,2026-08-10 12:18:23,,155,False,0,0,,Bobst Gluer,,1,65,155,12,0,GI,"Dig Ink Med Intensity (40%), Coated Digital (0%)",Waterloo,30.12,14.04,0.0,,1.0,0,False,2026-08-10,Glued,No P.O.,"N,E,BobstGluer",13730 - C3-A,"Dig Ink Med Intensity
Coated Digital",No P.O.,,,18.0
366624,5035499,1,2026-08-14,100,1,234,0,0,0,0,1.0,0,,Corrugator,3000,3850.0,11550.0,3000.0,3150,18970,,,2026-08-13,0,11550.0,184423,2026-08-13,B,RDC - Rotary Die Cut,,Flexo 2 Colour Printing,2,3,,2.0,0,1,0,31.02,35.1,3150,0.0,"Generic 355/473ml X 24 
2 Side Roll Over 24Pk
2 Col Flexo 
40B Oyster +WRA
1000/ Pallet",Wellington,,0,,,1.0,0,0,0,True,0,,Regular,False,234,0,B40 OY,OT,2026-07-31 12:15:57,,3150,False,0,0,200 O/TBOy,,,1,64,3150,12,0,N,"GCMI 90 BLACK AU (80%), PMS 716C Orange (10%)",Guelph,15.12,10.09,3.0,,1.0,0,False,2026-07-31,No Closure,No P.O.,R,"14286 - G-4
14496 - RACK C","GCMI 90 BLACK AU
PMS 716C Orange",No P.O.,166.0,2026-08-11,
366626,5035499,2,2026-08-14,100,1,234,0,0,0,0,1.0,0,,Corrugator,5000,3850.0,19250.0,5000.0,5250,18970,,,2026-08-13,0,19250.0,184424,2026-08-13,B,RDC - Rotary Die Cut,,Flexo 2 Colour Printing,2,3,,2.0,0,1,0,31.02,35.1,5112,0.0,"Helles Lager 355/473ml X 24 
2 Side Roll Over 24Pk
2 Col Flexo 
40B Oyster +WRA
1000/ Pallet",Wellington,,0,,,1.0,0,0,0,True,0,,Regular,False,234,0,B40 OY,OT,2026-07-31 12:15:57,,5112,False,0,0,200 O/TBOy,,,1,64,5112,12,0,N,"GCMI 90 BLACK AU (10%), PMS 716C Orange (10%)",Guelph,15.12,10.09,3.0,,1.0,0,False,2026-07-31,No Closure,No P.O.,R,"14286 - G-4
14497 - RACK C","GCMI 90 BLACK AU
PMS 716C Orange",No P.O.,166.0,2026-08-11,
366630,5035499,4,2026-08-20,500,1,234,0,0,0,0,1.0,0,,Corrugator,4000,3850.0,15400.0,4000.0,4200,18970,,,2026-08-13,0,15400.0,184426,2026-08-13,B,RDC - Rotary Die Cut,,Flexo 3 Colour Printing,3,3,,2.0,0,1,0,31.02,35.1,3260,0.0,"SPA 355/473ml X 24 
2 Side Roll Over 24Pk
3 Col Flexo 
40B Oyster +WRA
1000/ Pallet",Wellington,,0,,,1.0,0,0,0,True,0,,Regular,False,234,0,B40 OY,OT,2026-07-31 12:15:57,,4460,False,0,0,200 O/TBOy,,,1,64,4460,12,0,N,"GCMI 90 BLACK AU (10%), PMS 716C Orange (10%), PMS 7409C Yellow (70%)",Guelph,15.12,10.09,3.0,,1.0,0,False,2026-07-31,No Closure,No P.O.,R,"14286 - G-4
14499 - RACK C","GCMI 90 BLACK AU
PMS 716C Orange
PMS 7409C Yellow",No P.O.,166.0,2026-08-13,
366628,5035499,3,2026-08-14,100,1,234,0,0,0,0,1.0,0,,Corrugator,1000,3850.0,3850.0,1000.0,1050,18970,,,2026-08-13,0,3850.0,184659,2026-08-13,B,RDC - Rotary Die Cut,,Flexo 3 Colour Printing,3,3,,2.0,0,1,0,31.02,35.1,1050,0.0,"Imperial Stout 355/473ml X 24 
2 Side Roll Over 24Pk
3 Col Flexo 
40B Oyster +WRA
1000/ Pallet",Wellington,,0,,,1.0,0,0,0,True,0,,Regular,False,234,0,B40 OY,OT,2026-07-31 12:15:57,,1050,False,0,0,200 O/TBOy,,,1,64,1050,12,0,N,"GCMI 90 BLACK AU (10%), PMS 716C Orange (10%), PMS 1805C RED (40%)",Guelph,15.12,10.09,3.0,,1.0,0,False,2026-07-31,No Closure,No P.O.,R,"14286 - G-4
14513 - RACK C","GCMI 90 BLACK AU
PMS 716C Orange
PMS 1805C RED",No P.O.,166.0,2026-08-11,
366634,5035499,6,2026-08-20,500,1,234,0,0,0,0,1.0,0,,Corrugator,1000,3850.0,3850.0,1000.0,1050,18970,,,2026-08-13,0,3850.0,184827,2026-08-13,B,RDC - Rotary Die Cut,,Flexo 1 Colour Print,1,3,,2.0,0,1,0,31.02,35.1,1020,0.0,"Oyster 355/473ml X 24 
2 Side Roll Over 24Pk
Plain 40B Oyster +WRA
1000/ Pallet",Wellington,,0,,,1.0,0,0,0,True,0,,Regular,False,234,0,B40 OY,OT,2026-07-31 12:15:57,,1026,False,0,0,200 O/TBOy,,,1,64,1026,12,0,N,GCMI 90 BLACK AU (10%),Guelph,15.12,10.09,3.0,,1.0,0,False,2026-07-31,No Closure,No P.O.,R,"14286 - G-4
14770 - RACK D",GCMI 90 BLACK AU,No P.O.,166.0,2026-08-10,
365793,5035455,1,2026-08-14,400,20,213,1,25,1,5040,2.0,0,,Eterna,1000,5484.0,5484.0,500.0,1100,12853,,,2026-08-21,0,5484.0,189613,2026-08-21,E,Flat Bed Die Cut,E,Nozomi Digital 1 Side Print,1,3,,2.0,3,1,0,39.0,40.08,6400,37.0,"PKG-CNBS12
11-3/16 x 7-9/16 x 6-1/2
Flat Bed Die Cut, Glued, 
Digital 1 Side 
E32 Coated White 1",Iron,,0,,,1.0,0,0,0,True,0,,Regular,False,3,0,E32 Coated White 1S,CRB,2026-07-28 12:47:26,,0,False,0,0,,Eterna,,1,65,0,12,0,GI,"Dig Ink Med Intensity (50%), Coated Digital (0%)",St. Catharines,11.03,7.09,6.08,,1.0,0,False,2026-07-28,Glued,08/10-Moyy,"N,E",14830 - ETERNA C3-E,"Dig Ink Med Intensity
Coated Digital",08/10-Moyy,257.0,2026-08-20,69.0
365794,5035455,1,2026-08-20,500,40,257,1,0,1,0,1.0,0,,Astrapac - Glue,1000,5484.0,5484.0,1000.0,1100,12853,,,2026-08-21,0,5484.0,189613,2026-08-21,E,Flat Bed Die Cut,,Nozomi Digital 1 Side Print,1,3,,2.0,0,1,0,39.0,40.08,6400,0.0,"PKG-CNBS12
11-3/16 x 7-9/16 x 6-1/2
Flat Bed Die Cut, Glued, 
Digital 1 Side 
E32 Coated White 1",Iron,,0,,,1.0,0,0,0,True,0,,Regular,False,0,0,E32 Coated White 1S,CRB,2026-07-28 12:47:26,,0,False,0,0,,,,1,65,0,12,0,GI,"Dig Ink Med Intensity (50%), Coated Digital (0%)",St. Catharines,11.03,7.09,6.08,,1.0,0,False,2026-07-28,Glued,08/10-Moyy,"N,E",14830 - ETERNA C3-E,"Dig Ink Med Intensity
Coated Digital",08/10-Moyy,238.0,2026-08-20,
365795,5035455,1,2026-08-20,500,50,238,1,0,1,0,1.0,0,,Pack & Protect A-2,1000,5484.0,5484.0,1000.0,1100,12853,,,2026-08-21,0,5484.0,189613,2026-08-21,E,Flat Bed Die Cut,,Nozomi Digital 1 Side Print,1,3,,2.0,5,1,0,39.0,40.08,6400,0.0,"PKG-CNBS12
11-3/16 x 7-9/16 x 6-1/2
Flat Bed Die Cut, Glued, 
Digital 1 Side 
E32 Coated White 1",Iron,,0,,,1.0,0,0,0,True,0,,Regular,False,6,0,E32 Coated White 1S,CRB,2026-07-28 12:47:26,,0,False,0,0,,,,1,65,0,12,0,GI,"Dig Ink Med Intensity (50%), Coated Digital (0%)",St. Catharines,11.03,7.09,6.08,,1.0,0,False,2026-07-28,Glued,08/10-Moyy,"N,E",14830 - ETERNA C3-E,"Dig Ink Med Intensity
Coated Digital",08/10-Moyy,,,
369267,5034215,2,2026-08-05,-400,1,1,0,0,0,0,1.0,0,,"Slitter 90""",226,5790.0,1308.54,226.0,237,14275,,,2026-07-31,0,1308.54,193239,2026-07-31,B,Flat Bed Die Cut,Slitter,Nozomi Digital 1 Side Print,1,3,,1.0,8,1,0,29.0,28.12,237,0.0,"Z3059902-1 HD Display Header
29 x 28-3/4
Elitron I-Cut, No Closure, 
Digital 1 Side Print 
B32 C",Jamestown,,0,,,1.0,0,0,0,True,1,Stripping Elitron Pack & Protect D-2,Regular,False,14,0,B32 Coated White 2S,OT,2026-07-09 10:37:05,,237,False,0,0,,Slitter,,1,86,237,12,0,N,Dig Ink Med Intensity (70%),Macedonia,28.12,29.0,0.0,,1.0,0,False,2026-07-09,No Closure,No P.O.,"Slitter,N,Elitron,Stripping",,Dig Ink Med Intensity,No P.O.,189.0,2026-07-27,
367542,5035532,7,2026-08-18,500,30,40,1,12,1,240,1.0,0,,Stripping,80,1225.0,98.0,80.0,80,18692,,,2026-08-21,0,98.0,194771,2026-08-21,B,Flat Bed Die Cut,Stripping,Nozomi Digital 1 Side Print,1,3,,1.0,5,1,0,14.04,12.06,80,32.0,"Gatorade Powder mini -Header -Eng
14-1/4 x 12-3/8
I-Cut, No Closure, 
Nozomi Digital 1 Side Print",Treetop,,0,,,0.8,0,0,0,True,0,Stripping Elitron Pack & Protect D-2,Regular,False,0,0,B32 Coated White 2S,OT,2026-08-06 15:22:53,,80,False,0,0,,Stripping,,1,65,80,12,0,N,Dig Ink Med Intensity (100%),Scarborough,12.06,14.04,0.0,,1.0,0,False,2026-08-06,No Closure,No P.O.,"N,ZColex,Stripping",,Dig Ink Med Intensity,No P.O.,243.0,2026-08-19,32.0
367543,5035532,7,2026-08-19,500,40,243,1,0,1,0,1.0,0,,Pack & Protect D-2,80,1225.0,98.0,80.0,80,18692,,,2026-08-21,0,98.0,194771,2026-08-21,B,Flat Bed Die Cut,,Nozomi Digital 1 Side Print,1,3,,1.0,5,1,0,14.04,12.06,80,0.0,"Gatorade Powder mini -Header -Eng
14-1/4 x 12-3/8
I-Cut, No Closure, 
Nozomi Digital 1 Side Print",Treetop,,0,,,1.0,0,0,0,True,0,Stripping Elitron Pack & Protect D-2,Regular,False,6,0,B32 Coated White 2S,OT,2026-08-06 15:22:53,,80,False,0,0,,,,1,65,80,12,0,N,Dig Ink Med Intensity (100%),Scarborough,12.06,14.04,0.0,,1.0,0,False,2026-08-06,No Closure,No P.O.,"N,ZColex,Stripping",,Dig Ink Med Intensity,No P.O.,,,
367547,5035532,8,2026-08-18,500,30,40,1,12,1,240,1.0,0,,Stripping,20,1225.0,24.5,20.0,20,18692,,,2026-08-21,0,24.5,194851,2026-08-21,B,Flat Bed Die Cut,Stripping,Nozomi Digital 1 Side Print,1,3,,1.0,5,1,0,14.04,12.06,20,17.0,"Gatorade Powder mini -Header -Fr
14-1/4 x 12-3/8
I-Cut, No Closure, 
Nozomi Digital 1 Side Print",Treetop,,0,,,0.8,0,0,0,True,0,Stripping Elitron Pack & Protect D-2,Regular,False,0,0,B32 Coated White 2S,OT,2026-08-06 15:22:53,,20,False,0,0,,Stripping,,1,65,20,12,0,N,Dig Ink Med Intensity (100%),Scarborough,12.06,14.04,0.0,,1.0,0,False,2026-08-06,No Closure,No P.O.,"N,ZColex,Stripping",,Dig Ink Med Intensity,No P.O.,243.0,2026-08-19,17.0
367548,5035532,8,2026-08-19,500,40,243,1,0,1,0,1.0,0,,Pack & Protect D-2,20,1225.0,24.5,20.0,20,18692,,,2026-08-21,0,24.5,194851,2026-08-21,B,Flat Bed Die Cut,,Nozomi Digital 1 Side Print,1,3,,1.0,5,1,0,14.04,12.06,20,0.0,"Gatorade Powder mini -Header -Fr
14-1/4 x 12-3/8
I-Cut, No Closure, 
Nozomi Digital 1 Side Print",Treetop,,0,,,1.0,0,0,0,True,0,Stripping Elitron Pack & Protect D-2,Regular,False,6,0,B32 Coated White 2S,OT,2026-08-06 15:22:53,,20,False,0,0,,,,1,65,20,12,0,N,Dig Ink Med Intensity (100%),Scarborough,12.06,14.04,0.0,,1.0,0,False,2026-08-06,No Closure,No P.O.,"N,ZColex,Stripping",,Dig Ink Med Intensity,No P.O.,,,
368590,5035575,2,2026-08-18,500,1,234,0,0,0,0,1.0,0,,Corrugator,525,8486.0,4455.15,525.0,525,10019,,,2026-08-21,0,4455.15,194961,2026-08-21,B,Flat Bed Die Cut,,Nozomi Digital 1 Side Print,1,3,,1.0,0,1,0,26.0,47.0,525,0.0,"EMJ Hair 260512
24 x 45
Digital 1 Side 
B32 Coated White 2S
Board/Print
Sheet size: 26x47
375/",Turn-Key,,0,,,1.0,0,0,0,True,0,Stripping Elitron - to slit sheet to size Pack & Protect C-2,Regular,False,234,0,B32 Coated White 2S,OT,2026-08-11 12:49:55,,525,False,0,0,,,,1,65,525,12,0,N,"Dig Ink Med Intensity (70%), Coated Digital (0%)",Concord,45.0,24.0,0.0,W265893,1.0,0,False,2026-08-11,No Closure,No P.O.,"N,Elitron,Stripping",,"Dig Ink Med Intensity
Coated Digital",No P.O.,189.0,2026-08-12,
369089,5035601,1,2026-08-19,500,1,234,0,0,0,0,1.0,0,,Corrugator,12000,14006.0,168072.0,12000.0,13200,18370,,,2026-08-19,0,168072.0,195016,2026-08-19,C,Sheet,,Not Applicable,0,3,,1.0,0,1,0,30.08,66.02,14461,0.0,"Ref# 290427-1
30-1/2 x 66-1/8
Sheet C Flute 32 ECT Kraft
Scored at 7-1/16 x 16-3/8 x 7-1/16",Flint,,0,,,1.0,0,0,0,True,0,,Regular,False,234,0,C32 K,OT,2026-08-12 14:59:35,,13230,False,0,0,200 C,,,1,66,13230,12,0,,,Woodbridge,30.08,66.02,0.0,,1.0,0,False,2026-08-12,Not Applicable,08/13-Moyy,,,,08/13-Moyy,256.0,2026-08-13,
369188,5035603,1,2026-08-14,500,1,234,0,0,0,0,1.0,0,,Corrugator,2000,3340.0,6680.0,2000.0,2200,18370,,,2026-08-14,0,6680.0,195034,2026-08-14,C,Sheet,,Not Applicable,0,3,,1.0,0,1,0,13.05,36.02,2200,0.0,"Ref# 289297-1
13-5/16 x 36-1/8
Sheet C Flute 32 ECT Kraft
Scored at 3-5/8 x 6-1/16  x 3-5/8",Flint,,0,,,1.0,0,0,0,True,0,,Regular,False,234,0,C32 K,OT,2026-08-13 07:31:37,,2450,False,0,0,200 C,,,1,66,2450,12,0,,,Woodbridge,13.05,36.02,0.0,,1.0,0,False,2026-08-13,Not Applicable,08/14-Moyy,,,,08/14-Moyy,256.0,2026-08-13,
363891,5035348,1,2026-08-14,-300,1,234,0,0,0,0,1.0,0,,Corrugator,6000,7232.0,43392.0,5400.0,6600,11369,,,2026-08-14,0,43392.0,103653,2026-08-10,B,Flat Bed Die Cut,,Plain,0,3,W2200104,1.0,0,1,0,38.12,26.14,2205,0.0,"Lrg 25-7/8 x 37-3/4
FBDC Plain 32B W1S
Assembled and Glued
160/unit",New,,0,,,1.0,0,0,0,True,0,STRIPPING,Regular,False,234,0,B32 OY,Late - Production backlog,2026-07-21 08:56:28,,0,False,0,0,200 B Oys,,,1,63,0,12,0,N,,Stratford,25.14,37.12,0.0,,1.0,6468,False,2026-07-21,No Closure,6468 (2038466-1),"E,Stripping",12621 - CAN 2-F,,6468 (2038466-1),213.0,2026-08-10,
363893,5035348,1,2026-08-14,-100,20,40,1,12,1,400,1.0,0,,Stripping,6000,7232.0,43392.0,5400.0,6600,11369,,,2026-08-14,0,43392.0,103653,2026-08-10,B,Flat Bed Die Cut,Stripping,Plain,0,3,W2200104,1.0,5,1,0,38.12,26.14,2205,912.0,"Lrg 25-7/8 x 37-3/4
FBDC Plain 32B W1S
Assembled and Glued
160/unit",New,,0,,,0.8,0,0,0,True,0,STRIPPING,Regular,False,0,0,B32 OY,Late - Production backlog,2026-07-21 08:56:28,,0,False,0,0,200 B Oys,Stripping,,1,63,0,12,0,N,,Stratford,25.14,37.12,0.0,,1.0,6468,False,2026-07-21,No Closure,6468 (2038466-1),"E,Stripping",12621 - CAN 2-F,,6468 (2038466-1),168.0,2026-08-14,17.0
363894,5035348,1,2026-08-14,0,30,168,1,0,1,0,1.0,0,,Farm Out,6000,7232.0,43392.0,5400.0,6600,11369,,,2026-08-14,0,43392.0,103653,2026-08-10,B,Flat Bed Die Cut,,Plain,0,3,W2200104,1.0,7,1,0,38.12,26.14,2205,0.0,"Lrg 25-7/8 x 37-3/4
FBDC Plain 32B W1S
Assembled and Glued
160/unit",New,,0,,,1.0,0,0,0,True,0,STRIPPING,Regular,False,4,0,B32 OY,Late - Production backlog,2026-07-21 08:56:28,,0,False,0,0,200 B Oys,Farm Out,,1,63,0,12,0,N,,Stratford,25.14,37.12,0.0,,1.0,6468,False,2026-07-21,No Closure,6468 (2038466-1),"E,Stripping",12621 - CAN 2-F,,6468 (2038466-1),,,
366446,5035464,1,2026-08-14,100,20,55,1,10,1,2000,1.0,0,,Bundling,250,16866.0,4216.5,225.0,275,10001,,,2026-08-21,1,4216.5,107169,2026-08-21,C,Flat Bed Die Cut,Bundling,Plain,0,3,M2300372,1.0,8,1,0,42.09,57.01,0,18.0,"W6813
57-1/16 x 42-9/16
Flat Bed Die Cut 32C Kraft
225/unit Bundled in 25s",Moyy|WB,,0,,,1.0,10,0,0,True,0,,Stock & Release,False,0,0,C32 K,OT,2026-07-30 10:41:13,,0,False,0,0,200 C,Bundling,,1,69,0,12,0,N,,Hamilton,57.01,42.09,0.0,,0.0,303,False,2026-07-29,No Closure,303 (2038604-1),Bundling,,,303 (2038604-1),,,33.0
366520,5035489,1,2026-08-17,110,10,69,1,78,1,1440,1.0,0,,Langston Saturn 50x110,2500,5632.0,14080.0,2250.0,2750,16435,,,2026-08-18,0,14080.0,167090,2026-08-18,C,Regular Slotted Carton,L,Plain,0,3,M2302063B,1.0,3,1,0,16.14,48.01,2800,182.0,"Metro Macaron Master
15-3/8 x 7-9/16 x 9
RSC, Glued, Plain 
C Flute 32 ECT Kraft WRA 
Extended G",Scheps Novelties,,0,,,0.6,0,0,0,True,2,,Regular,False,1,0,C32 K,CRB,2026-07-31 07:32:10,,0,False,0,0,200 C,Langston,,1,60,0,12,0,GI,,Tillsonburg,15.06,7.09,9.0,,1.0,2800,False,2026-07-31,Glued,2800 (2038650-1),L,,,2800 (2038650-1),,,133.0
366070,5032130,1,2026-08-20,500,10,69,1,24,1,4200,1.0,0,,Langston Saturn 50x110,9000,13158.0,118422.0,8100.0,9900,18299,,,2026-08-24,0,118422.0,172368,2026-08-24,C,Regular Slotted Carton,L,Flexo 1 Colour Print,1,3,M2400829,1.0,3,1,0,30.08,62.02,10000,153.0,"15 x 15 x 15
=======
366585,5035482,1,2026-08-10,500,10,231,1,15,1,140,1.0,0,,Elitron,200,6973.0,1394.6,180.0,220,10040,,,2026-08-13,0,1394.6,173641,2026-08-13,C,Tray,Elitron,Plain,0,3,M2401589,1.0,5,1,0,29.0,34.1,0,101.0,"24"" Plain Inner
24-1/4 x 18-5/8 x 5
Tray, No Closure, Plain, 32 C
280/unit",Ecologix,,0,,,1.0,0,0,0,True,0,Stripping Elitron,Regular,False,8,0,C32 K,OT,2026-07-30 09:46:29,,0,False,0,0,200 C,Elitron,,1,63,0,12,0,N,,Guelph,24.04,18.1,5.0,,0.0,0,False,2026-07-30,No Closure,No P.O.,"Elitron,Stripping",,,No P.O.,40.0,2026-08-11,87.0
366586,5035482,1,2026-08-11,500,20,40,1,12,1,80,1.0,0,,Stripping,200,6973.0,1394.6,180.0,220,10040,,,2026-08-13,0,1394.6,173641,2026-08-13,C,Tray,Stripping,Plain,0,3,M2401589,1.0,5,1,0,29.0,34.1,0,162.0,"24"" Plain Inner
24-1/4 x 18-5/8 x 5
Tray, No Closure, Plain, 32 C
280/unit",Ecologix,,0,,,0.8,0,0,0,True,0,Stripping Elitron,Regular,False,0,0,C32 K,OT,2026-07-30 09:46:29,,0,False,0,0,200 C,Stripping,,1,63,0,12,0,N,,Guelph,24.04,18.1,5.0,,0.0,0,False,2026-07-30,No Closure,No P.O.,"Elitron,Stripping",,,No P.O.,,,28.0
362235,5034315,1,2026-08-17,500,1,234,0,0,0,0,1.0,0,,Corrugator,1300,32922.0,42798.6,1300.0,1365,14275,,,2026-08-24,0,42798.6,173978,2026-08-24,B,RDC - Rotary Die Cut,,Nozomi Digital 1 Side Print,1,3,,1.0,0,1,0,63.0,75.04,0,0.0,"Buffalo Games R90460-LEFT Black
61 x 73-1/4
RDC, No Closure, 
Digital Print 1 Side Print
B44 Oys",Jamestown,,0,,,1.0,0,0,0,True,0,Pack & Protect D-2,Regular,False,234,0,B44 OY,CRB,2026-07-17 10:56:01,,0,False,0,0,275BOYS,,,1,86,0,12,0,N,Dig Ink Med Intensity (40%),ROCHESTER,73.04,61.0,0.0,,0.0,0,False,2026-07-17,No Closure,08/10-MONT01,"N,R","13993 - P-7,8",Dig Ink Med Intensity,08/10-MONT01,189.0,2026-08-18,
362236,5034315,1,2026-08-18,500,10,189,1,10,1,1439,1.0,0,,Nozomi Digital Printer,1300,32922.0,42798.6,1300.0,1365,14275,,,2026-08-24,0,42798.6,173978,2026-08-24,B,RDC - Rotary Die Cut,N,Nozomi Digital 1 Side Print,1,3,,1.0,3,1,0,63.0,75.04,0,64.0,"Buffalo Games R90460-LEFT Black
61 x 73-1/4
RDC, No Closure, 
Digital Print 1 Side Print
B44 Oys",Jamestown,,0,,,1.0,0,0,0,True,1,Pack & Protect D-2,Regular,False,1,0,B44 OY,CRB,2026-07-17 10:56:01,,0,False,0,0,275BOYS,NAZ,,1,86,0,12,0,N,Dig Ink Med Intensity (40%),ROCHESTER,73.04,61.0,0.0,,0.0,0,False,2026-07-17,No Closure,08/10-MONT01,"N,R","13993 - P-7,8",Dig Ink Med Intensity,08/10-MONT01,166.0,2026-08-19,187.0
362237,5034315,1,2026-08-19,500,20,166,1,33,1,1400,1.0,0,,United Rotary 66x113 4 Colour,1300,32922.0,42798.6,1300.0,1365,14275,,,2026-08-24,0,42798.6,173978,2026-08-24,B,RDC - Rotary Die Cut,R,Nozomi Digital 1 Side Print,1,3,,1.0,3,1,0,63.0,75.04,0,89.0,"Buffalo Games R90460-LEFT Black
61 x 73-1/4
RDC, No Closure, 
Digital Print 1 Side Print
B44 Oys",Jamestown,,0,,,1.0,0,0,0,True,2,Pack & Protect D-2,Regular,False,2,0,B44 OY,CRB,2026-07-17 10:56:01,,0,False,0,0,275BOYS,Prospect Rotary,,1,86,0,12,0,N,Dig Ink Med Intensity (40%),ROCHESTER,73.04,61.0,0.0,,0.0,0,False,2026-07-17,No Closure,08/10-MONT01,"N,R","13993 - P-7,8",Dig Ink Med Intensity,08/10-MONT01,243.0,2026-08-20,322.0
362238,5034315,1,2026-08-20,500,30,243,1,0,1,0,1.0,0,,Pack & Protect D-2,1300,32922.0,42798.6,1300.0,1365,14275,,,2026-08-24,0,42798.6,173978,2026-08-24,B,RDC - Rotary Die Cut,,Nozomi Digital 1 Side Print,1,3,,1.0,5,1,0,63.0,75.04,0,0.0,"Buffalo Games R90460-LEFT Black
61 x 73-1/4
RDC, No Closure, 
Digital Print 1 Side Print
B44 Oys",Jamestown,,0,,,1.0,0,0,0,True,0,Pack & Protect D-2,Regular,False,6,0,B44 OY,CRB,2026-07-17 10:56:01,,0,False,0,0,275BOYS,,,1,86,0,12,0,N,Dig Ink Med Intensity (40%),ROCHESTER,73.04,61.0,0.0,,0.0,0,False,2026-07-17,No Closure,08/10-MONT01,"N,R","13993 - P-7,8",Dig Ink Med Intensity,08/10-MONT01,,,
362239,5034315,2,2026-08-17,500,1,234,0,0,0,0,1.0,0,,Corrugator,1300,34563.0,44931.9,1300.0,1365,14275,,,2026-08-24,0,44931.9,173979,2026-08-24,B,RDC - Rotary Die Cut,,Nozomi Digital 1 Side Print,1,3,,1.0,0,1,0,63.0,79.0,0,0.0,"Buffalo Games R90460-RIGHT Black
61 x 77
RDC, No Closure, 
Digital Print 1 Side Print
B44 Oyster",Jamestown,,0,,,1.0,0,0,0,True,0,Pack & Protect D-2,Regular,False,234,0,B44 OY,CRB,2026-07-17 10:56:01,,0,False,0,0,275BOYS,,,1,86,0,12,0,N,Dig Ink Med Intensity (40%),ROCHESTER,77.0,61.0,0.0,,0.0,0,False,2026-07-17,No Closure,08/10-MONT01,"N,R",13994 - SKID BESIDE RACKS,Dig Ink Med Intensity,08/10-MONT01,189.0,2026-08-18,
362240,5034315,2,2026-08-18,500,10,189,1,10,1,1367,1.0,0,,Nozomi Digital Printer,1300,34563.0,44931.9,1300.0,1365,14275,,,2026-08-24,0,44931.9,173979,2026-08-24,B,RDC - Rotary Die Cut,N,Nozomi Digital 1 Side Print,1,3,,1.0,3,1,0,63.0,79.0,0,67.0,"Buffalo Games R90460-RIGHT Black
61 x 77
RDC, No Closure, 
Digital Print 1 Side Print
B44 Oyster",Jamestown,,0,,,1.0,0,0,0,True,1,Pack & Protect D-2,Regular,False,1,0,B44 OY,CRB,2026-07-17 10:56:01,,0,False,0,0,275BOYS,NAZ,,1,86,0,12,0,N,Dig Ink Med Intensity (40%),ROCHESTER,77.0,61.0,0.0,,0.0,0,False,2026-07-17,No Closure,08/10-MONT01,"N,R",13994 - SKID BESIDE RACKS,Dig Ink Med Intensity,08/10-MONT01,166.0,2026-08-19,122.0
362241,5034315,2,2026-08-19,500,20,166,1,33,1,1400,1.0,0,,United Rotary 66x113 4 Colour,1300,34563.0,44931.9,1300.0,1365,14275,,,2026-08-24,0,44931.9,173979,2026-08-24,B,RDC - Rotary Die Cut,R,Nozomi Digital 1 Side Print,1,3,,1.0,3,1,0,63.0,79.0,0,89.0,"Buffalo Games R90460-RIGHT Black
61 x 77
RDC, No Closure, 
Digital Print 1 Side Print
B44 Oyster",Jamestown,,0,,,1.0,0,0,0,True,2,Pack & Protect D-2,Regular,False,2,0,B44 OY,CRB,2026-07-17 10:56:01,,0,False,0,0,275BOYS,Prospect Rotary,,1,86,0,12,0,N,Dig Ink Med Intensity (40%),ROCHESTER,77.0,61.0,0.0,,0.0,0,False,2026-07-17,No Closure,08/10-MONT01,"N,R",13994 - SKID BESIDE RACKS,Dig Ink Med Intensity,08/10-MONT01,243.0,2026-08-20,187.0
362242,5034315,2,2026-08-20,500,30,243,1,0,1,0,1.0,0,,Pack & Protect D-2,1300,34563.0,44931.9,1300.0,1365,14275,,,2026-08-24,0,44931.9,173979,2026-08-24,B,RDC - Rotary Die Cut,,Nozomi Digital 1 Side Print,1,3,,1.0,5,1,0,63.0,79.0,0,0.0,"Buffalo Games R90460-RIGHT Black
61 x 77
RDC, No Closure, 
Digital Print 1 Side Print
B44 Oyster",Jamestown,,0,,,1.0,0,0,0,True,0,Pack & Protect D-2,Regular,False,6,0,B44 OY,CRB,2026-07-17 10:56:01,,0,False,0,0,275BOYS,,,1,86,0,12,0,N,Dig Ink Med Intensity (40%),ROCHESTER,77.0,61.0,0.0,,0.0,0,False,2026-07-17,No Closure,08/10-MONT01,"N,R",13994 - SKID BESIDE RACKS,Dig Ink Med Intensity,08/10-MONT01,,,
366486,5035486,2,2026-08-12,500,30,40,1,12,1,80,1.0,0,,Stripping,200,1098.0,219.6,200.0,210,14275,,,2026-08-17,0,219.6,189154,2026-08-17,E,Flat Bed Die Cut,Stripping,Nozomi Digital 1 Side Print,1,3,,1.0,5,1,0,5.0,31.1,0,162.0,"2601916 Header
5 x 31-5/8
Elitron I-Cut, No Closure, 
Digital Print 1 Side
E32 Coated White 2S",Jamestown,,0,,,0.8,0,0,0,True,0,Stripping Elitron Pack & Protect D-2,Regular,False,0,0,E32 Coated White 2S,OT,2026-07-30 13:59:46,,0,False,0,0,,Stripping,,1,65,0,12,0,N,Dig Ink Med Intensity (100%),Cheektowaga,31.1,5.0,0.0,,0.0,0,False,2026-07-30,No Closure,No P.O.,"N,Elitron,Stripping",,Dig Ink Med Intensity,No P.O.,243.0,2026-08-13,212.0
366484,5035486,2,2026-08-10,500,10,189,1,10,1,3472,1.0,0,,Nozomi Digital Printer,200,1098.0,219.6,200.0,210,14275,,,2026-08-17,0,219.6,189154,2026-08-17,E,Flat Bed Die Cut,N,Nozomi Digital 1 Side Print,1,3,,1.0,3,1,0,5.0,31.1,0,13.0,"2601916 Header
5 x 31-5/8
Elitron I-Cut, No Closure, 
Digital Print 1 Side
E32 Coated White 2S",Jamestown,,0,,,1.0,0,0,0,True,1,Stripping Elitron Pack & Protect D-2,Regular,False,1,0,E32 Coated White 2S,OT,2026-07-30 13:59:46,,0,False,0,0,,NAZ,,1,65,0,12,0,N,Dig Ink Med Intensity (100%),Cheektowaga,31.1,5.0,0.0,,0.0,0,False,2026-07-30,No Closure,No P.O.,"N,Elitron,Stripping",,Dig Ink Med Intensity,No P.O.,231.0,2026-08-11,477.0
366485,5035486,2,2026-08-11,500,20,231,1,25,1,100,1.0,0,,Elitron,200,1098.0,219.6,200.0,210,14275,,,2026-08-17,0,219.6,189154,2026-08-17,E,Flat Bed Die Cut,Elitron,Nozomi Digital 1 Side Print,1,3,,1.0,5,1,0,5.0,31.1,0,145.0,"2601916 Header
5 x 31-5/8
Elitron I-Cut, No Closure, 
Digital Print 1 Side
E32 Coated White 2S",Jamestown,,0,,,1.0,0,0,0,True,0,Stripping Elitron Pack & Protect D-2,Regular,False,8,0,E32 Coated White 2S,OT,2026-07-30 13:59:46,,0,False,0,0,,Elitron,,1,65,0,12,0,N,Dig Ink Med Intensity (100%),Cheektowaga,31.1,5.0,0.0,,0.0,0,False,2026-07-30,No Closure,No P.O.,"N,Elitron,Stripping",,Dig Ink Med Intensity,No P.O.,40.0,2026-08-12,225.0
366487,5035486,2,2026-08-13,500,40,243,1,0,1,0,1.0,0,,Pack & Protect D-2,200,1098.0,219.6,200.0,210,14275,,,2026-08-17,0,219.6,189154,2026-08-17,E,Flat Bed Die Cut,,Nozomi Digital 1 Side Print,1,3,,1.0,5,1,0,5.0,31.1,0,0.0,"2601916 Header
5 x 31-5/8
Elitron I-Cut, No Closure, 
Digital Print 1 Side
E32 Coated White 2S",Jamestown,,0,,,1.0,0,0,0,True,0,Stripping Elitron Pack & Protect D-2,Regular,False,6,0,E32 Coated White 2S,OT,2026-07-30 13:59:46,,0,False,0,0,,,,1,65,0,12,0,N,Dig Ink Med Intensity (100%),Cheektowaga,31.1,5.0,0.0,,0.0,0,False,2026-07-30,No Closure,No P.O.,"N,Elitron,Stripping",,Dig Ink Med Intensity,No P.O.,,,
366479,5035486,1,2026-08-10,500,10,189,1,10,1,97297,1.0,0,,Nozomi Digital Printer,4000,160.0,640.0,4000.0,4200,14275,,,2026-08-17,0,640.0,190813,2026-08-17,E,Flat Bed Die Cut,N,Nozomi Digital 1 Side Print,1,3,,1.0,3,1,0,13.11,1.11,0,12.0,"2601921 Label Card
13-11/16 x 1-11/16
Elitron I-Cut, No Closure, 
Digital Print 1 Side 
E32 Coat",Jamestown,,0,,,1.0,0,0,0,True,1,Stripping Elitron Pack & Protect D-2,Regular,False,1,0,E32 Coated White 2S,OT,2026-07-30 13:59:46,,0,False,0,0,,NAZ,,1,65,0,12,0,N,Dig Ink Med Intensity (100%),Cheektowaga,1.11,13.11,0.0,,0.0,0,False,2026-07-30,No Closure,No P.O.,"N,Elitron,Stripping",,Dig Ink Med Intensity,No P.O.,231.0,2026-08-11,2677.0
366480,5035486,1,2026-08-11,500,20,231,1,25,1,150,1.0,0,,Elitron,4000,160.0,640.0,4000.0,4200,14275,,,2026-08-17,0,640.0,190813,2026-08-17,E,Flat Bed Die Cut,Elitron,Nozomi Digital 1 Side Print,1,3,,1.0,5,1,0,13.11,1.11,0,1625.0,"2601921 Label Card
13-11/16 x 1-11/16
Elitron I-Cut, No Closure, 
Digital Print 1 Side 
E32 Coat",Jamestown,,0,,,1.0,0,0,0,True,0,Stripping Elitron Pack & Protect D-2,Regular,False,8,0,E32 Coated White 2S,OT,2026-07-30 13:59:46,,0,False,0,0,,Elitron,,1,65,0,12,0,N,Dig Ink Med Intensity (100%),Cheektowaga,1.11,13.11,0.0,,0.0,0,False,2026-07-30,No Closure,No P.O.,"N,Elitron,Stripping",,Dig Ink Med Intensity,No P.O.,40.0,2026-08-12,2025.0
366481,5035486,1,2026-08-12,500,30,40,1,12,1,80,1.0,0,,Stripping,4000,160.0,640.0,4000.0,4200,14275,,,2026-08-17,0,640.0,190813,2026-08-17,E,Flat Bed Die Cut,Stripping,Nozomi Digital 1 Side Print,1,3,,1.0,5,1,0,13.11,1.11,0,3012.0,"2601921 Label Card
13-11/16 x 1-11/16
Elitron I-Cut, No Closure, 
Digital Print 1 Side 
E32 Coat",Jamestown,,0,,,0.8,0,0,0,True,0,Stripping Elitron Pack & Protect D-2,Regular,False,0,0,E32 Coated White 2S,OT,2026-07-30 13:59:46,,0,False,0,0,,Stripping,,1,65,0,12,0,N,Dig Ink Med Intensity (100%),Cheektowaga,1.11,13.11,0.0,,0.0,0,False,2026-07-30,No Closure,No P.O.,"N,Elitron,Stripping",,Dig Ink Med Intensity,No P.O.,243.0,2026-08-13,4012.0
366482,5035486,1,2026-08-13,500,40,243,1,0,1,0,1.0,0,,Pack & Protect D-2,4000,160.0,640.0,4000.0,4200,14275,,,2026-08-17,0,640.0,190813,2026-08-17,E,Flat Bed Die Cut,,Nozomi Digital 1 Side Print,1,3,,1.0,5,1,0,13.11,1.11,0,0.0,"2601921 Label Card
13-11/16 x 1-11/16
Elitron I-Cut, No Closure, 
Digital Print 1 Side 
E32 Coat",Jamestown,,0,,,1.0,0,0,0,True,0,Stripping Elitron Pack & Protect D-2,Regular,False,6,0,E32 Coated White 2S,OT,2026-07-30 13:59:46,,0,False,0,0,,,,1,65,0,12,0,N,Dig Ink Med Intensity (100%),Cheektowaga,1.11,13.11,0.0,,0.0,0,False,2026-07-30,No Closure,No P.O.,"N,Elitron,Stripping",,Dig Ink Med Intensity,No P.O.,,,
366037,5035463,1,2026-08-17,500,30,245,1,0,1,0,1.0,0,,Pack & Protect C-3,1100,20232.0,22255.2,1100.0,1155,13523,,,2026-08-18,0,22255.2,191372,2026-08-18,B,RDC - Rotary Die Cut,,Nozomi Digital 1 Side Print,1,3,,1.0,5,1,0,51.0,57.02,0,0.0,"Mattel Hot Wheels
49 x 55 1/8 RDC, 
Digital 1 Side 
B32 Coated White 1S
355/unit",Blue,,0,,,1.0,0,0,0,True,0,Pack & Protect C-3,Regular,False,0,0,B32 Coated White 1S,CRB,2026-07-29 11:33:45,,0,False,0,0,,,,1,65,0,12,0,N,Dig Ink Med Intensity (100%),Newark,55.02,49.0,0.0,,0.0,0,False,2026-07-29,No Closure,07/31-MONT01,"N,R",14920 - UNITED,Dig Ink Med Intensity,07/31-MONT01,,,
366034,5035463,1,2026-08-12,500,1,234,0,0,0,0,1.0,0,,Corrugator,1100,20232.0,22255.2,1100.0,1155,13523,,,2026-08-18,0,22255.2,191372,2026-08-18,B,RDC - Rotary Die Cut,,Nozomi Digital 1 Side Print,1,3,,1.0,0,1,0,51.0,57.02,0,0.0,"Mattel Hot Wheels
49 x 55 1/8 RDC, 
Digital 1 Side 
B32 Coated White 1S
355/unit",Blue,,0,,,1.0,0,0,0,True,0,Pack & Protect C-3,Regular,False,234,0,B32 Coated White 1S,CRB,2026-07-29 11:33:45,,0,False,0,0,,,,1,65,0,12,0,N,Dig Ink Med Intensity (100%),Newark,55.02,49.0,0.0,,0.0,0,False,2026-07-29,No Closure,07/31-MONT01,"N,R",14920 - UNITED,Dig Ink Med Intensity,07/31-MONT01,189.0,2026-08-13,
366035,5035463,1,2026-08-13,500,10,189,1,10,1,1894,1.0,0,,Nozomi Digital Printer,1100,20232.0,22255.2,1100.0,1155,13523,,,2026-08-18,0,22255.2,191372,2026-08-18,B,RDC - Rotary Die Cut,N,Nozomi Digital 1 Side Print,1,3,,1.0,3,1,0,51.0,57.02,0,45.0,"Mattel Hot Wheels
49 x 55 1/8 RDC, 
Digital 1 Side 
B32 Coated White 1S
355/unit",Blue,,0,,,1.0,0,0,0,True,1,Pack & Protect C-3,Regular,False,1,0,B32 Coated White 1S,CRB,2026-07-29 11:33:45,,0,False,0,0,,NAZ,,1,65,0,12,0,N,Dig Ink Med Intensity (100%),Newark,55.02,49.0,0.0,,0.0,0,False,2026-07-29,No Closure,07/31-MONT01,"N,R",14920 - UNITED,Dig Ink Med Intensity,07/31-MONT01,166.0,2026-08-14,45.0
366036,5035463,1,2026-08-14,500,20,166,1,33,1,1800,1.0,0,,United Rotary 66x113 4 Colour,1100,20232.0,22255.2,1100.0,1155,13523,,,2026-08-18,0,22255.2,191372,2026-08-18,B,RDC - Rotary Die Cut,R,Nozomi Digital 1 Side Print,1,3,,1.0,3,1,0,51.0,57.02,0,70.0,"Mattel Hot Wheels
49 x 55 1/8 RDC, 
Digital 1 Side 
B32 Coated White 1S
355/unit",Blue,,0,,,1.0,0,0,0,True,2,Pack & Protect C-3,Regular,False,2,0,B32 Coated White 1S,CRB,2026-07-29 11:33:45,,0,False,0,0,,Prospect Rotary,,1,65,0,12,0,N,Dig Ink Med Intensity (100%),Newark,55.02,49.0,0.0,,0.0,0,False,2026-07-29,No Closure,07/31-MONT01,"N,R",14920 - UNITED,Dig Ink Med Intensity,07/31-MONT01,245.0,2026-08-17,69.0
361135,5034257,1,2026-08-25,500,1,234,0,0,0,0,1.0,0,,Corrugator,2825,32566.0,91998.95,2825.0,3108,18544,,,2026-08-31,0,91998.95,193091,2026-08-31,B,Telescope Body,,Nozomi Digital 1 Side Print,1,3,,1.0,0,1,0,63.0,74.07,0,0.0,"Tray - New Design
48-7/16 x 36-3/4 x 11-7/8
flat sz - 61x 72-7/16
Diecut, Digital 1 Side (Printed",Lanart Rug,,0,,,1.0,0,0,0,True,0,Pack & Protect C-3,Regular,False,234,0,B40 Coated White 1S,CRB,2026-07-13 15:30:56,,0,False,0,0,,,,1,65,0,12,0,N,Dig Ink Med Intensity (50%),Saint-Jean-sur-Richelieu,48.07,36.12,11.14,,0.0,0,False,2026-07-13,No Closure,No P.O.,"N,R",14911 - WOODWARD RECEIVING,Dig Ink Med Intensity,No P.O.,189.0,2026-08-26,
361136,5034257,1,2026-08-26,500,10,189,1,10,1,1458,1.0,0,,Nozomi Digital Printer,2825,32566.0,91998.95,2825.0,3108,18544,,,2026-08-31,0,91998.95,193091,2026-08-31,B,Telescope Body,N,Nozomi Digital 1 Side Print,1,3,,1.0,3,1,0,63.0,74.07,0,126.0,"Tray - New Design
48-7/16 x 36-3/4 x 11-7/8
flat sz - 61x 72-7/16
Diecut, Digital 1 Side (Printed",Lanart Rug,,0,,,1.0,0,0,0,True,1,Pack & Protect C-3,Regular,False,1,0,B40 Coated White 1S,CRB,2026-07-13 15:30:56,,0,False,0,0,,NAZ,,1,65,0,12,0,N,Dig Ink Med Intensity (50%),Saint-Jean-sur-Richelieu,48.07,36.12,11.14,,0.0,0,False,2026-07-13,No Closure,No P.O.,"N,R",14911 - WOODWARD RECEIVING,Dig Ink Med Intensity,No P.O.,166.0,2026-08-27,232.0
361137,5034257,1,2026-08-27,500,20,166,1,33,1,800,1.0,0,,United Rotary 66x113 4 Colour,2825,32566.0,91998.95,2825.0,3108,18544,,,2026-08-31,0,91998.95,193091,2026-08-31,B,Telescope Body,R,Nozomi Digital 1 Side Print,1,3,,1.0,3,1,0,63.0,74.07,0,245.0,"Tray - New Design
48-7/16 x 36-3/4 x 11-7/8
flat sz - 61x 72-7/16
Diecut, Digital 1 Side (Printed",Lanart Rug,,0,,,1.0,0,0,0,True,2,Pack & Protect C-3,Regular,False,2,0,B40 Coated White 1S,CRB,2026-07-13 15:30:56,,0,False,0,0,,Prospect Rotary,,1,65,0,12,0,N,Dig Ink Med Intensity (50%),Saint-Jean-sur-Richelieu,48.07,36.12,11.14,,0.0,0,False,2026-07-13,No Closure,No P.O.,"N,R",14911 - WOODWARD RECEIVING,Dig Ink Med Intensity,No P.O.,245.0,2026-08-28,98908.0
361138,5034257,1,2026-08-28,500,30,245,1,0,1,0,1.0,0,,Pack & Protect C-3,2825,32566.0,91998.95,2825.0,3108,18544,,,2026-08-31,0,91998.95,193091,2026-08-31,B,Telescope Body,,Nozomi Digital 1 Side Print,1,3,,1.0,5,1,0,63.0,74.07,0,0.0,"Tray - New Design
48-7/16 x 36-3/4 x 11-7/8
flat sz - 61x 72-7/16
Diecut, Digital 1 Side (Printed",Lanart Rug,,0,,,1.0,0,0,0,True,0,Pack & Protect C-3,Regular,False,0,0,B40 Coated White 1S,CRB,2026-07-13 15:30:56,,0,False,0,0,,,,1,65,0,12,0,N,Dig Ink Med Intensity (50%),Saint-Jean-sur-Richelieu,48.07,36.12,11.14,,0.0,0,False,2026-07-13,No Closure,No P.O.,"N,R",14911 - WOODWARD RECEIVING,Dig Ink Med Intensity,No P.O.,,,
366657,5035490,1,2026-08-13,500,1,234,0,0,0,0,1.0,0,,Corrugator,400,25840.0,10336.0,400.0,420,14275,,,2026-08-20,0,10336.0,194740,2026-08-20,B,RDC - Rotary Die Cut,,Nozomi Digital 1 Side Print,1,3,,1.0,0,1,0,61.0,61.0,0,0.0,"2605631 DC Base Tray MW
19 x 19 x 12
59 x 59
Rotary Die Cut, No Closure, 
Digital Print 1 Side",Jamestown,,0,,,1.0,0,0,0,True,0,Pack & Protect D-2,Regular,False,234,0,B32 OY,OT,2026-07-31 08:04:05,,0,False,0,0,200 B Oys,,,1,86,0,12,0,N,Dig Ink Med Intensity (100%),ROCHESTER,19.0,19.0,12.0,,0.0,0,False,2026-07-31,No Closure,08/11-MONT01,"N,R",14928 - UNITED,Dig Ink Med Intensity,08/11-MONT01,189.0,2026-08-14,
366656,5035490,1,2026-08-14,500,10,189,1,10,1,1770,1.0,0,,Nozomi Digital Printer,400,25840.0,10336.0,400.0,420,14275,,,2026-08-20,0,10336.0,194740,2026-08-20,B,RDC - Rotary Die Cut,N,Nozomi Digital 1 Side Print,1,3,,1.0,3,1,0,61.0,61.0,0,24.0,"2605631 DC Base Tray MW
19 x 19 x 12
59 x 59
Rotary Die Cut, No Closure, 
Digital Print 1 Side",Jamestown,,0,,,1.0,0,0,0,True,1,Pack & Protect D-2,Regular,False,1,0,B32 OY,OT,2026-07-31 08:04:05,,0,False,0,0,200 B Oys,NAZ,,1,86,0,12,0,N,Dig Ink Med Intensity (100%),ROCHESTER,19.0,19.0,12.0,,0.0,0,False,2026-07-31,No Closure,08/11-MONT01,"N,R",14928 - UNITED,Dig Ink Med Intensity,08/11-MONT01,166.0,2026-08-17,23.0
366655,5035490,1,2026-08-17,500,20,166,1,33,1,1600,1.0,0,,United Rotary 66x113 4 Colour,400,25840.0,10336.0,400.0,420,14275,,,2026-08-20,0,10336.0,194740,2026-08-20,B,RDC - Rotary Die Cut,R,Nozomi Digital 1 Side Print,1,3,,1.0,3,1,0,61.0,61.0,0,48.0,"2605631 DC Base Tray MW
19 x 19 x 12
59 x 59
Rotary Die Cut, No Closure, 
Digital Print 1 Side",Jamestown,,0,,,1.0,0,0,0,True,2,Pack & Protect D-2,Regular,False,2,0,B32 OY,OT,2026-07-31 08:04:05,,0,False,0,0,200 B Oys,Prospect Rotary,,1,86,0,12,0,N,Dig Ink Med Intensity (100%),ROCHESTER,19.0,19.0,12.0,,0.0,0,False,2026-07-31,No Closure,08/11-MONT01,"N,R",14928 - UNITED,Dig Ink Med Intensity,08/11-MONT01,243.0,2026-08-18,48.0
366658,5035490,1,2026-08-18,500,30,243,1,0,1,0,1.0,0,,Pack & Protect D-2,400,25840.0,10336.0,400.0,420,14275,,,2026-08-20,0,10336.0,194740,2026-08-20,B,RDC - Rotary Die Cut,,Nozomi Digital 1 Side Print,1,3,,1.0,5,1,0,61.0,61.0,0,0.0,"2605631 DC Base Tray MW
19 x 19 x 12
59 x 59
Rotary Die Cut, No Closure, 
Digital Print 1 Side",Jamestown,,0,,,1.0,0,0,0,True,0,Pack & Protect D-2,Regular,False,6,0,B32 OY,OT,2026-07-31 08:04:05,,0,False,0,0,200 B Oys,,,1,86,0,12,0,N,Dig Ink Med Intensity (100%),ROCHESTER,19.0,19.0,12.0,,0.0,0,False,2026-07-31,No Closure,08/11-MONT01,"N,R",14928 - UNITED,Dig Ink Med Intensity,08/11-MONT01,,,
366661,5035490,2,2026-08-13,500,1,234,0,0,0,0,1.0,0,,Corrugator,1600,3774.0,6038.4,1600.0,1680,14275,,,2026-08-20,0,6038.4,194741,2026-08-20,B,Flat Bed Die Cut,,Nozomi Digital 1 Side Print,1,3,,3.0,0,1,0,32.02,50.12,0,0.0,"2605634 DC Corner Post MW
3 x 2 x 47
9-3/8 x 48-3/4
Flat Bed Die Cut, No Closure, 
Digital Print",Jamestown,,0,,,1.0,0,0,0,True,0,Pack & Protect D-2,Regular,False,234,0,B32 OY,OT,2026-07-31 08:04:05,,0,False,0,0,200 B Oys,,,1,86,0,12,0,N,Dig Ink Med Intensity (100%),ROCHESTER,48.12,9.06,0.0,,0.0,0,False,2026-07-31,No Closure,08/11-MONT01,"N,E",14929 - ETERNA,Dig Ink Med Intensity,08/11-MONT01,189.0,2026-08-14,
366659,5035490,2,2026-08-14,500,10,189,1,10,1,19393,1.0,0,,Nozomi Digital Printer,1600,3774.0,6038.4,1600.0,1680,14275,,,2026-08-20,0,6038.4,194741,2026-08-20,B,Flat Bed Die Cut,N,Nozomi Digital 1 Side Print,1,3,,3.0,3,1,0,32.02,50.12,0,15.0,"2605634 DC Corner Post MW
3 x 2 x 47
9-3/8 x 48-3/4
Flat Bed Die Cut, No Closure, 
Digital Print",Jamestown,,0,,,1.0,0,0,0,True,1,Pack & Protect D-2,Regular,False,1,0,B32 OY,OT,2026-07-31 08:04:05,,0,False,0,0,200 B Oys,NAZ,,1,86,0,12,0,N,Dig Ink Med Intensity (100%),ROCHESTER,48.12,9.06,0.0,,0.0,0,False,2026-07-31,No Closure,08/11-MONT01,"N,E",14929 - ETERNA,Dig Ink Med Intensity,08/11-MONT01,213.0,2026-08-17,14.0
366660,5035490,2,2026-08-17,500,20,213,1,25,1,2500,1.0,0,,Eterna,1600,3774.0,6038.4,1600.0,1680,14275,,,2026-08-20,0,6038.4,194741,2026-08-20,B,Flat Bed Die Cut,E,Nozomi Digital 1 Side Print,1,3,,3.0,3,1,0,32.02,50.12,0,63.0,"2605634 DC Corner Post MW
3 x 2 x 47
9-3/8 x 48-3/4
Flat Bed Die Cut, No Closure, 
Digital Print",Jamestown,,0,,,1.0,0,0,0,True,0,Pack & Protect D-2,Regular,False,3,0,B32 OY,OT,2026-07-31 08:04:05,,0,False,0,0,200 B Oys,Eterna,,1,86,0,12,0,N,Dig Ink Med Intensity (100%),ROCHESTER,48.12,9.06,0.0,,0.0,0,False,2026-07-31,No Closure,08/11-MONT01,"N,E",14929 - ETERNA,Dig Ink Med Intensity,08/11-MONT01,243.0,2026-08-18,64.0
366662,5035490,2,2026-08-18,500,30,243,1,0,1,0,1.0,0,,Pack & Protect D-2,1600,3774.0,6038.4,1600.0,1680,14275,,,2026-08-20,0,6038.4,194741,2026-08-20,B,Flat Bed Die Cut,,Nozomi Digital 1 Side Print,1,3,,3.0,5,1,0,32.02,50.12,0,0.0,"2605634 DC Corner Post MW
3 x 2 x 47
9-3/8 x 48-3/4
Flat Bed Die Cut, No Closure, 
Digital Print",Jamestown,,0,,,1.0,0,0,0,True,0,Pack & Protect D-2,Regular,False,6,0,B32 OY,OT,2026-07-31 08:04:05,,0,False,0,0,200 B Oys,,,1,86,0,12,0,N,Dig Ink Med Intensity (100%),ROCHESTER,48.12,9.06,0.0,,0.0,0,False,2026-07-31,No Closure,08/11-MONT01,"N,E",14929 - ETERNA,Dig Ink Med Intensity,08/11-MONT01,,,
366665,5035490,3,2026-08-13,500,1,234,0,0,0,0,1.0,0,,Corrugator,800,19599.0,15679.2,800.0,840,14275,,,2026-08-20,0,15679.2,194742,2026-08-20,B,RDC - Rotary Die Cut,,Nozomi Digital 1 Side Print,1,3,,1.0,0,1,0,53.02,53.02,0,0.0,"2605635 DC Top 2nd Shelf MW
19 x 19 x 8
51-1/8 x 51-1/8
Rotary Die Cut, No Closure,
Digital Prin",Jamestown,,0,,,1.0,0,0,0,True,0,Pack & Protect D-2,Regular,False,234,0,B32 OY,OT,2026-07-31 08:04:05,,0,False,0,0,200 B Oys,,,1,86,0,12,0,N,Dig Ink Med Intensity (100%),ROCHESTER,19.0,19.0,8.0,,0.0,0,False,2026-07-31,No Closure,08/11-MONT01,"N,R",14930 - UNITED,Dig Ink Med Intensity,08/11-MONT01,189.0,2026-08-14,
366664,5035490,3,2026-08-14,500,10,189,1,10,1,2036,1.0,0,,Nozomi Digital Printer,800,19599.0,15679.2,800.0,840,14275,,,2026-08-20,0,15679.2,194742,2026-08-20,B,RDC - Rotary Die Cut,N,Nozomi Digital 1 Side Print,1,3,,1.0,3,1,0,53.02,53.02,0,34.0,"2605635 DC Top 2nd Shelf MW
19 x 19 x 8
51-1/8 x 51-1/8
Rotary Die Cut, No Closure,
Digital Prin",Jamestown,,0,,,1.0,0,0,0,True,1,Pack & Protect D-2,Regular,False,1,0,B32 OY,OT,2026-07-31 08:04:05,,0,False,0,0,200 B Oys,NAZ,,1,86,0,12,0,N,Dig Ink Med Intensity (100%),ROCHESTER,19.0,19.0,8.0,,0.0,0,False,2026-07-31,No Closure,08/11-MONT01,"N,R",14930 - UNITED,Dig Ink Med Intensity,08/11-MONT01,166.0,2026-08-17,34.0
366663,5035490,3,2026-08-17,500,20,166,1,33,1,1600,1.0,0,,United Rotary 66x113 4 Colour,800,19599.0,15679.2,800.0,840,14275,,,2026-08-20,0,15679.2,194742,2026-08-20,B,RDC - Rotary Die Cut,R,Nozomi Digital 1 Side Print,1,3,,1.0,3,1,0,53.02,53.02,0,63.0,"2605635 DC Top 2nd Shelf MW
19 x 19 x 8
51-1/8 x 51-1/8
Rotary Die Cut, No Closure,
Digital Prin",Jamestown,,0,,,1.0,0,0,0,True,2,Pack & Protect D-2,Regular,False,2,0,B32 OY,OT,2026-07-31 08:04:05,,0,False,0,0,200 B Oys,Prospect Rotary,,1,86,0,12,0,N,Dig Ink Med Intensity (100%),ROCHESTER,19.0,19.0,8.0,,0.0,0,False,2026-07-31,No Closure,08/11-MONT01,"N,R",14930 - UNITED,Dig Ink Med Intensity,08/11-MONT01,243.0,2026-08-18,63.0
366666,5035490,3,2026-08-18,500,30,243,1,0,1,0,1.0,0,,Pack & Protect D-2,800,19599.0,15679.2,800.0,840,14275,,,2026-08-20,0,15679.2,194742,2026-08-20,B,RDC - Rotary Die Cut,,Nozomi Digital 1 Side Print,1,3,,1.0,5,1,0,53.02,53.02,0,0.0,"2605635 DC Top 2nd Shelf MW
19 x 19 x 8
51-1/8 x 51-1/8
Rotary Die Cut, No Closure,
Digital Prin",Jamestown,,0,,,1.0,0,0,0,True,0,Pack & Protect D-2,Regular,False,6,0,B32 OY,OT,2026-07-31 08:04:05,,0,False,0,0,200 B Oys,,,1,86,0,12,0,N,Dig Ink Med Intensity (100%),ROCHESTER,19.0,19.0,8.0,,0.0,0,False,2026-07-31,No Closure,08/11-MONT01,"N,R",14930 - UNITED,Dig Ink Med Intensity,08/11-MONT01,,,
366737,5035480,1,2026-08-07,500,1,234,0,0,0,0,1.0,0,,Corrugator,4000,13879.0,55516.0,3600.0,4400,10001,,,2026-08-12,1,55516.0,103525,2026-08-11,C,Regular Slotted Carton,,Plain,0,3,,1.0,0,1,0,28.08,70.02,0,0.0,"W181612
18 x 16 x 12
RSC 32C Kraft 25/250
bundled in 25s",Moyy|WB,,0,,,1.0,10,0,0,True,0,Colex I Cutter (WB),Stock & Release,False,234,0,C32 K,OT,2026-07-30 13:35:23,,0,False,0,0,200 C,,,1,60,0,12,0,GI,,Hamilton,18.0,16.0,12.0,,0.0,0,False,2026-07-30,Glued,07/31-MONT01,L,,,07/31-MONT01,69.0,2026-08-10,
366736,5035480,1,2026-08-10,500,10,69,1,33,1,2160,1.0,0,,Langston Saturn 50x110,4000,13879.0,55516.0,3600.0,4400,10001,,,2026-08-12,1,55516.0,103525,2026-08-11,C,Regular Slotted Carton,L,Plain,0,3,,1.0,3,1,0,28.08,70.02,0,144.0,"W181612
18 x 16 x 12
RSC 32C Kraft 25/250
bundled in 25s",Moyy|WB,,0,,,0.6,10,0,0,True,2,Colex I Cutter (WB),Stock & Release,False,1,0,C32 K,OT,2026-07-30 13:35:23,,0,False,0,0,200 C,Langston,,1,60,0,12,0,GI,,Hamilton,18.0,16.0,12.0,,0.0,0,False,2026-07-30,Glued,07/31-MONT01,L,,,07/31-MONT01,,,156.0
364705,5035412,1,2026-08-06,500,10,163,1,10,1,70,1.0,0,,Colex ICutter,1000,9082.0,9082.0,900.0,1100,10001,,,2026-08-10,1,9082.0,104262,2026-08-10,C,Regular Slotted Carton,Z Colex,Plain,0,3,,1.0,5,1,0,22.08,58.02,0,867.0,"W161210
16 x 12 x 10
RSC 32C Kraft 25/250
bundled in 25s",Moyy|WB,,0,,,1.0,10,0,0,True,0,Colex I Cutter (WB),Stock & Release,False,8,0,C32 K,OT,2026-07-24 09:55:56,,0,False,0,0,200 C,Colex,,1,60,0,12,0,GI,,Hamilton,16.0,12.0,10.0,,0.0,0,False,2026-07-24,Glued,07/31-MONT01,ZColex,,,07/31-MONT01,,,1010.0
366465,5035479,1,2026-08-12,500,10,69,1,33,1,2520,1.0,0,,Langston Saturn 50x110,1000,12296.0,12296.0,900.0,1100,10001,,,2026-08-14,1,12296.0,105275,2026-08-14,C,Regular Slotted Carton,L,Plain,0,3,,1.0,3,1,0,28.08,62.02,0,57.0,"W181216
18 x 12 x 16
RSC 32C Kraft 25/250
bundled in 25s",Moyy|WB,,0,,,0.6,10,0,0,True,2,Colex I Cutter (WB),Stock & Release,False,1,0,C32 K,OT,2026-07-30 13:28:28,,0,False,0,0,200 C,Langston,,1,60,0,12,0,GI,,Hamilton,18.0,12.0,16.0,,0.0,0,False,2026-07-30,Glued,07/31-MONT01,L,,,07/31-MONT01,,,59.0
366464,5035479,1,2026-08-11,500,1,234,0,0,0,0,1.0,0,,Corrugator,1000,12296.0,12296.0,900.0,1100,10001,,,2026-08-14,1,12296.0,105275,2026-08-14,C,Regular Slotted Carton,,Plain,0,3,,1.0,0,1,0,28.08,62.02,0,0.0,"W181216
18 x 12 x 16
RSC 32C Kraft 25/250
bundled in 25s",Moyy|WB,,0,,,1.0,10,0,0,True,0,Colex I Cutter (WB),Stock & Release,False,234,0,C32 K,OT,2026-07-30 13:28:28,,0,False,0,0,200 C,,,1,60,0,12,0,GI,,Hamilton,18.0,12.0,16.0,,0.0,0,False,2026-07-30,Glued,07/31-MONT01,L,,,07/31-MONT01,69.0,2026-08-12,
364503,5035379,1,2026-08-05,130,1,256,1,0,1,0,0.0,0,,Interpac Corrugator,7000,5997.0,41979.0,6300.0,7700,10001,,,2026-08-03,1,41979.0,113229,2026-08-03,C,Regular Slotted Carton,,Plain,0,3,,1.0,1,1,0,20.08,42.02,0,0.0,"W101010
10 x 10 x 10
RSC 32C Kraft 25/500",Moyy|WB,,0,,,1.0,10,0,0,True,0,Colex I Cutter (WB),Stock & Release,False,0,0,C32 K,OT,2026-07-23 12:26:50,,0,False,0,0,200 C,,,1,60,0,12,0,GI,,Hamilton,10.0,10.0,10.0,,1.0,0,False,2026-07-22,Glued,07/29-Moyy,L,,,07/29-Moyy,69.0,2026-08-06,
364501,5035379,1,2026-08-06,92,10,69,1,33,1,2520,1.0,0,,Langston Saturn 50x110,7000,5997.0,41979.0,6300.0,7700,10001,,,2026-08-03,1,41979.0,113229,2026-08-03,C,Regular Slotted Carton,L,Plain,0,3,,1.0,3,1,0,20.08,42.02,0,200.0,"W101010
10 x 10 x 10
RSC 32C Kraft 25/500",Moyy|WB,,0,,,0.6,10,0,0,True,2,Colex I Cutter (WB),Stock & Release,False,1,0,C32 K,OT,2026-07-23 12:26:50,,0,False,0,0,200 C,Langston,,1,60,0,12,0,GI,,Hamilton,10.0,10.0,10.0,,1.0,0,False,2026-07-22,Glued,07/29-Moyy,L,,,07/29-Moyy,,,317.0
364487,5035353,1,2026-08-06,200,10,69,1,33,1,2160,1.0,0,,Langston Saturn 50x110,2000,14924.0,29848.0,1800.0,2200,10001,,,2026-08-04,1,29848.0,115066,2026-08-04,C,Regular Slotted Carton,L,Plain,0,3,,1.0,3,1,0,32.08,66.02,0,89.0,"W161616
16 x 16 x 16 RSC
32C Kraft 25/125",Moyy|WB,,0,,,0.6,10,0,0,True,2,Colex I Cutter (WB),Stock & Release,False,1,0,C32 K,OT,2026-07-23 12:18:45,,0,False,0,0,200 C,Langston,,1,60,0,12,0,GI,,Hamilton,16.0,16.0,16.0,,1.0,0,False,2026-07-21,Glued,07/24-Moyy,L,,,07/24-Moyy,,,148.0
366443,5035462,1,2026-08-06,500,1,234,0,0,0,0,1.0,0,,Corrugator,1080,18535.0,20017.8,972.0,1188,10001,,,2026-08-11,1,20017.8,154123,2026-08-11,C,Regular Slotted Carton,,Plain,0,3,,1.0,0,1,0,32.08,82.02,0,0.0,"W202012
20 x 20 x 12
RSC 32C Kraft 20/120
bundled in 20s",Moyy|WB,,0,,,1.0,10,0,0,True,0,Colex I Cutter (WB),Stock & Release,False,234,0,C32 K,OT,2026-07-30 10:38:28,,0,False,0,0,200 C,,,1,60,0,12,0,GI,,Hamilton,20.0,20.0,12.0,,1.0,0,False,2026-07-29,Glued,08/04-MONT01,L,,,08/04-MONT01,69.0,2026-08-10,
366444,5035462,1,2026-08-10,500,10,69,1,20,1,3000,1.0,0,,Langston Saturn 50x110,1080,18535.0,20017.8,972.0,1188,10001,,,2026-08-11,1,20017.8,154123,2026-08-11,C,Regular Slotted Carton,L,Plain,0,3,,1.0,3,1,0,32.08,82.02,0,42.0,"W202012
20 x 20 x 12
RSC 32C Kraft 20/120
bundled in 20s",Moyy|WB,,0,,,0.6,10,0,0,True,2,Colex I Cutter (WB),Stock & Release,False,1,0,C32 K,OT,2026-07-30 10:38:28,,0,False,0,0,200 C,Langston,,1,60,0,12,0,GI,,Hamilton,20.0,20.0,12.0,,1.0,0,False,2026-07-29,Glued,08/04-MONT01,L,,,08/04-MONT01,,,73.0
364193,5035358,1,2026-08-05,200,1,234,0,0,0,0,1.0,0,,Corrugator,900,10976.0,9878.4,810.0,990,11371,,,2026-08-05,1,16496.928,160072,2026-08-05,DW,Regular Slotted Carton,,Flexo 2 Colour Printing,2,3,M2301032,1.0,0,1,0,24.01,65.11,0,0.0,"G128911
15-3/4 x 15-3/4 x 7-1/4
RSC, Glued, 2 Col 42BC Kraft
#2 ancon 00-T17
PLEASE print ""2 ANC",Watts,,0,,,1.0,0,0,0,True,0,Colex I Cutter (WB),Stock & Release,False,234,0,BC42 K,OT,2026-07-21 16:50:03,,0,False,0,0,200 BC,,,1,61,0,12,0,GI,"GCMI 300 BLUE (10%), GCMI 90 BLACK AU (10%)",BURLINGTON,15.12,15.12,7.04,,1.0,0,False,2026-07-21,Glued,07/27-MONT01,L,13638 - FLINT,"GCMI 90 BLACK AU
GCMI 300 BLUE",07/27-MONT01,69.0,2026-08-06,
364194,5035358,1,2026-08-06,110,10,69,1,48,1,2520,1.0,0,,Langston Saturn 50x110,900,10976.0,9878.4,810.0,990,11371,,,2026-08-05,1,16496.928,160072,2026-08-05,DW,Regular Slotted Carton,L,Flexo 2 Colour Printing,2,3,M2301032,1.0,3,1,0,24.01,65.11,0,69.0,"G128911
15-3/4 x 15-3/4 x 7-1/4
RSC, Glued, 2 Col 42BC Kraft
#2 ancon 00-T17
PLEASE print ""2 ANC",Watts,,0,,,0.6,0,0,0,True,2,Colex I Cutter (WB),Stock & Release,False,1,0,BC42 K,OT,2026-07-21 16:50:03,,0,False,0,0,200 BC,Langston,,1,61,0,12,0,GI,"GCMI 300 BLUE (10%), GCMI 90 BLACK AU (10%)",BURLINGTON,15.12,15.12,7.04,,1.0,0,False,2026-07-21,Glued,07/27-MONT01,L,13638 - FLINT,"GCMI 90 BLACK AU
GCMI 300 BLUE",07/27-MONT01,,,78.0
364532,5035397,1,2026-08-14,500,5,256,1,0,1,0,0.0,0,,Interpac Corrugator,17000,7126.0,121142.0,15300.0,17850,18578,,,2026-08-27,0,121142.0,162079,2026-08-27,C,Regular Slotted Carton,,Plain,0,3,,1.0,1,1,0,19.08,52.1,0,0.0,"PK-000022-L2
14-1/4 x 11 x 7-7/8
RSC, Glued, Plain 
C Flute 26 ECT Kraft
500/unit",Grisson,,0,,,1.0,0,0,0,True,0,Colex I Cutter (WB),Regular,False,0,0,C26 K,CRB,2026-07-23 12:35:15,,0,False,0,0,125 O/T C,,,1,60,0,12,0,GI,,BRANTFORD,14.04,11.0,7.14,,1.0,0,False,2026-07-23,Glued,08/21-Moyy,L,,,08/21-Moyy,69.0,2026-08-25,
364531,5035397,1,2026-08-25,500,10,69,1,33,1,2520,1.0,0,,Langston Saturn 50x110,17000,7126.0,121142.0,15300.0,17850,18578,,,2026-08-27,0,121142.0,162079,2026-08-27,C,Regular Slotted Carton,L,Plain,0,3,,1.0,3,1,0,19.08,52.1,0,438.0,"PK-000022-L2
14-1/4 x 11 x 7-7/8
RSC, Glued, Plain 
C Flute 26 ECT Kraft
500/unit",Grisson,,0,,,0.6,0,0,0,True,2,Colex I Cutter (WB),Regular,False,1,0,C26 K,CRB,2026-07-23 12:35:15,,0,False,0,0,125 O/T C,Langston,,1,60,0,12,0,GI,,BRANTFORD,14.04,11.0,7.14,,1.0,0,False,2026-07-23,Glued,08/21-Moyy,L,,,08/21-Moyy,,,391.0
362108,5034280,1,2026-08-10,400,5,256,1,0,1,0,0.0,0,,Interpac Corrugator,17000,7126.0,121142.0,15300.0,17850,18578,,,2026-08-13,0,121142.0,162079,2026-08-13,C,Regular Slotted Carton,,Plain,0,3,,1.0,1,1,0,19.08,52.1,0,0.0,"PK-000022-L2
14-1/4 x 11 x 7-7/8
RSC, Glued, Plain 
C Flute 26 ECT Kraft
500/unit",Grisson,,0,,,1.0,0,0,0,True,0,Colex I Cutter (WB),Regular,False,0,0,C26 K,CRB,2026-07-15 10:53:27,,0,False,0,0,125 O/T C,,,1,60,0,12,0,GI,,BRANTFORD,14.04,11.0,7.14,,1.0,0,False,2026-07-15,Glued,08/07-Moyy,L,,,08/07-Moyy,69.0,2026-08-11,
362106,5034280,1,2026-08-11,500,10,69,1,33,1,2520,1.0,0,,Langston Saturn 50x110,17000,7126.0,121142.0,15300.0,17850,18578,,,2026-08-13,0,121142.0,162079,2026-08-13,C,Regular Slotted Carton,L,Plain,0,3,,1.0,3,1,0,19.08,52.1,0,438.0,"PK-000022-L2
14-1/4 x 11 x 7-7/8
RSC, Glued, Plain 
C Flute 26 ECT Kraft
500/unit",Grisson,,0,,,0.6,0,0,0,True,2,Colex I Cutter (WB),Regular,False,1,0,C26 K,CRB,2026-07-15 10:53:27,,0,False,0,0,125 O/T C,Langston,,1,60,0,12,0,GI,,BRANTFORD,14.04,11.0,7.14,,1.0,0,False,2026-07-15,Glued,08/07-Moyy,L,,,08/07-Moyy,,,391.0
366132,5035475,3,2026-08-17,500,1,234,0,0,0,0,1.0,0,,Corrugator,1800,5328.0,9590.4,1800.0,1980,10015,,,2026-08-25,0,9590.4,169464,2026-08-25,B,Full Overlap,,Nozomi Digital 1 Side Print,1,3,,2.0,0,1,0,43.06,35.06,0,0.0,"Pinnacle #16
11-3/4 x 4-3/16 x 11-13/16
FOL, Glued, Digital Print
B Flute 32 ECT Coated White
90",Nexal,,0,,,1.0,5,0,0,True,0,Haire Gluer,Regular,False,234,0,B32 Coated White 1S,CRB,2026-07-29 16:23:42,,0,False,0,0,,,,1,62,0,12,0,GI,"Dig Ink Med Intensity (50%), Coated Digital (0%)",MISSISSAUGA,11.12,4.03,11.13,,0.0,0,False,2026-07-29,Glued,08/04-MONT01,"N,E,Haire",12102 - CAN 2 - F,"Dig Ink Med Intensity
Coated Digital",08/04-MONT01,189.0,2026-08-18,
366133,5035475,3,2026-08-18,500,10,189,1,10,1,12321,1.0,0,,Nozomi Digital Printer,1800,5328.0,9590.4,1800.0,1980,10015,,,2026-08-25,0,9590.4,169464,2026-08-25,B,Full Overlap,N,Nozomi Digital 1 Side Print,1,3,,2.0,3,1,0,43.06,35.06,0,19.0,"Pinnacle #16
11-3/4 x 4-3/16 x 11-13/16
FOL, Glued, Digital Print
B Flute 32 ECT Coated White
90",Nexal,,0,,,1.0,5,0,0,True,1,Haire Gluer,Regular,False,1,0,B32 Coated White 1S,CRB,2026-07-29 16:23:42,,0,False,0,0,,NAZ,,1,62,0,12,0,GI,"Dig Ink Med Intensity (50%), Coated Digital (0%)",MISSISSAUGA,11.12,4.03,11.13,,0.0,0,False,2026-07-29,Glued,08/04-MONT01,"N,E,Haire",12102 - CAN 2 - F,"Dig Ink Med Intensity
Coated Digital",08/04-MONT01,213.0,2026-08-19,53.0
366134,5035475,3,2026-08-19,500,20,213,1,25,1,7000,1.0,0,,Eterna,1800,5328.0,9590.4,1800.0,1980,10015,,,2026-08-25,0,9590.4,169464,2026-08-25,B,Full Overlap,E,Nozomi Digital 1 Side Print,1,3,,2.0,3,1,0,43.06,35.06,0,40.0,"Pinnacle #16
11-3/4 x 4-3/16 x 11-13/16
FOL, Glued, Digital Print
B Flute 32 ECT Coated White
90",Nexal,,0,,,1.0,5,0,0,True,0,Haire Gluer,Regular,False,3,0,B32 Coated White 1S,CRB,2026-07-29 16:23:42,,0,False,0,0,,Eterna,,1,62,0,12,0,GI,"Dig Ink Med Intensity (50%), Coated Digital (0%)",MISSISSAUGA,11.12,4.03,11.13,,0.0,0,False,2026-07-29,Glued,08/04-MONT01,"N,E,Haire",12102 - CAN 2 - F,"Dig Ink Med Intensity
Coated Digital",08/04-MONT01,45.0,2026-08-20,178.0
366135,5035475,3,2026-08-20,500,30,45,1,15,1,350,1.0,0,,Haire Gluer,1800,5328.0,9590.4,1800.0,1980,10015,,,2026-08-25,0,9590.4,169464,2026-08-25,B,Full Overlap,Haire,Nozomi Digital 1 Side Print,1,3,,2.0,5,1,0,43.06,35.06,0,324.0,"Pinnacle #16
11-3/4 x 4-3/16 x 11-13/16
FOL, Glued, Digital Print
B Flute 32 ECT Coated White
90",Nexal,,0,,,1.0,5,0,0,True,0,Haire Gluer,Regular,False,13,0,B32 Coated White 1S,CRB,2026-07-29 16:23:42,,0,False,0,0,,Haire,,1,62,0,12,0,GI,"Dig Ink Med Intensity (50%), Coated Digital (0%)",MISSISSAUGA,11.12,4.03,11.13,,0.0,0,False,2026-07-29,Glued,08/04-MONT01,"N,E,Haire",12102 - CAN 2 - F,"Dig Ink Med Intensity
Coated Digital",08/04-MONT01,,,439.0
364718,5035416,1,2026-08-19,500,1,234,0,0,0,0,1.0,0,,Corrugator,5000,10102.0,50510.0,4500.0,5500,19042,,,2026-08-24,0,84351.7,174381,2026-08-24,DW,Regular Slotted Carton,,Flexo 1 Colour Print,1,3,M2401779,1.0,0,1,0,21.14,66.08,0,0.0,"Large Road
19-7/8 x 12-1/16 x 8-7/8
RSC, Glued, Flexo 1 Colour Print 
BC Flute 48 ECT Kraft WRA D",Country,,0,,,1.0,0,0,0,True,0,Colex I Cutter (WB),Regular,False,234,0,BC48 K,CRB,2026-07-24 10:08:07,,0,False,0,0,275 BC,,,1,60,0,12,0,GI,GCMI 90 BLACK AU (10%),DUNDAS,19.14,12.01,8.14,,0.0,0,False,2026-07-24,Glued,08/17-MONT01,L,14060 - LANGSTON,GCMI 90 BLACK AU,08/17-MONT01,69.0,2026-08-20,
364719,5035416,1,2026-08-20,500,10,69,1,24,1,4200,1.0,0,,Langston Saturn 50x110,5000,10102.0,50510.0,4500.0,5500,19042,,,2026-08-24,0,84351.7,174381,2026-08-24,DW,Regular Slotted Carton,L,Flexo 1 Colour Print,1,3,M2401779,1.0,3,1,0,21.14,66.08,0,95.0,"Large Road
19-7/8 x 12-1/16 x 8-7/8
RSC, Glued, Flexo 1 Colour Print 
BC Flute 48 ECT Kraft WRA D",Country,,0,,,0.6,0,0,0,True,2,Colex I Cutter (WB),Regular,False,1,0,BC48 K,CRB,2026-07-24 10:08:07,,0,False,0,0,275 BC,Langston,,1,60,0,12,0,GI,GCMI 90 BLACK AU (10%),DUNDAS,19.14,12.01,8.14,,0.0,0,False,2026-07-24,Glued,08/17-MONT01,L,14060 - LANGSTON,GCMI 90 BLACK AU,08/17-MONT01,,,518.0
366063,5035459,2,2026-08-06,500,1,234,0,0,0,0,1.0,0,,Corrugator,500,9379.0,4689.5,450.0,550,16170,,,2026-08-11,0,4689.5,184118,2026-08-11,C,Regular Slotted Carton,,Flexo 1 Colour Print,1,3,,1.0,0,1,0,24.08,55.02,0,0.0,"14-1/2 x 12 x 12
RSC, Glued, Flexo 2 Colour Print 
C Flute 40 ECT Kraft 
With WRA 
250/unit",Tom,,0,,,1.0,0,0,0,True,0,Colex ICutter,Regular,False,234,0,C40 K,OT,2026-07-28 15:31:27,,0,False,0,0,200 O/T C,,,1,61,0,12,0,GI,"GCMI 82 ORANGE (10%), GCMI 90 BLACK AU (1%)",MISSISSAUGA,14.08,12.0,12.0,,1.0,0,False,2026-07-28,Glued,07/30-MONT01,L,14291 - LANGSTON,"GCMI 90 BLACK AU
GCMI 82 ORANGE",07/30-MONT01,69.0,2026-08-10,
366062,5035459,2,2026-08-10,500,10,69,1,24,1,4200,1.0,0,,Langston Saturn 50x110,500,9379.0,4689.5,450.0,550,16170,,,2026-08-11,0,4689.5,184118,2026-08-11,C,Regular Slotted Carton,L,Flexo 1 Colour Print,1,3,,1.0,3,1,0,24.08,55.02,0,31.0,"14-1/2 x 12 x 12
RSC, Glued, Flexo 2 Colour Print 
C Flute 40 ECT Kraft 
With WRA 
250/unit",Tom,,0,,,0.6,0,0,0,True,2,Colex ICutter,Regular,False,1,0,C40 K,OT,2026-07-28 15:31:27,,0,False,0,0,200 O/T C,Langston,,1,61,0,12,0,GI,"GCMI 82 ORANGE (10%), GCMI 90 BLACK AU (1%)",MISSISSAUGA,14.08,12.0,12.0,,1.0,0,False,2026-07-28,Glued,07/30-MONT01,L,14291 - LANGSTON,"GCMI 90 BLACK AU
GCMI 82 ORANGE",07/30-MONT01,,,43.0
366061,5035459,1,2026-08-06,500,1,234,0,0,0,0,1.0,0,,Corrugator,1000,7207.0,7207.0,900.0,1100,16170,,,2026-08-11,0,7207.0,184119,2026-08-11,C,Regular Slotted Carton,,Flexo 1 Colour Print,1,3,,1.0,0,1,0,22.08,46.02,0,0.0,"11 x 11 x 11
RSC, Glued, Flexo 2 Colour Print 
C Flute 40 ECT Kraft
With WRA
250/Unit",Tom,,0,,,1.0,0,0,0,True,0,Colex ICutter,Regular,False,234,0,C40 K,OT,2026-07-28 15:31:27,,0,False,0,0,200 O/T C,,,1,61,0,12,0,GI,"GCMI 3033 BLUE (10%), GCMI 90 BLACK AU (1%)",MISSISSAUGA,11.0,11.0,11.0,,1.0,0,False,2026-07-28,Glued,08/04-MONT01,L,14290 - LANGSTON,"GCMI 90 BLACK AU
GCMI 3033 BLUE",08/04-MONT01,69.0,2026-08-10,
366060,5035459,1,2026-08-10,500,10,69,1,24,1,4200,1.0,0,,Langston Saturn 50x110,1000,7207.0,7207.0,900.0,1100,16170,,,2026-08-11,0,7207.0,184119,2026-08-11,C,Regular Slotted Carton,L,Flexo 1 Colour Print,1,3,,1.0,3,1,0,22.08,46.02,0,38.0,"11 x 11 x 11
RSC, Glued, Flexo 2 Colour Print 
C Flute 40 ECT Kraft
With WRA
250/Unit",Tom,,0,,,0.6,0,0,0,True,2,Colex ICutter,Regular,False,1,0,C40 K,OT,2026-07-28 15:31:27,,0,False,0,0,200 O/T C,Langston,,1,61,0,12,0,GI,"GCMI 3033 BLUE (10%), GCMI 90 BLACK AU (1%)",MISSISSAUGA,11.0,11.0,11.0,,1.0,0,False,2026-07-28,Glued,08/04-MONT01,L,14290 - LANGSTON,"GCMI 90 BLACK AU
GCMI 3033 BLUE",08/04-MONT01,,,69.0
362299,5034241,1,2026-08-05,-800,1,234,0,0,0,0,1.0,0,,Corrugator,900,4106.0,3695.4,900.0,990,12206,,,2026-07-31,0,3695.4,184255,2026-07-31,B,Regular Slotted Carton,,Nozomi Digital 1 Side Print,1,3,,3.0,0,1,0,43.01,41.03,0,0.0,"Basic Beef Recipe
11-3/4 x 7-1/2 x 6-1/4
RSC, Glued, Digital 1 Side 
B Flute 32 ECT Oyster
PKG-B",Back2Raw,,0,,,1.0,0,0,0,True,0,Pack & Protect A-1,Regular,False,234,0,B32 OY,OT,2026-07-13 09:04:34,,0,False,0,0,200 B Oys,,,1,65,0,12,0,GI,"Dig Ink Med Intensity (20%), Non-Coated Digital (0%)",St. Davids,11.12,7.08,6.04,,1.0,0,False,2026-07-13,Glued,No P.O.,"N,E,BobstGluer,PP",13885 - ETERNA CAN4-E,"Dig Ink Med Intensity
Non-Coated Digital",No P.O.,189.0,2026-07-28,
362301,5034241,1,2026-08-06,200,20,213,1,25,1,6000,1.0,0,,Eterna,900,4106.0,3695.4,900.0,990,12206,,,2026-07-31,0,3695.4,184255,2026-07-31,B,Regular Slotted Carton,E,Nozomi Digital 1 Side Print,1,3,,3.0,3,1,0,43.01,41.03,0,34.0,"Basic Beef Recipe
11-3/4 x 7-1/2 x 6-1/4
RSC, Glued, Digital 1 Side 
B Flute 32 ECT Oyster
PKG-B",Back2Raw,,0,,,1.0,0,0,0,True,0,Pack & Protect A-1,Regular,False,3,0,B32 OY,OT,2026-07-13 09:04:34,,0,False,0,0,200 B Oys,Eterna,,1,65,0,12,0,GI,"Dig Ink Med Intensity (20%), Non-Coated Digital (0%)",St. Davids,11.12,7.08,6.04,,1.0,0,False,2026-07-13,Glued,No P.O.,"N,E,BobstGluer,PP",13885 - ETERNA CAN4-E,"Dig Ink Med Intensity
Non-Coated Digital",No P.O.,167.0,2026-08-06,55.0
362302,5034241,1,2026-08-06,100,30,167,1,20,1,8000,1.0,0,,"Bobst Specialty Gluer 115""",900,4106.0,3695.4,900.0,990,12206,,,2026-07-31,0,3695.4,184255,2026-07-31,B,Regular Slotted Carton,Bobst Gluer,Nozomi Digital 1 Side Print,1,3,,3.0,3,1,0,43.01,41.03,0,27.0,"Basic Beef Recipe
11-3/4 x 7-1/2 x 6-1/4
RSC, Glued, Digital 1 Side 
B Flute 32 ECT Oyster
PKG-B",Back2Raw,,0,,,1.0,0,0,0,True,0,Pack & Protect A-1,Regular,False,6,0,B32 OY,OT,2026-07-13 09:04:34,,0,False,0,0,200 B Oys,Bobst Gluer,,1,65,0,12,0,GI,"Dig Ink Med Intensity (20%), Non-Coated Digital (0%)",St. Davids,11.12,7.08,6.04,,1.0,0,False,2026-07-13,Glued,No P.O.,"N,E,BobstGluer,PP",13885 - ETERNA CAN4-E,"Dig Ink Med Intensity
Non-Coated Digital",No P.O.,237.0,2026-08-05,52.0
362303,5034241,1,2026-08-05,100,40,237,1,0,1,0,1.0,0,,Pack & Protect A-1,900,4106.0,3695.4,900.0,990,12206,,,2026-07-31,0,3695.4,184255,2026-07-31,B,Regular Slotted Carton,PP,Nozomi Digital 1 Side Print,1,3,,3.0,5,1,0,43.01,41.03,0,0.0,"Basic Beef Recipe
11-3/4 x 7-1/2 x 6-1/4
RSC, Glued, Digital 1 Side 
B Flute 32 ECT Oyster
PKG-B",Back2Raw,,0,,,1.0,0,0,0,True,0,Pack & Protect A-1,Regular,False,6,0,B32 OY,OT,2026-07-13 09:04:34,,0,False,0,0,200 B Oys,,,1,65,0,12,0,GI,"Dig Ink Med Intensity (20%), Non-Coated Digital (0%)",St. Davids,11.12,7.08,6.04,,1.0,0,False,2026-07-13,Glued,No P.O.,"N,E,BobstGluer,PP",13885 - ETERNA CAN4-E,"Dig Ink Med Intensity
Non-Coated Digital",No P.O.,,,
362304,5034241,2,2026-08-05,-800,1,234,0,0,0,0,1.0,0,,Corrugator,900,4106.0,3695.4,900.0,990,12206,,,2026-07-31,0,3695.4,184256,2026-07-31,B,Regular Slotted Carton,,Nozomi Digital 1 Side Print,1,3,,3.0,0,1,0,43.01,41.03,0,0.0,"Basic Chicken Tripe blend
11-3/4 x 7-1/2 x 6-1/4
RSC, Glued, Digital 1 Side 
B Flute 32 ECT Oyste",Back2Raw,,0,,,1.0,0,0,0,True,0,Pack & Protect A-1,Regular,False,234,0,B32 OY,OT,2026-07-13 09:04:34,,0,False,0,0,200 B Oys,,,1,65,0,12,0,GI,"Dig Ink Med Intensity (20%), Non-Coated Digital (0%)",St. Davids,11.12,7.08,6.04,,1.0,0,False,2026-07-13,Glued,No P.O.,"N,E,BobstGluer,PP",13885 - ETERNA CAN4-E,"Dig Ink Med Intensity
Non-Coated Digital",No P.O.,189.0,2026-07-28,
362306,5034241,2,2026-08-06,200,20,213,1,25,1,6000,1.0,0,,Eterna,900,4106.0,3695.4,900.0,990,12206,,,2026-07-31,0,3695.4,184256,2026-07-31,B,Regular Slotted Carton,E,Nozomi Digital 1 Side Print,1,3,,3.0,3,1,0,43.01,41.03,0,34.0,"Basic Chicken Tripe blend
11-3/4 x 7-1/2 x 6-1/4
RSC, Glued, Digital 1 Side 
B Flute 32 ECT Oyste",Back2Raw,,0,,,1.0,0,0,0,True,0,Pack & Protect A-1,Regular,False,3,0,B32 OY,OT,2026-07-13 09:04:34,,0,False,0,0,200 B Oys,Eterna,,1,65,0,12,0,GI,"Dig Ink Med Intensity (20%), Non-Coated Digital (0%)",St. Davids,11.12,7.08,6.04,,1.0,0,False,2026-07-13,Glued,No P.O.,"N,E,BobstGluer,PP",13885 - ETERNA CAN4-E,"Dig Ink Med Intensity
Non-Coated Digital",No P.O.,167.0,2026-08-06,51.0
362307,5034241,2,2026-08-06,100,30,167,1,20,1,8000,1.0,0,,"Bobst Specialty Gluer 115""",900,4106.0,3695.4,900.0,990,12206,,,2026-07-31,0,3695.4,184256,2026-07-31,B,Regular Slotted Carton,Bobst Gluer,Nozomi Digital 1 Side Print,1,3,,3.0,3,1,0,43.01,41.03,0,27.0,"Basic Chicken Tripe blend
11-3/4 x 7-1/2 x 6-1/4
RSC, Glued, Digital 1 Side 
B Flute 32 ECT Oyste",Back2Raw,,0,,,1.0,0,0,0,True,0,Pack & Protect A-1,Regular,False,6,0,B32 OY,OT,2026-07-13 09:04:34,,0,False,0,0,200 B Oys,Bobst Gluer,,1,65,0,12,0,GI,"Dig Ink Med Intensity (20%), Non-Coated Digital (0%)",St. Davids,11.12,7.08,6.04,,1.0,0,False,2026-07-13,Glued,No P.O.,"N,E,BobstGluer,PP",13885 - ETERNA CAN4-E,"Dig Ink Med Intensity
Non-Coated Digital",No P.O.,237.0,2026-08-05,46.0
362308,5034241,2,2026-08-05,100,40,237,1,0,1,0,1.0,0,,Pack & Protect A-1,900,4106.0,3695.4,900.0,990,12206,,,2026-07-31,0,3695.4,184256,2026-07-31,B,Regular Slotted Carton,PP,Nozomi Digital 1 Side Print,1,3,,3.0,5,1,0,43.01,41.03,0,0.0,"Basic Chicken Tripe blend
11-3/4 x 7-1/2 x 6-1/4
RSC, Glued, Digital 1 Side 
B Flute 32 ECT Oyste",Back2Raw,,0,,,1.0,0,0,0,True,0,Pack & Protect A-1,Regular,False,6,0,B32 OY,OT,2026-07-13 09:04:34,,0,False,0,0,200 B Oys,,,1,65,0,12,0,GI,"Dig Ink Med Intensity (20%), Non-Coated Digital (0%)",St. Davids,11.12,7.08,6.04,,1.0,0,False,2026-07-13,Glued,No P.O.,"N,E,BobstGluer,PP",13885 - ETERNA CAN4-E,"Dig Ink Med Intensity
Non-Coated Digital",No P.O.,,,
362309,5034241,3,2026-08-05,-800,1,234,0,0,0,0,1.0,0,,Corrugator,900,4106.0,3695.4,900.0,990,12206,,,2026-07-31,0,3695.4,184257,2026-07-31,B,Regular Slotted Carton,,Nozomi Digital 1 Side Print,1,3,,3.0,0,1,0,43.01,41.03,0,0.0,"Basic Lamb Rabbit Blend
11-3/4 x 7-1/2 x 6-1/4
RSC, Glued, Digital 1 Side 
B Flute 32 ECT Oyster",Back2Raw,,0,,,1.0,0,0,0,True,0,Pack & Protect A-1,Regular,False,234,0,B32 OY,OT,2026-07-13 09:04:34,,0,False,0,0,200 B Oys,,,1,65,0,12,0,GI,"Dig Ink Med Intensity (20%), Non-Coated Digital (0%)",St. Davids,11.12,7.08,6.04,,1.0,0,False,2026-07-13,Glued,No P.O.,"N,E,BobstGluer,PP",13885 - ETERNA CAN4-E,"Dig Ink Med Intensity
Non-Coated Digital",No P.O.,189.0,2026-07-28,
362311,5034241,3,2026-08-06,200,20,213,1,25,1,6000,1.0,0,,Eterna,900,4106.0,3695.4,900.0,990,12206,,,2026-07-31,0,3695.4,184257,2026-07-31,B,Regular Slotted Carton,E,Nozomi Digital 1 Side Print,1,3,,3.0,3,1,0,43.01,41.03,0,34.0,"Basic Lamb Rabbit Blend
11-3/4 x 7-1/2 x 6-1/4
RSC, Glued, Digital 1 Side 
B Flute 32 ECT Oyster",Back2Raw,,0,,,1.0,0,0,0,True,0,Pack & Protect A-1,Regular,False,3,0,B32 OY,OT,2026-07-13 09:04:34,,0,False,0,0,200 B Oys,Eterna,,1,65,0,12,0,GI,"Dig Ink Med Intensity (20%), Non-Coated Digital (0%)",St. Davids,11.12,7.08,6.04,,1.0,0,False,2026-07-13,Glued,No P.O.,"N,E,BobstGluer,PP",13885 - ETERNA CAN4-E,"Dig Ink Med Intensity
Non-Coated Digital",No P.O.,167.0,2026-08-06,55.0
362312,5034241,3,2026-08-06,100,30,167,1,20,1,8000,1.0,0,,"Bobst Specialty Gluer 115""",900,4106.0,3695.4,900.0,990,12206,,,2026-07-31,0,3695.4,184257,2026-07-31,B,Regular Slotted Carton,Bobst Gluer,Nozomi Digital 1 Side Print,1,3,,3.0,3,1,0,43.01,41.03,0,27.0,"Basic Lamb Rabbit Blend
11-3/4 x 7-1/2 x 6-1/4
RSC, Glued, Digital 1 Side 
B Flute 32 ECT Oyster",Back2Raw,,0,,,1.0,0,0,0,True,0,Pack & Protect A-1,Regular,False,6,0,B32 OY,OT,2026-07-13 09:04:34,,0,False,0,0,200 B Oys,Bobst Gluer,,1,65,0,12,0,GI,"Dig Ink Med Intensity (20%), Non-Coated Digital (0%)",St. Davids,11.12,7.08,6.04,,1.0,0,False,2026-07-13,Glued,No P.O.,"N,E,BobstGluer,PP",13885 - ETERNA CAN4-E,"Dig Ink Med Intensity
Non-Coated Digital",No P.O.,237.0,2026-08-05,41.0
362313,5034241,3,2026-08-05,100,40,237,1,0,1,0,1.0,0,,Pack & Protect A-1,900,4106.0,3695.4,900.0,990,12206,,,2026-07-31,0,3695.4,184257,2026-07-31,B,Regular Slotted Carton,PP,Nozomi Digital 1 Side Print,1,3,,3.0,5,1,0,43.01,41.03,0,0.0,"Basic Lamb Rabbit Blend
11-3/4 x 7-1/2 x 6-1/4
RSC, Glued, Digital 1 Side 
B Flute 32 ECT Oyster",Back2Raw,,0,,,1.0,0,0,0,True,0,Pack & Protect A-1,Regular,False,6,0,B32 OY,OT,2026-07-13 09:04:34,,0,False,0,0,200 B Oys,,,1,65,0,12,0,GI,"Dig Ink Med Intensity (20%), Non-Coated Digital (0%)",St. Davids,11.12,7.08,6.04,,1.0,0,False,2026-07-13,Glued,No P.O.,"N,E,BobstGluer,PP",13885 - ETERNA CAN4-E,"Dig Ink Med Intensity
Non-Coated Digital",No P.O.,,,
362319,5034241,5,2026-08-05,-800,1,234,0,0,0,0,1.0,0,,Corrugator,1800,4106.0,7390.8,1800.0,1980,12206,,,2026-07-31,0,7390.8,184262,2026-07-31,B,Regular Slotted Carton,,Nozomi Digital 1 Side Print,1,3,,3.0,0,1,0,43.01,41.03,0,0.0,"Complete Beef Pork Recipe
11-3/4 x 7-1/2 x 6-1/4
RSC, Glued, Digital 1 Side 
B Flute 32 ECT Oyste",Back2Raw,,0,,,1.0,0,0,0,True,0,Pack & Protect A-1,Regular,False,234,0,B32 OY,OT,2026-07-13 09:04:34,,0,False,0,0,200 B Oys,,,1,65,0,12,0,GI,"Dig Ink Med Intensity (20%), Non-Coated Digital (0%)",St. Davids,11.12,7.08,6.04,,1.0,0,False,2026-07-13,Glued,No P.O.,"N,E,BobstGluer,PP",13885 - ETERNA CAN4-E,"Dig Ink Med Intensity
Non-Coated Digital",No P.O.,189.0,2026-07-28,
362323,5034241,5,2026-08-05,100,40,237,1,0,1,0,1.0,0,,Pack & Protect A-1,1800,4106.0,7390.8,1800.0,1980,12206,,,2026-07-31,0,7390.8,184262,2026-07-31,B,Regular Slotted Carton,PP,Nozomi Digital 1 Side Print,1,3,,3.0,5,1,0,43.01,41.03,0,0.0,"Complete Beef Pork Recipe
11-3/4 x 7-1/2 x 6-1/4
RSC, Glued, Digital 1 Side 
B Flute 32 ECT Oyste",Back2Raw,,0,,,1.0,0,0,0,True,0,Pack & Protect A-1,Regular,False,6,0,B32 OY,OT,2026-07-13 09:04:34,,0,False,0,0,200 B Oys,,,1,65,0,12,0,GI,"Dig Ink Med Intensity (20%), Non-Coated Digital (0%)",St. Davids,11.12,7.08,6.04,,1.0,0,False,2026-07-13,Glued,No P.O.,"N,E,BobstGluer,PP",13885 - ETERNA CAN4-E,"Dig Ink Med Intensity
Non-Coated Digital",No P.O.,,,
362321,5034241,5,2026-08-06,200,20,213,1,25,1,6000,1.0,0,,Eterna,1800,4106.0,7390.8,1800.0,1980,12206,,,2026-07-31,0,7390.8,184262,2026-07-31,B,Regular Slotted Carton,E,Nozomi Digital 1 Side Print,1,3,,3.0,3,1,0,43.01,41.03,0,43.0,"Complete Beef Pork Recipe
11-3/4 x 7-1/2 x 6-1/4
RSC, Glued, Digital 1 Side 
B Flute 32 ECT Oyste",Back2Raw,,0,,,1.0,0,0,0,True,0,Pack & Protect A-1,Regular,False,3,0,B32 OY,OT,2026-07-13 09:04:34,,0,False,0,0,200 B Oys,Eterna,,1,65,0,12,0,GI,"Dig Ink Med Intensity (20%), Non-Coated Digital (0%)",St. Davids,11.12,7.08,6.04,,1.0,0,False,2026-07-13,Glued,No P.O.,"N,E,BobstGluer,PP",13885 - ETERNA CAN4-E,"Dig Ink Med Intensity
Non-Coated Digital",No P.O.,167.0,2026-08-06,128.0
362322,5034241,5,2026-08-06,100,30,167,1,20,1,8000,1.0,0,,"Bobst Specialty Gluer 115""",1800,4106.0,7390.8,1800.0,1980,12206,,,2026-07-31,0,7390.8,184262,2026-07-31,B,Regular Slotted Carton,Bobst Gluer,Nozomi Digital 1 Side Print,1,3,,3.0,3,1,0,43.01,41.03,0,34.0,"Complete Beef Pork Recipe
11-3/4 x 7-1/2 x 6-1/4
RSC, Glued, Digital 1 Side 
B Flute 32 ECT Oyste",Back2Raw,,0,,,1.0,0,0,0,True,0,Pack & Protect A-1,Regular,False,6,0,B32 OY,OT,2026-07-13 09:04:34,,0,False,0,0,200 B Oys,Bobst Gluer,,1,65,0,12,0,GI,"Dig Ink Med Intensity (20%), Non-Coated Digital (0%)",St. Davids,11.12,7.08,6.04,,1.0,0,False,2026-07-13,Glued,No P.O.,"N,E,BobstGluer,PP",13885 - ETERNA CAN4-E,"Dig Ink Med Intensity
Non-Coated Digital",No P.O.,237.0,2026-08-05,70.0
362314,5034241,4,2026-08-05,-800,1,234,0,0,0,0,1.0,0,,Corrugator,2700,4106.0,11086.2,2700.0,2970,12206,,,2026-07-31,0,11086.2,184263,2026-07-31,B,Regular Slotted Carton,,Nozomi Digital 1 Side Print,1,3,,3.0,0,1,0,43.01,41.03,0,0.0,"Complete Beef Recipe
11-3/4 x 7-1/2 x 6-1/4
RSC, Glued, Digital 1 Side 
B Flute 32 ECT Oyster
PK",Back2Raw,,0,,,1.0,0,0,0,True,0,Pack & Protect A-1,Regular,False,234,0,B32 OY,OT,2026-07-13 09:04:34,,0,False,0,0,200 B Oys,,,1,65,0,12,0,GI,"Dig Ink Med Intensity (20%), Non-Coated Digital (0%)",St. Davids,11.12,7.08,6.04,,1.0,0,False,2026-07-13,Glued,No P.O.,"N,E,BobstGluer,PP",13885 - ETERNA CAN4-E,"Dig Ink Med Intensity
Non-Coated Digital",No P.O.,189.0,2026-07-28,
362316,5034241,4,2026-08-05,200,20,213,1,25,1,6000,1.0,0,,Eterna,2700,4106.0,11086.2,2700.0,2970,12206,,,2026-07-31,0,11086.2,184263,2026-07-31,B,Regular Slotted Carton,E,Nozomi Digital 1 Side Print,1,3,,3.0,3,1,0,43.01,41.03,0,52.0,"Complete Beef Recipe
11-3/4 x 7-1/2 x 6-1/4
RSC, Glued, Digital 1 Side 
B Flute 32 ECT Oyster
PK",Back2Raw,,0,,,1.0,0,0,0,True,0,Pack & Protect A-1,Regular,False,3,0,B32 OY,OT,2026-07-13 09:04:34,,0,False,0,0,200 B Oys,Eterna,,1,65,0,12,0,GI,"Dig Ink Med Intensity (20%), Non-Coated Digital (0%)",St. Davids,11.12,7.08,6.04,,1.0,0,False,2026-07-13,Glued,No P.O.,"N,E,BobstGluer,PP",13885 - ETERNA CAN4-E,"Dig Ink Med Intensity
Non-Coated Digital",No P.O.,167.0,2026-08-06,105.0
362317,5034241,4,2026-08-06,100,30,167,1,20,1,8000,1.0,0,,"Bobst Specialty Gluer 115""",2700,4106.0,11086.2,2700.0,2970,12206,,,2026-07-31,0,11086.2,184263,2026-07-31,B,Regular Slotted Carton,Bobst Gluer,Nozomi Digital 1 Side Print,1,3,,3.0,3,1,0,43.01,41.03,0,40.0,"Complete Beef Recipe
11-3/4 x 7-1/2 x 6-1/4
RSC, Glued, Digital 1 Side 
B Flute 32 ECT Oyster
PK",Back2Raw,,0,,,1.0,0,0,0,True,0,Pack & Protect A-1,Regular,False,6,0,B32 OY,OT,2026-07-13 09:04:34,,0,False,0,0,200 B Oys,Bobst Gluer,,1,65,0,12,0,GI,"Dig Ink Med Intensity (20%), Non-Coated Digital (0%)",St. Davids,11.12,7.08,6.04,,1.0,0,False,2026-07-13,Glued,No P.O.,"N,E,BobstGluer,PP",13885 - ETERNA CAN4-E,"Dig Ink Med Intensity
Non-Coated Digital",No P.O.,237.0,2026-08-05,80.0
362318,5034241,4,2026-08-05,100,40,237,1,0,1,0,1.0,0,,Pack & Protect A-1,2700,4106.0,11086.2,2700.0,2970,12206,,,2026-07-31,0,11086.2,184263,2026-07-31,B,Regular Slotted Carton,PP,Nozomi Digital 1 Side Print,1,3,,3.0,5,1,0,43.01,41.03,0,0.0,"Complete Beef Recipe
11-3/4 x 7-1/2 x 6-1/4
RSC, Glued, Digital 1 Side 
B Flute 32 ECT Oyster
PK",Back2Raw,,0,,,1.0,0,0,0,True,0,Pack & Protect A-1,Regular,False,6,0,B32 OY,OT,2026-07-13 09:04:34,,0,False,0,0,200 B Oys,,,1,65,0,12,0,GI,"Dig Ink Med Intensity (20%), Non-Coated Digital (0%)",St. Davids,11.12,7.08,6.04,,1.0,0,False,2026-07-13,Glued,No P.O.,"N,E,BobstGluer,PP",13885 - ETERNA CAN4-E,"Dig Ink Med Intensity
Non-Coated Digital",No P.O.,,,
362326,5034241,6,2026-08-06,200,20,213,1,25,1,6000,1.0,0,,Eterna,3600,4106.0,14781.6,3600.0,3960,12206,,,2026-07-31,0,14781.6,184264,2026-07-31,B,Regular Slotted Carton,E,Nozomi Digital 1 Side Print,1,3,,3.0,3,1,0,43.01,41.03,0,61.0,"Complete Chicken blend
11-3/4 x 7-1/2 x 6-1/4
RSC, Glued, Digital 1 Side 
B Flute 32 ECT Oyster",Back2Raw,,0,,,1.0,0,0,0,True,0,Pack & Protect A-1,Regular,False,3,0,B32 OY,OT,2026-07-13 09:04:34,,0,False,0,0,200 B Oys,Eterna,,1,65,0,12,0,GI,"Dig Ink Med Intensity (20%), Non-Coated Digital (0%)",St. Davids,11.12,7.08,6.04,,1.0,0,False,2026-07-13,Glued,No P.O.,"N,E,BobstGluer,PP",13885 - ETERNA CAN4-E,"Dig Ink Med Intensity
Non-Coated Digital",No P.O.,167.0,2026-08-06,154.0
362327,5034241,6,2026-08-06,100,30,167,1,20,1,8000,1.0,0,,"Bobst Specialty Gluer 115""",3600,4106.0,14781.6,3600.0,3960,12206,,,2026-07-31,0,14781.6,184264,2026-07-31,B,Regular Slotted Carton,Bobst Gluer,Nozomi Digital 1 Side Print,1,3,,3.0,3,1,0,43.01,41.03,0,47.0,"Complete Chicken blend
11-3/4 x 7-1/2 x 6-1/4
RSC, Glued, Digital 1 Side 
B Flute 32 ECT Oyster",Back2Raw,,0,,,1.0,0,0,0,True,0,Pack & Protect A-1,Regular,False,6,0,B32 OY,OT,2026-07-13 09:04:34,,0,False,0,0,200 B Oys,Bobst Gluer,,1,65,0,12,0,GI,"Dig Ink Med Intensity (20%), Non-Coated Digital (0%)",St. Davids,11.12,7.08,6.04,,1.0,0,False,2026-07-13,Glued,No P.O.,"N,E,BobstGluer,PP",13885 - ETERNA CAN4-E,"Dig Ink Med Intensity
Non-Coated Digital",No P.O.,237.0,2026-08-05,162.0
362324,5034241,6,2026-08-05,-800,1,234,0,0,0,0,1.0,0,,Corrugator,3600,4106.0,14781.6,3600.0,3960,12206,,,2026-07-31,0,14781.6,184264,2026-07-31,B,Regular Slotted Carton,,Nozomi Digital 1 Side Print,1,3,,3.0,0,1,0,43.01,41.03,0,0.0,"Complete Chicken blend
11-3/4 x 7-1/2 x 6-1/4
RSC, Glued, Digital 1 Side 
B Flute 32 ECT Oyster",Back2Raw,,0,,,1.0,0,0,0,True,0,Pack & Protect A-1,Regular,False,234,0,B32 OY,OT,2026-07-13 09:04:34,,0,False,0,0,200 B Oys,,,1,65,0,12,0,GI,"Dig Ink Med Intensity (20%), Non-Coated Digital (0%)",St. Davids,11.12,7.08,6.04,,1.0,0,False,2026-07-13,Glued,No P.O.,"N,E,BobstGluer,PP",13885 - ETERNA CAN4-E,"Dig Ink Med Intensity
Non-Coated Digital",No P.O.,189.0,2026-07-28,
362328,5034241,6,2026-08-05,100,40,237,1,0,1,0,1.0,0,,Pack & Protect A-1,3600,4106.0,14781.6,3600.0,3960,12206,,,2026-07-31,0,14781.6,184264,2026-07-31,B,Regular Slotted Carton,PP,Nozomi Digital 1 Side Print,1,3,,3.0,5,1,0,43.01,41.03,0,0.0,"Complete Chicken blend
11-3/4 x 7-1/2 x 6-1/4
RSC, Glued, Digital 1 Side 
B Flute 32 ECT Oyster",Back2Raw,,0,,,1.0,0,0,0,True,0,Pack & Protect A-1,Regular,False,6,0,B32 OY,OT,2026-07-13 09:04:34,,0,False,0,0,200 B Oys,,,1,65,0,12,0,GI,"Dig Ink Med Intensity (20%), Non-Coated Digital (0%)",St. Davids,11.12,7.08,6.04,,1.0,0,False,2026-07-13,Glued,No P.O.,"N,E,BobstGluer,PP",13885 - ETERNA CAN4-E,"Dig Ink Med Intensity
Non-Coated Digital",No P.O.,,,
362334,5034241,8,2026-08-05,-800,1,234,0,0,0,0,1.0,0,,Corrugator,1800,4106.0,7390.8,1800.0,1980,12206,,,2026-07-31,0,7390.8,184265,2026-07-31,B,Regular Slotted Carton,,Nozomi Digital 1 Side Print,1,3,,3.0,0,1,0,43.01,41.03,0,0.0,"Complete Lamb Rabbit Blend
11-3/4 x 7-1/2 x 6-1/4
RSC, Glued, Digital 1 Side 
B Flute 32 ECT Oyst",Back2Raw,,0,,,1.0,0,0,0,True,0,Pack & Protect A-1,Regular,False,234,0,B32 OY,OT,2026-07-13 09:04:34,,0,False,0,0,200 B Oys,,,1,65,0,12,0,GI,"Dig Ink Med Intensity (20%), Non-Coated Digital (0%)",St. Davids,11.12,7.08,6.04,,1.0,0,False,2026-07-13,Glued,No P.O.,"N,E,BobstGluer,PP",13885 - ETERNA CAN4-E,"Dig Ink Med Intensity
Non-Coated Digital",No P.O.,189.0,2026-07-28,
362336,5034241,8,2026-08-05,100,20,213,1,25,1,6000,1.0,0,,Eterna,1800,4106.0,7390.8,1800.0,1980,12206,,,2026-07-31,0,7390.8,184265,2026-07-31,B,Regular Slotted Carton,E,Nozomi Digital 1 Side Print,1,3,,3.0,3,1,0,43.01,41.03,0,43.0,"Complete Lamb Rabbit Blend
11-3/4 x 7-1/2 x 6-1/4
RSC, Glued, Digital 1 Side 
B Flute 32 ECT Oyst",Back2Raw,,0,,,1.0,0,0,0,True,0,Pack & Protect A-1,Regular,False,3,0,B32 OY,OT,2026-07-13 09:04:34,,0,False,0,0,200 B Oys,Eterna,,1,65,0,12,0,GI,"Dig Ink Med Intensity (20%), Non-Coated Digital (0%)",St. Davids,11.12,7.08,6.04,,1.0,0,False,2026-07-13,Glued,No P.O.,"N,E,BobstGluer,PP",13885 - ETERNA CAN4-E,"Dig Ink Med Intensity
Non-Coated Digital",No P.O.,167.0,2026-08-06,86.0
362337,5034241,8,2026-08-06,100,30,167,1,20,1,8000,1.0,0,,"Bobst Specialty Gluer 115""",1800,4106.0,7390.8,1800.0,1980,12206,,,2026-07-31,0,7390.8,184265,2026-07-31,B,Regular Slotted Carton,Bobst Gluer,Nozomi Digital 1 Side Print,1,3,,3.0,3,1,0,43.01,41.03,0,34.0,"Complete Lamb Rabbit Blend
11-3/4 x 7-1/2 x 6-1/4
RSC, Glued, Digital 1 Side 
B Flute 32 ECT Oyst",Back2Raw,,0,,,1.0,0,0,0,True,0,Pack & Protect A-1,Regular,False,6,0,B32 OY,OT,2026-07-13 09:04:34,,0,False,0,0,200 B Oys,Bobst Gluer,,1,65,0,12,0,GI,"Dig Ink Med Intensity (20%), Non-Coated Digital (0%)",St. Davids,11.12,7.08,6.04,,1.0,0,False,2026-07-13,Glued,No P.O.,"N,E,BobstGluer,PP",13885 - ETERNA CAN4-E,"Dig Ink Med Intensity
Non-Coated Digital",No P.O.,237.0,2026-08-05,67.0
362338,5034241,8,2026-08-05,100,40,237,1,0,1,0,1.0,0,,Pack & Protect A-1,1800,4106.0,7390.8,1800.0,1980,12206,,,2026-07-31,0,7390.8,184265,2026-07-31,B,Regular Slotted Carton,PP,Nozomi Digital 1 Side Print,1,3,,3.0,5,1,0,43.01,41.03,0,0.0,"Complete Lamb Rabbit Blend
11-3/4 x 7-1/2 x 6-1/4
RSC, Glued, Digital 1 Side 
B Flute 32 ECT Oyst",Back2Raw,,0,,,1.0,0,0,0,True,0,Pack & Protect A-1,Regular,False,6,0,B32 OY,OT,2026-07-13 09:04:34,,0,False,0,0,200 B Oys,,,1,65,0,12,0,GI,"Dig Ink Med Intensity (20%), Non-Coated Digital (0%)",St. Davids,11.12,7.08,6.04,,1.0,0,False,2026-07-13,Glued,No P.O.,"N,E,BobstGluer,PP",13885 - ETERNA CAN4-E,"Dig Ink Med Intensity
Non-Coated Digital",No P.O.,,,
362329,5034241,7,2026-08-05,-800,1,234,0,0,0,0,1.0,0,,Corrugator,1800,4106.0,7390.8,1800.0,1980,12206,,,2026-07-31,0,7390.8,184266,2026-07-31,B,Regular Slotted Carton,,Nozomi Digital 1 Side Print,1,3,,3.0,0,1,0,43.01,41.03,0,0.0,"Complete Lamb
11-3/4 x 7-1/2 x 6-1/4
RSC, Glued, Digital 1 Side 
B Flute 32 ECT Oyster
PKG-CL12",Back2Raw,,0,,,1.0,0,0,0,True,0,Pack & Protect A-1,Regular,False,234,0,B32 OY,OT,2026-07-13 09:04:34,,0,False,0,0,200 B Oys,,,1,65,0,12,0,GI,"Dig Ink Med Intensity (20%), Non-Coated Digital (0%)",St. Davids,11.12,7.08,6.04,,1.0,0,False,2026-07-13,Glued,No P.O.,"N,E,BobstGluer,PP",13885 - ETERNA CAN4-E,"Dig Ink Med Intensity
Non-Coated Digital",No P.O.,189.0,2026-07-28,
362331,5034241,7,2026-08-05,100,20,213,1,25,1,6000,1.0,0,,Eterna,1800,4106.0,7390.8,1800.0,1980,12206,,,2026-07-31,0,7390.8,184266,2026-07-31,B,Regular Slotted Carton,E,Nozomi Digital 1 Side Print,1,3,,3.0,3,1,0,43.01,41.03,0,43.0,"Complete Lamb
11-3/4 x 7-1/2 x 6-1/4
RSC, Glued, Digital 1 Side 
B Flute 32 ECT Oyster
PKG-CL12",Back2Raw,,0,,,1.0,0,0,0,True,0,Pack & Protect A-1,Regular,False,3,0,B32 OY,OT,2026-07-13 09:04:34,,0,False,0,0,200 B Oys,Eterna,,1,65,0,12,0,GI,"Dig Ink Med Intensity (20%), Non-Coated Digital (0%)",St. Davids,11.12,7.08,6.04,,1.0,0,False,2026-07-13,Glued,No P.O.,"N,E,BobstGluer,PP",13885 - ETERNA CAN4-E,"Dig Ink Med Intensity
Non-Coated Digital",No P.O.,167.0,2026-08-06,114.0
362332,5034241,7,2026-08-06,100,30,167,1,20,1,8000,1.0,0,,"Bobst Specialty Gluer 115""",1800,4106.0,7390.8,1800.0,1980,12206,,,2026-07-31,0,7390.8,184266,2026-07-31,B,Regular Slotted Carton,Bobst Gluer,Nozomi Digital 1 Side Print,1,3,,3.0,3,1,0,43.01,41.03,0,34.0,"Complete Lamb
11-3/4 x 7-1/2 x 6-1/4
RSC, Glued, Digital 1 Side 
B Flute 32 ECT Oyster
PKG-CL12",Back2Raw,,0,,,1.0,0,0,0,True,0,Pack & Protect A-1,Regular,False,6,0,B32 OY,OT,2026-07-13 09:04:34,,0,False,0,0,200 B Oys,Bobst Gluer,,1,65,0,12,0,GI,"Dig Ink Med Intensity (20%), Non-Coated Digital (0%)",St. Davids,11.12,7.08,6.04,,1.0,0,False,2026-07-13,Glued,No P.O.,"N,E,BobstGluer,PP",13885 - ETERNA CAN4-E,"Dig Ink Med Intensity
Non-Coated Digital",No P.O.,237.0,2026-08-05,67.0
362333,5034241,7,2026-08-05,100,40,237,1,0,1,0,1.0,0,,Pack & Protect A-1,1800,4106.0,7390.8,1800.0,1980,12206,,,2026-07-31,0,7390.8,184266,2026-07-31,B,Regular Slotted Carton,PP,Nozomi Digital 1 Side Print,1,3,,3.0,5,1,0,43.01,41.03,0,0.0,"Complete Lamb
11-3/4 x 7-1/2 x 6-1/4
RSC, Glued, Digital 1 Side 
B Flute 32 ECT Oyster
PKG-CL12",Back2Raw,,0,,,1.0,0,0,0,True,0,Pack & Protect A-1,Regular,False,6,0,B32 OY,OT,2026-07-13 09:04:34,,0,False,0,0,200 B Oys,,,1,65,0,12,0,GI,"Dig Ink Med Intensity (20%), Non-Coated Digital (0%)",St. Davids,11.12,7.08,6.04,,1.0,0,False,2026-07-13,Glued,No P.O.,"N,E,BobstGluer,PP",13885 - ETERNA CAN4-E,"Dig Ink Med Intensity
Non-Coated Digital",No P.O.,,,
362344,5034241,10,2026-08-05,-800,1,234,0,0,0,0,1.0,0,,Corrugator,900,4100.0,3690.0,900.0,990,12206,,,2026-07-31,0,3690.0,184268,2026-07-31,B,Regular Slotted Carton,,Nozomi Digital 1 Side Print,1,3,,3.0,0,1,0,43.0,41.03,0,0.0,"Complete Turkey Chicken blend
11-3/4 x 7-1/2 x 6-1/4
RSC, Glued, Digital 1 Side 
B Flute 32 ECT O",Back2Raw,,0,,,1.0,0,0,0,True,0,Pack & Protect A-1,Regular,False,234,0,B32 OY,OT,2026-07-13 09:04:34,,0,False,0,0,200 B Oys,,,1,65,0,12,0,GI,"Dig Ink Med Intensity (20%), Non-Coated Digital (0%)",St. Davids,11.12,7.08,6.04,,1.0,0,False,2026-07-13,Glued,No P.O.,"N,E,BobstGluer,PP",13885 - ETERNA CAN4-E,"Dig Ink Med Intensity
Non-Coated Digital",No P.O.,189.0,2026-07-28,
362347,5034241,10,2026-08-06,100,30,167,1,20,1,8000,1.0,0,,"Bobst Specialty Gluer 115""",900,4100.0,3690.0,900.0,990,12206,,,2026-07-31,0,3690.0,184268,2026-07-31,B,Regular Slotted Carton,Bobst Gluer,Nozomi Digital 1 Side Print,1,3,,3.0,3,1,0,43.0,41.03,0,27.0,"Complete Turkey Chicken blend
11-3/4 x 7-1/2 x 6-1/4
RSC, Glued, Digital 1 Side 
B Flute 32 ECT O",Back2Raw,,0,,,1.0,0,0,0,True,0,Pack & Protect A-1,Regular,False,6,0,B32 OY,OT,2026-07-13 09:04:34,,0,False,0,0,200 B Oys,Bobst Gluer,,1,65,0,12,0,GI,"Dig Ink Med Intensity (20%), Non-Coated Digital (0%)",St. Davids,11.12,7.08,6.04,,1.0,0,False,2026-07-13,Glued,No P.O.,"N,E,BobstGluer,PP",13885 - ETERNA CAN4-E,"Dig Ink Med Intensity
Non-Coated Digital",No P.O.,237.0,2026-08-05,41.0
362348,5034241,10,2026-08-05,100,40,237,1,0,1,0,1.0,0,,Pack & Protect A-1,900,4100.0,3690.0,900.0,990,12206,,,2026-07-31,0,3690.0,184268,2026-07-31,B,Regular Slotted Carton,PP,Nozomi Digital 1 Side Print,1,3,,3.0,5,1,0,43.0,41.03,0,0.0,"Complete Turkey Chicken blend
11-3/4 x 7-1/2 x 6-1/4
RSC, Glued, Digital 1 Side 
B Flute 32 ECT O",Back2Raw,,0,,,1.0,0,0,0,True,0,Pack & Protect A-1,Regular,False,6,0,B32 OY,OT,2026-07-13 09:04:34,,0,False,0,0,200 B Oys,,,1,65,0,12,0,GI,"Dig Ink Med Intensity (20%), Non-Coated Digital (0%)",St. Davids,11.12,7.08,6.04,,1.0,0,False,2026-07-13,Glued,No P.O.,"N,E,BobstGluer,PP",13885 - ETERNA CAN4-E,"Dig Ink Med Intensity
Non-Coated Digital",No P.O.,,,
362346,5034241,10,2026-08-06,100,20,213,1,25,1,6000,1.0,0,,Eterna,900,4100.0,3690.0,900.0,990,12206,,,2026-07-31,0,3690.0,184268,2026-07-31,B,Regular Slotted Carton,E,Nozomi Digital 1 Side Print,1,3,,3.0,3,1,0,43.0,41.03,0,34.0,"Complete Turkey Chicken blend
11-3/4 x 7-1/2 x 6-1/4
RSC, Glued, Digital 1 Side 
B Flute 32 ECT O",Back2Raw,,0,,,1.0,0,0,0,True,0,Pack & Protect A-1,Regular,False,3,0,B32 OY,OT,2026-07-13 09:04:34,,0,False,0,0,200 B Oys,Eterna,,1,65,0,12,0,GI,"Dig Ink Med Intensity (20%), Non-Coated Digital (0%)",St. Davids,11.12,7.08,6.04,,1.0,0,False,2026-07-13,Glued,No P.O.,"N,E,BobstGluer,PP",13885 - ETERNA CAN4-E,"Dig Ink Med Intensity
Non-Coated Digital",No P.O.,167.0,2026-08-06,58.0
362349,5034241,11,2026-08-05,-800,1,234,0,0,0,0,1.0,0,,Corrugator,1800,4106.0,7390.8,1800.0,1980,12206,,,2026-07-31,0,7390.8,184269,2026-07-31,B,Regular Slotted Carton,,Nozomi Digital 1 Side Print,1,3,,3.0,0,1,0,43.01,41.03,0,0.0,"Complete Turkey Duck blend
11-3/4 x 7-1/2 x 6-1/4
RSC, Glued, Digital 1 Side 
B Flute 32 ECT Oyst",Back2Raw,,0,,,1.0,0,0,0,True,0,Pack & Protect A-1,Regular,False,234,0,B32 OY,OT,2026-07-13 09:04:34,,0,False,0,0,200 B Oys,,,1,65,0,12,0,GI,"Dig Ink Med Intensity (20%), Non-Coated Digital (0%)",St. Davids,11.12,7.08,6.04,,1.0,0,False,2026-07-13,Glued,No P.O.,"N,E,BobstGluer,PP",13885 - ETERNA CAN4-E,"Dig Ink Med Intensity
Non-Coated Digital",No P.O.,189.0,2026-07-28,
362351,5034241,11,2026-08-06,200,20,213,1,25,1,6000,1.0,0,,Eterna,1800,4106.0,7390.8,1800.0,1980,12206,,,2026-07-31,0,7390.8,184269,2026-07-31,B,Regular Slotted Carton,E,Nozomi Digital 1 Side Print,1,3,,3.0,3,1,0,43.01,41.03,0,43.0,"Complete Turkey Duck blend
11-3/4 x 7-1/2 x 6-1/4
RSC, Glued, Digital 1 Side 
B Flute 32 ECT Oyst",Back2Raw,,0,,,1.0,0,0,0,True,0,Pack & Protect A-1,Regular,False,3,0,B32 OY,OT,2026-07-13 09:04:34,,0,False,0,0,200 B Oys,Eterna,,1,65,0,12,0,GI,"Dig Ink Med Intensity (20%), Non-Coated Digital (0%)",St. Davids,11.12,7.08,6.04,,1.0,0,False,2026-07-13,Glued,No P.O.,"N,E,BobstGluer,PP",13885 - ETERNA CAN4-E,"Dig Ink Med Intensity
Non-Coated Digital",No P.O.,167.0,2026-08-06,87.0
362352,5034241,11,2026-08-06,100,30,167,1,20,1,8000,1.0,0,,"Bobst Specialty Gluer 115""",1800,4106.0,7390.8,1800.0,1980,12206,,,2026-07-31,0,7390.8,184269,2026-07-31,B,Regular Slotted Carton,Bobst Gluer,Nozomi Digital 1 Side Print,1,3,,3.0,3,1,0,43.01,41.03,0,34.0,"Complete Turkey Duck blend
11-3/4 x 7-1/2 x 6-1/4
RSC, Glued, Digital 1 Side 
B Flute 32 ECT Oyst",Back2Raw,,0,,,1.0,0,0,0,True,0,Pack & Protect A-1,Regular,False,6,0,B32 OY,OT,2026-07-13 09:04:34,,0,False,0,0,200 B Oys,Bobst Gluer,,1,65,0,12,0,GI,"Dig Ink Med Intensity (20%), Non-Coated Digital (0%)",St. Davids,11.12,7.08,6.04,,1.0,0,False,2026-07-13,Glued,No P.O.,"N,E,BobstGluer,PP",13885 - ETERNA CAN4-E,"Dig Ink Med Intensity
Non-Coated Digital",No P.O.,237.0,2026-08-05,98.0
362353,5034241,11,2026-08-05,100,40,237,1,0,1,0,1.0,0,,Pack & Protect A-1,1800,4106.0,7390.8,1800.0,1980,12206,,,2026-07-31,0,7390.8,184269,2026-07-31,B,Regular Slotted Carton,PP,Nozomi Digital 1 Side Print,1,3,,3.0,5,1,0,43.01,41.03,0,0.0,"Complete Turkey Duck blend
11-3/4 x 7-1/2 x 6-1/4
RSC, Glued, Digital 1 Side 
B Flute 32 ECT Oyst",Back2Raw,,0,,,1.0,0,0,0,True,0,Pack & Protect A-1,Regular,False,6,0,B32 OY,OT,2026-07-13 09:04:34,,0,False,0,0,200 B Oys,,,1,65,0,12,0,GI,"Dig Ink Med Intensity (20%), Non-Coated Digital (0%)",St. Davids,11.12,7.08,6.04,,1.0,0,False,2026-07-13,Glued,No P.O.,"N,E,BobstGluer,PP",13885 - ETERNA CAN4-E,"Dig Ink Med Intensity
Non-Coated Digital",No P.O.,,,
361836,5034300,3,2026-08-05,-300,1,234,0,0,0,0,1.0,0,,Corrugator,110,14506.0,1595.66,110.0,116,13523,,,2026-08-04,0,1595.66,193040,2026-08-04,B,Flat Bed Die Cut,,Nozomi Digital 1 Side Print,1,3,,1.0,0,1,0,34.0,61.07,0,0.0,"AAFES Display - Base
34 x 61-7/16
I-Cut, Gluedg, 
Digital 1 Side 
B32 Coated White 2S",Blue,,0,,,1.0,0,0,0,True,0,Stripping Hot Melt Hand Gluers Black Pot Elitron Pack & Protect C-2,Regular,False,234,0,B32 Coated White 2S,OT,2026-07-16 14:12:04,,116,False,0,0,,,,1,65,116,12,0,GI,Dig Ink Med Intensity (100%),Newark,61.07,34.0,0.0,,1.0,0,False,2026-07-16,Glued,No P.O.,"N,Elitron,Stripping,HotMelt",,Dig Ink Med Intensity,No P.O.,189.0,2026-07-22,
361840,5034300,3,2026-08-05,100,40,47,1,10,1,50,1.0,0,,Hot Melt Hand Gluers Black Pot,110,14506.0,1595.66,110.0,116,13523,,,2026-08-04,0,1595.66,193040,2026-08-04,B,Flat Bed Die Cut,Hot Melt,Nozomi Digital 1 Side Print,1,3,,1.0,5,1,0,34.0,61.07,0,142.0,"AAFES Display - Base
34 x 61-7/16
I-Cut, Gluedg, 
Digital 1 Side 
B32 Coated White 2S",Blue,,0,,,1.0,0,0,0,True,0,Stripping Hot Melt Hand Gluers Black Pot Elitron Pack & Protect C-2,Regular,False,12,0,B32 Coated White 2S,OT,2026-07-16 14:12:04,,116,False,0,0,,Hot Melt,,1,65,116,12,0,GI,Dig Ink Med Intensity (100%),Newark,61.07,34.0,0.0,,1.0,0,False,2026-07-16,Glued,No P.O.,"N,Elitron,Stripping,HotMelt",,Dig Ink Med Intensity,No P.O.,242.0,2026-08-05,
361841,5034300,3,2026-08-05,300,50,242,1,0,1,0,1.0,0,,Pack & Protect C-2,110,14506.0,1595.66,110.0,116,13523,,,2026-08-04,0,1595.66,193040,2026-08-04,B,Flat Bed Die Cut,,Nozomi Digital 1 Side Print,1,3,,1.0,5,1,0,34.0,61.07,0,0.0,"AAFES Display - Base
34 x 61-7/16
I-Cut, Gluedg, 
Digital 1 Side 
B32 Coated White 2S",Blue,,0,,,1.0,0,0,0,True,0,Stripping Hot Melt Hand Gluers Black Pot Elitron Pack & Protect C-2,Regular,False,6,0,B32 Coated White 2S,OT,2026-07-16 14:12:04,,116,False,0,0,,,,1,65,116,12,0,GI,Dig Ink Med Intensity (100%),Newark,61.07,34.0,0.0,,1.0,0,False,2026-07-16,Glued,No P.O.,"N,Elitron,Stripping,HotMelt",,Dig Ink Med Intensity,No P.O.,,,
364542,5035399,1,2026-08-05,20,10,69,1,20,1,4200,1.0,0,,Langston Saturn 50x110,1000,13158.0,13158.0,900.0,1100,10001,,,2026-08-06,1,13158.0,103534,2026-08-06,C,Regular Slotted Carton,L,Plain,0,3,,1.0,3,1,0,30.08,62.02,1500,34.0,"W151515
15 x 15 x 15
RSC 32C Kraft 25/250
Bundled in 25s",Moyy|WB,,0,2026-08-05 10:25:10,0.0,0.6,10,0,0,True,2,Colex I Cutter (WB),Stock & Release,False,1,0,C32 K,OT,2026-07-23 14:24:55,,0,False,0,0,200 C,Langston,,1,60,0,12,0,GI,,Hamilton,15.0,15.0,15.0,,1.0,0,False,2026-07-23,Glued,07/28-Moyy,L,,,07/28-Moyy,,,50.0
364563,5035404,1,2026-08-06,300,1,256,0,0,0,0,1.0,0,,Interpac Corrugator,23100,13333.0,307992.3,20790.0,25410,10001,,,2026-07-31,1,307992.3,106695,2026-07-31,B,Sheet,,Plain,0,3,,1.0,1,1,0,40.0,48.0,13200,0.0,"Stock Sheet W7211
40 x 48
Sheets, No Closure, Plain
23 B Kraft",Moyy|WB,,13200,,,1.0,10,0,0,True,0,,Stock & Release,False,0,0,B23 K,OT,2026-07-23 16:17:49,,24000,False,0,0,125 B,,,1,66,24000,12,0,N,,Hamilton,40.0,48.0,0.0,,1.0,0,False,2026-07-23,No Closure,08/04-Moyy,,,,08/04-Moyy,,,636.0
325632,5031595,1,2026-08-03,-13300,10,3,1,33,1,1080,1.0,0,,TableSaw,4,0.0,0.0,4.0,4,10001,,,2026-01-23,1,0.0,111373,2026-01-23,N/A,Not Applicable,BS,Not Applicable,0,3,,1.0,5,1,0,0.0,0.0,4,33.0,"W6416
Edge Protector 2""x2""x72""x.160 white
50/bndl",Moyy|WB,,0,,,0.6,10,0,0,False,0,TableSaw,Stock & Release,False,15,0,Not Applicable,OT,2026-01-16 18:07:01,,8,False,0,0,,Saw,,0,64,8,12,0,,,Hamilton,0.0,0.0,0.0,,0.0,0,False,2026-01-15,Not Applicable,No P.O.,BS,,,No P.O.,,,34.0
364740,5034085,1,2026-08-05,0,1,234,0,0,0,0,1.0,0,,Corrugator,1500,7935.0,11902.5,1350.0,1650,11312,,,2026-08-07,1,11902.5,160162,2026-07-07,C,Regular Slotted Carton,,Flexo 1 Colour Print,1,3,M2201171-0,3.0,0,1,0,50.11,67.1,1715,0.0,"HH Shipping Box 24lb 
22-1/4x10x6-3/16
Glued, 1 Col 44C K
Tapered Slots
375/Unit.",BCR,,0,,,1.0,0,0,0,True,0,,Stock & Release,False,234,0,C44 K,OT,2026-07-24 11:21:07,,1715,False,0,0,275 C,,,1,64,1715,15,0,GI,GCMI 90 BLACK HK (10%),SMITHVILLE,22.04,10.0,6.03,,1.0,0,False,2026-06-24,Glued,No P.O.,"R,L","13454 - RACK A
13566 - P 3 & 4",GCMI 90 BLACK HK,No P.O.,166.0,2026-07-31,
366070,5032130,1,2026-08-11,500,10,69,1,24,1,4200,1.0,0,,Langston Saturn 50x110,9000,13158.0,118422.0,8100.0,9900,18299,,,2026-08-24,0,118422.0,172368,2026-08-24,C,Regular Slotted Carton,L,Flexo 1 Colour Print,1,3,M2400829,1.0,3,1,0,30.08,62.02,10000,153.0,"15 x 15 x 15
>>>>>>> 3d7f0d50c55d01c676d7c4bff56f84cbc3a91754
RSC, Glued, Flexo 1Col 
C Flute 32 ECT Kraft
240 / units per pallet 

<<<<<<< HEAD
strapped bun",Intelcom,,0,,,0.6,0,0,0,True,2,,Regular,False,1,0,C32 K,CRB,2026-03-16 07:43:30,,0,False,0,0,200 C,Langston,,1,61,0,12,0,GI,PMS 2400C (10%),Vaughan,15.0,15.0,15.0,,1.0,9900,False,2026-03-16,Glued,9900 (2035803-1),L,"13992 - LANGSTON
14042 - JAMESTOWN CONTAINERS",PMS 2400C,9900 (2035803-1),,,421.0
366076,5035468,2,2026-08-24,500,1,234,0,0,0,0,1.0,0,,Corrugator,2500,7766.0,19415.0,2250.0,2750,10027,,,2026-08-27,0,19415.0,176722,2026-08-27,C,Regular Slotted Carton,,Plain,0,3,M2500042,1.0,0,1,0,18.0,62.02,0,0.0,"Clamshell 21-1/2 x 8-1/2 x 9
RSC, Glued, Plain
C Flute 32 ECT Kraft
375/unit",Scheps,,0,,,1.0,0,0,0,True,0,,Regular,False,234,0,C32 K,CRB,2026-07-29 14:38:37,,0,False,0,0,200 C,,,1,60,0,12,0,GI,,Tillsonburg,21.08,8.08,9.0,,0.0,3016,False,2026-07-29,Glued,3016 (2038606-1),L,,,3016 (2038606-1),69.0,2026-08-25,
366077,5035468,2,2026-08-25,500,10,69,1,33,1,2520,1.0,0,,Langston Saturn 50x110,2500,7766.0,19415.0,2250.0,2750,10027,,,2026-08-27,0,19415.0,176722,2026-08-27,C,Regular Slotted Carton,L,Plain,0,3,M2500042,1.0,3,1,0,18.0,62.02,0,93.0,"Clamshell 21-1/2 x 8-1/2 x 9
RSC, Glued, Plain
C Flute 32 ECT Kraft
375/unit",Scheps,,0,,,0.6,0,0,0,True,2,,Regular,False,1,0,C32 K,CRB,2026-07-29 14:38:37,,0,False,0,0,200 C,Langston,,1,60,0,12,0,GI,,Tillsonburg,21.08,8.08,9.0,,0.0,3016,False,2026-07-29,Glued,3016 (2038606-1),L,,,3016 (2038606-1),,,127.0
368310,5035570,1,2026-08-17,355,10,69,1,40,1,2160,1.0,0,,Langston Saturn 50x110,1500,13867.0,20800.5,1350.0,1650,19203,,,2026-08-19,0,20800.5,180009,2026-08-19,C,Regular Slotted Carton,L,Flexo 1 Colour Print,1,3,M2500746,1.0,3,1,0,29.02,68.09,1600,82.0,"2 CF
18-3/16 x 15 x 13-1/2
RSC, Glued, 1Col 
32C Kraft
250/unit",First Onsite,,0,,,0.6,0,0,0,True,2,,Regular,False,1,0,C32 K,OT,2026-08-10 15:15:39,,0,False,0,0,200 C,Langston,,1,61,0,12,0,GI,PMS 281C Blue (10%),Kitchener,18.03,15.0,13.08,,1.0,1600,False,2026-08-10,Glued,1600 (2038707-1),L,14299 - LANGSTON,PMS 281C Blue,1600 (2038707-1),,,78.0
367256,5035518,1,2026-08-14,400,1,234,0,0,0,0,1.0,0,,Corrugator,3000,12568.0,37704.0,2700.0,3300,11824,,,2026-08-17,0,37704.0,181459,2026-08-17,C,Full Overlap,,Plain,0,3,M2401909_A,1.0,0,1,0,33.12,53.1,0,0.0,"0950125000
18-11/16 x 7-1/16 x 19
FOL, Glued, Plain 40C Kraft
250/unit",Accuflex,,0,,,1.0,0,0,0,True,0,,Regular,False,234,0,C40 K,OT,2026-08-06 13:18:44,,0,False,0,0,200 O/T C,,,1,60,0,12,0,GI,,Guelph,18.11,7.01,19.0,,1.0,3257,False,2026-08-06,Glued,3257 (2038665-1),L,,,3257 (2038665-1),69.0,2026-08-14,
367257,5035518,1,2026-08-14,100,10,69,1,78,1,1628,1.0,0,,Langston Saturn 50x110,3000,12568.0,37704.0,2700.0,3300,11824,,,2026-08-17,0,37704.0,181459,2026-08-17,C,Full Overlap,L,Plain,0,3,M2401909_A,1.0,3,1,0,33.12,53.1,0,189.0,"0950125000
18-11/16 x 7-1/16 x 19
FOL, Glued, Plain 40C Kraft
250/unit",Accuflex,,0,,,0.6,0,0,0,True,2,,Regular,False,1,0,C40 K,OT,2026-08-06 13:18:44,,0,False,0,0,200 O/T C,Langston,,1,60,0,12,0,GI,,Guelph,18.11,7.01,19.0,,1.0,3257,False,2026-08-06,Glued,3257 (2038665-1),L,,,3257 (2038665-1),,,205.0
353972,5032973,1,2026-08-14,110,10,69,1,33,1,2208,1.0,0,,Langston Saturn 50x110,10500,9803.0,102931.5,9450.0,11550,16435,,,2026-08-17,0,102931.5,183213,2026-08-17,C,Regular Slotted Carton,L,Plain,0,3,M2501228,1.0,3,1,0,23.0,61.06,0,318.0,"TraderJoes Gingerbread 
16 7/8 x 12 3/4 x 9 3/4
RSC, Glued, Plain 
C Flute 32 ECT Kraft
Extended",Scheps Novelties,,0,,,0.6,0,0,0,True,2,,Regular,False,1,0,C32 K,CRB,2026-06-10 12:56:20,,0,False,0,0,200 C,Langston,,1,60,0,12,0,GI,,Tillsonburg,16.14,12.12,9.12,,1.0,6815,False,2026-06-10,Glued,6815 (2038651-1),L,,,6815 (2038651-1),,,205.0
353972,5032973,1,2026-08-14,110,10,69,1,33,1,2208,1.0,0,,Langston Saturn 50x110,10500,9803.0,102931.5,9450.0,11550,16435,,,2026-08-17,0,102931.5,183213,2026-08-17,C,Regular Slotted Carton,L,Plain,0,3,M2501228,1.0,3,1,0,23.0,61.06,0,318.0,"TraderJoes Gingerbread 
16 7/8 x 12 3/4 x 9 3/4
RSC, Glued, Plain 
C Flute 32 ECT Kraft
Extended",Scheps Novelties,,0,,,0.6,0,0,0,True,2,,Regular,False,1,0,C32 K,CRB,2026-06-10 12:56:20,,0,False,0,0,200 C,Langston,,1,60,0,12,0,GI,,Tillsonburg,16.14,12.12,9.12,,1.0,6815,False,2026-06-10,Glued,6815 (2038651-1),L,,,6815 (2038651-1),,,205.0
366988,5035504,2,2026-08-18,10,10,189,1,10,1,10023,1.0,0,,Nozomi Digital Printer,3000,5680.0,17040.0,2700.0,3300,11312,,,2026-08-18,1,17040.0,186887,2026-08-12,C,Flat Bed Die Cut,N,Nozomi Digital 1 Side Print,1,3,M2501938,2.0,3,1,0,37.08,43.1,10000,28.0,"DINNER12s GNG
RDC, Glued, Nozomi Digital 1 Side Print 
32C Coated White 1Side +WRA
NO HANDHOLES",BCR,,0,,,1.0,0,0,0,True,1,,Stock & Release,False,1,0,C32 Coated White 1S,OT,2026-08-05 14:34:57,,0,False,0,0,,NAZ,,1,62,0,15,0,GI,Dig Ink Med Intensity (80%),Smithville,41.1,17.08,0.0,,1.0,5000,False,2026-08-05,Glued,5000 (2038653-1),"N,E,BobstGluer","12126 - H -5
14045 - ETERNA C2-D",Dig Ink Med Intensity,5000 (2038653-1),213.0,2026-08-17,73.0
366989,5035504,2,2026-08-17,500,20,213,1,25,1,5040,1.0,0,,Eterna,3000,5680.0,17040.0,2700.0,3300,11312,,,2026-08-18,1,17040.0,186887,2026-08-12,C,Flat Bed Die Cut,E,Nozomi Digital 1 Side Print,1,3,M2501938,2.0,3,1,0,37.08,43.1,10000,61.0,"DINNER12s GNG
RDC, Glued, Nozomi Digital 1 Side Print 
32C Coated White 1Side +WRA
NO HANDHOLES",BCR,,0,,,1.0,0,0,0,True,0,,Stock & Release,False,3,0,C32 Coated White 1S,OT,2026-08-05 14:34:57,,0,False,0,0,,Eterna,,1,62,0,15,0,GI,Dig Ink Med Intensity (80%),Smithville,41.1,17.08,0.0,,1.0,5000,False,2026-08-05,Glued,5000 (2038653-1),"N,E,BobstGluer","12126 - H -5
14045 - ETERNA C2-D",Dig Ink Med Intensity,5000 (2038653-1),167.0,2026-08-14,201.0
366990,5035504,2,2026-08-14,500,30,167,1,60,1,1500,1.0,0,,"Bobst Specialty Gluer 115""",3000,5680.0,17040.0,2700.0,3300,11312,,,2026-08-18,1,17040.0,186887,2026-08-12,C,Flat Bed Die Cut,Bobst Gluer,Nozomi Digital 1 Side Print,1,3,M2501938,2.0,3,1,0,37.08,43.1,10000,180.0,"DINNER12s GNG
RDC, Glued, Nozomi Digital 1 Side Print 
32C Coated White 1Side +WRA
NO HANDHOLES",BCR,,0,,,1.0,0,0,0,True,0,,Stock & Release,False,6,0,C32 Coated White 1S,OT,2026-08-05 14:34:57,,0,False,0,0,,Bobst Gluer,,1,62,0,15,0,GI,Dig Ink Med Intensity (80%),Smithville,41.1,17.08,0.0,,1.0,5000,False,2026-08-05,Glued,5000 (2038653-1),"N,E,BobstGluer","12126 - H -5
14045 - ETERNA C2-D",Dig Ink Med Intensity,5000 (2038653-1),,,123.0
367487,5035521,1,2026-08-17,100,10,69,1,20,1,4200,1.0,0,,Langston Saturn 50x110,3000,9276.0,27828.0,2700.0,3300,10001,,,2026-08-17,1,27828.0,103102,2026-08-13,C,Regular Slotted Carton,L,Plain,0,3,,1.0,3,1,0,21.08,62.02,3200,63.0,"W181209
Box 18 x 12 x 9 
RSC 32C Kraft 25/500
bundled in 25s",Moyy|WB,,0,,,0.6,10,0,0,True,2,Colex I Cutter (WB),Stock & Release,False,1,0,C32 K,OT,2026-08-06 15:21:19,,0,False,0,0,200 C,Langston,,1,1,0,12,0,GI,,Hamilton,18.0,12.0,9.0,,1.0,3200,False,2026-08-06,Glued,3200 (2038668-1),L,,,3200 (2038668-1),,,85.0
368306,5035525,1,2026-08-17,320,10,69,1,20,1,3600,1.0,0,,Langston Saturn 50x110,1000,16547.0,16547.0,900.0,1100,10001,,,2026-08-19,1,16547.0,104911,2026-08-19,C,Regular Slotted Carton,L,Plain,0,3,,1.0,3,1,0,30.08,78.02,1200,37.0,"W201812
20 x 18 x 12 
RSC 32C Kraft 25/150
bundled in 25s",Moyy|WB,,0,,,0.6,10,0,0,True,2,Colex I Cutter (WB),Stock & Release,False,1,0,C32 K,OT,2026-08-10 15:00:34,,0,False,0,0,200 C,Langston,,1,60,0,12,0,GI,,Hamilton,20.0,18.0,12.0,,1.0,1200,False,2026-08-06,Glued,1200 (2038691-1),L,,,1200 (2038691-1),,,54.0
366464,5035479,1,2026-08-14,200,1,234,0,0,0,0,1.0,0,,Corrugator,1000,12296.0,12296.0,900.0,1100,10001,,,2026-08-21,1,12296.0,105275,2026-08-21,C,Regular Slotted Carton,,Plain,0,3,,1.0,0,1,0,28.08,62.02,0,0.0,"W181216
18 x 12 x 16
RSC 32C Kraft 25/250
bundled in 25s",Moyy|WB,,0,,,1.0,10,0,0,True,0,Colex I Cutter (WB),Stock & Release,False,234,0,C32 K,OT,2026-07-30 13:28:28,,0,False,0,0,200 C,,,1,60,0,12,0,GI,,Hamilton,18.0,12.0,16.0,,1.0,1086,False,2026-07-30,Glued,1086 (2038614-1),L,,,1086 (2038614-1),69.0,2026-08-20,
366464,5035479,1,2026-08-14,200,1,234,0,0,0,0,1.0,0,,Corrugator,1000,12296.0,12296.0,900.0,1100,10001,,,2026-08-21,1,12296.0,105275,2026-08-21,C,Regular Slotted Carton,,Plain,0,3,,1.0,0,1,0,28.08,62.02,0,0.0,"W181216
18 x 12 x 16
RSC 32C Kraft 25/250
bundled in 25s",Moyy|WB,,0,,,1.0,10,0,0,True,0,Colex I Cutter (WB),Stock & Release,False,234,0,C32 K,OT,2026-07-30 13:28:28,,0,False,0,0,200 C,,,1,60,0,12,0,GI,,Hamilton,18.0,12.0,16.0,,1.0,1086,False,2026-07-30,Glued,1086 (2038614-1),L,,,1086 (2038614-1),69.0,2026-08-20,
366465,5035479,1,2026-08-20,500,10,69,1,33,1,2520,1.0,0,,Langston Saturn 50x110,1000,12296.0,12296.0,900.0,1100,10001,,,2026-08-21,1,12296.0,105275,2026-08-21,C,Regular Slotted Carton,L,Plain,0,3,,1.0,3,1,0,28.08,62.02,0,57.0,"W181216
18 x 12 x 16
RSC 32C Kraft 25/250
bundled in 25s",Moyy|WB,,0,,,0.6,10,0,0,True,2,Colex I Cutter (WB),Stock & Release,False,1,0,C32 K,OT,2026-07-30 13:28:28,,0,False,0,0,200 C,Langston,,1,60,0,12,0,GI,,Hamilton,18.0,12.0,16.0,,1.0,1086,False,2026-07-30,Glued,1086 (2038614-1),L,,,1086 (2038614-1),,,59.0
366465,5035479,1,2026-08-20,500,10,69,1,33,1,2520,1.0,0,,Langston Saturn 50x110,1000,12296.0,12296.0,900.0,1100,10001,,,2026-08-21,1,12296.0,105275,2026-08-21,C,Regular Slotted Carton,L,Plain,0,3,,1.0,3,1,0,28.08,62.02,0,57.0,"W181216
18 x 12 x 16
RSC 32C Kraft 25/250
bundled in 25s",Moyy|WB,,0,,,0.6,10,0,0,True,2,Colex I Cutter (WB),Stock & Release,False,1,0,C32 K,OT,2026-07-30 13:28:28,,0,False,0,0,200 C,Langston,,1,60,0,12,0,GI,,Hamilton,18.0,12.0,16.0,,1.0,1086,False,2026-07-30,Glued,1086 (2038614-1),L,,,1086 (2038614-1),,,59.0
368416,5035524,1,2026-08-17,310,10,69,1,33,1,2520,1.0,0,,Langston Saturn 50x110,2000,6440.0,12880.0,1800.0,2200,10001,,,2026-08-19,1,12880.0,147391,2026-08-18,C,Regular Slotted Carton,L,Plain,0,3,,1.0,3,1,0,18.08,50.02,2450,81.0,"W121206
12 x 12 x 6
RSC  32C Kraft 25/500
Bundled in 25s",Moyy|WB,,0,,,0.6,10,0,0,True,2,Colex I Cutter (WB),Stock & Release,False,1,0,C32 K,OT,2026-08-10 17:51:48,,0,False,0,0,200 C,Langston,,1,60,0,12,0,GI,,Hamilton,12.0,12.0,6.0,,1.0,2450,False,2026-08-06,Glued,2450 (2038690-1),L,,,2450 (2038690-1),,,75.0
366132,5035475,3,2026-08-17,500,1,234,0,0,0,0,1.0,0,,Corrugator,1800,5328.0,9590.4,1800.0,1980,10015,,,2026-08-25,0,9590.4,169464,2026-08-25,B,Full Overlap,,Nozomi Digital 1 Side Print,1,3,,2.0,0,1,0,43.06,35.06,0,0.0,"Pinnacle #16
11-3/4 x 4-3/16 x 11-13/16
FOL, Glued, Digital Print
B Flute 32 ECT Coated White
90",Nexal,,0,,,1.0,5,0,0,True,0,Haire Gluer,Regular,False,234,0,B32 Coated White 1S,CRB,2026-07-29 16:23:42,,0,False,0,0,,,,1,62,0,12,0,GI,"Dig Ink Med Intensity (50%), Coated Digital (0%)",MISSISSAUGA,11.12,4.03,11.13,,1.0,1076,False,2026-07-29,Glued,1076 (2038625-1),"N,E",12102 - CAN 2 - F,"Dig Ink Med Intensity
Coated Digital",1076 (2038625-1),189.0,2026-08-12,
366134,5035475,3,2026-08-21,500,20,213,1,25,1,7000,1.0,0,,Eterna,1800,5328.0,9590.4,1800.0,1980,10015,,,2026-08-25,0,9590.4,169464,2026-08-25,B,Full Overlap,E,Nozomi Digital 1 Side Print,1,3,,2.0,3,1,0,43.06,35.06,0,40.0,"Pinnacle #16
11-3/4 x 4-3/16 x 11-13/16
FOL, Glued, Digital Print
B Flute 32 ECT Coated White
90",Nexal,,0,,,1.0,5,0,0,True,0,Haire Gluer,Regular,False,3,0,B32 Coated White 1S,CRB,2026-07-29 16:23:42,,0,False,0,0,,Eterna,,1,62,0,12,0,GI,"Dig Ink Med Intensity (50%), Coated Digital (0%)",MISSISSAUGA,11.12,4.03,11.13,,1.0,1076,False,2026-07-29,Glued,1076 (2038625-1),"N,E",12102 - CAN 2 - F,"Dig Ink Med Intensity
Coated Digital",1076 (2038625-1),236.0,2026-08-20,178.0
366135,5035475,3,2026-08-20,500,30,236,1,0,1,0,1.0,0,,Boxxer - James - co-packing,1800,5328.0,9590.4,1800.0,1980,10015,,,2026-08-25,0,9590.4,169464,2026-08-25,B,Full Overlap,,Nozomi Digital 1 Side Print,1,3,,2.0,0,1,0,43.06,35.06,0,0.0,"Pinnacle #16
11-3/4 x 4-3/16 x 11-13/16
FOL, Glued, Digital Print
B Flute 32 ECT Coated White
90",Nexal,,0,,,1.0,5,0,0,True,0,Haire Gluer,Regular,False,0,0,B32 Coated White 1S,CRB,2026-07-29 16:23:42,,0,False,0,0,,,,1,62,0,12,0,GI,"Dig Ink Med Intensity (50%), Coated Digital (0%)",MISSISSAUGA,11.12,4.03,11.13,,1.0,1076,False,2026-07-29,Glued,1076 (2038625-1),"N,E",12102 - CAN 2 - F,"Dig Ink Med Intensity
Coated Digital",1076 (2038625-1),,,
362235,5034315,1,2026-08-17,500,1,234,0,0,0,0,1.0,0,,Corrugator,1300,32922.0,42798.6,1300.0,1365,14275,,,2026-08-12,0,42798.6,173978,2026-08-24,B,RDC - Rotary Die Cut,,Nozomi Digital 1 Side Print,1,3,,1.0,0,1,0,63.0,75.04,0,0.0,"Buffalo Games R90460-LEFT Black
61 x 73-1/4
RDC, No Closure, 
Digital Print 1 Side Print
B44 Oys",Jamestown,,0,,,1.0,0,0,0,True,0,Pack & Protect D-2,Regular,False,234,0,B44 OY,CRB,2026-07-17 10:56:01,,1365,False,0,0,275BOYS,,,1,86,1365,12,0,N,Dig Ink Med Intensity (40%),ROCHESTER,73.04,61.0,0.0,,1.0,1567,False,2026-07-17,No Closure,1567 (2037451-1),"N,R","13993 - P-7,8",Dig Ink Med Intensity,1567 (2037451-1),189.0,2026-08-11,
362238,5034315,1,2026-08-20,500,30,243,1,0,1,0,1.0,0,,Pack & Protect D-2,1300,32922.0,42798.6,1300.0,1365,14275,,,2026-08-12,0,42798.6,173978,2026-08-24,B,RDC - Rotary Die Cut,,Nozomi Digital 1 Side Print,1,3,,1.0,5,1,0,63.0,75.04,0,0.0,"Buffalo Games R90460-LEFT Black
61 x 73-1/4
RDC, No Closure, 
Digital Print 1 Side Print
B44 Oys",Jamestown,,0,,,1.0,0,0,0,True,0,Pack & Protect D-2,Regular,False,6,0,B44 OY,CRB,2026-07-17 10:56:01,,1365,False,0,0,275BOYS,,,1,86,1365,12,0,N,Dig Ink Med Intensity (40%),ROCHESTER,73.04,61.0,0.0,,1.0,1567,False,2026-07-17,No Closure,1567 (2037451-1),"N,R","13993 - P-7,8",Dig Ink Med Intensity,1567 (2037451-1),,,
362239,5034315,2,2026-08-17,500,1,234,0,0,0,0,1.0,0,,Corrugator,1300,34563.0,44931.9,1300.0,1365,14275,,,2026-08-24,0,44931.9,173979,2026-08-24,B,RDC - Rotary Die Cut,,Nozomi Digital 1 Side Print,1,3,,1.0,0,1,0,63.0,79.0,0,0.0,"Buffalo Games R90460-RIGHT Black
61 x 77
RDC, No Closure, 
Digital Print 1 Side Print
B44 Oyster",Jamestown,,0,,,1.0,0,0,0,True,0,Pack & Protect D-2,Regular,False,234,0,B44 OY,CRB,2026-07-17 10:56:01,,0,False,0,0,275BOYS,,,1,86,0,12,0,N,Dig Ink Med Intensity (40%),ROCHESTER,77.0,61.0,0.0,,1.0,1564,False,2026-07-17,No Closure,1564 (2037452-1),"N,R",13994 - SKID BESIDE RACKS,Dig Ink Med Intensity,1564 (2037452-1),189.0,2026-08-12,
362241,5034315,2,2026-08-19,100,20,166,1,33,1,1400,1.0,0,,United Rotary 66x113 4 Colour,1300,34563.0,44931.9,1300.0,1365,14275,,,2026-08-24,0,44931.9,173979,2026-08-24,B,RDC - Rotary Die Cut,R,Nozomi Digital 1 Side Print,1,3,,1.0,3,1,0,63.0,79.0,0,89.0,"Buffalo Games R90460-RIGHT Black
61 x 77
RDC, No Closure, 
Digital Print 1 Side Print
B44 Oyster",Jamestown,,0,,,1.0,0,0,0,True,2,Pack & Protect D-2,Regular,False,2,0,B44 OY,CRB,2026-07-17 10:56:01,,0,False,0,0,275BOYS,Prospect Rotary,,1,86,0,12,0,N,Dig Ink Med Intensity (40%),ROCHESTER,77.0,61.0,0.0,,1.0,1564,False,2026-07-17,No Closure,1564 (2037452-1),"N,R",13994 - SKID BESIDE RACKS,Dig Ink Med Intensity,1564 (2037452-1),243.0,2026-08-20,187.0
362242,5034315,2,2026-08-20,500,30,243,1,0,1,0,1.0,0,,Pack & Protect D-2,1300,34563.0,44931.9,1300.0,1365,14275,,,2026-08-24,0,44931.9,173979,2026-08-24,B,RDC - Rotary Die Cut,,Nozomi Digital 1 Side Print,1,3,,1.0,5,1,0,63.0,79.0,0,0.0,"Buffalo Games R90460-RIGHT Black
61 x 77
RDC, No Closure, 
Digital Print 1 Side Print
B44 Oyster",Jamestown,,0,,,1.0,0,0,0,True,0,Pack & Protect D-2,Regular,False,6,0,B44 OY,CRB,2026-07-17 10:56:01,,0,False,0,0,275BOYS,,,1,86,0,12,0,N,Dig Ink Med Intensity (40%),ROCHESTER,77.0,61.0,0.0,,1.0,1564,False,2026-07-17,No Closure,1564 (2037452-1),"N,R",13994 - SKID BESIDE RACKS,Dig Ink Med Intensity,1564 (2037452-1),,,
365009,5035438,1,2026-08-14,-100,1,234,0,0,0,0,1.0,0,,Corrugator,1500,1670.0,2505.0,1500.0,1650,18930,,,2026-08-14,0,2505.0,176081,2026-08-14,E,Flat Bed Die Cut Digital,,Nozomi Digital 1 Side Print,1,3,,4.0,0,1,0,26.1,36.02,0,0.0,"PORT_46777
13-11/16 x 17-1/16
FBDC, Glued, 
Nozomi Digital 1 Side Print 
E40 Coated White 1 Side",BCI,,0,,,1.0,0,0,0,True,0,Co-Packing - carton pack,Regular,False,234,0,E40 Coated White 1S,CRB,2026-07-27 14:37:20,,2080,False,0,0,,,,1,65,2080,12,0,GI,Dig Ink Med Intensity (100%),Victor,17.01,13.11,0.0,,1.0,550,False,2026-07-27,Glued,550 (2038554-1),"N,E,Bundling,Co-Packing",14196 - CAN 1-C,Dig Ink Med Intensity,550 (2038554-1),189.0,2026-08-05,
365012,5035438,1,2026-08-14,200,30,236,1,0,1,0,1.0,0,,Boxxer - James - co-packing,1500,1670.0,2505.0,1500.0,1650,18930,,,2026-08-14,0,2505.0,176081,2026-08-14,E,Flat Bed Die Cut Digital,,Nozomi Digital 1 Side Print,1,3,,4.0,0,1,0,26.1,36.02,0,0.0,"PORT_46777
13-11/16 x 17-1/16
FBDC, Glued, 
Nozomi Digital 1 Side Print 
E40 Coated White 1 Side",BCI,,0,,,1.0,0,0,0,True,0,Co-Packing - carton pack,Regular,False,0,0,E40 Coated White 1S,CRB,2026-07-27 14:37:20,,2080,False,0,0,,,,1,65,2080,12,0,GI,Dig Ink Med Intensity (100%),Victor,17.01,13.11,0.0,,1.0,550,False,2026-07-27,Glued,550 (2038554-1),"N,E,Bundling,Co-Packing",14196 - CAN 1-C,Dig Ink Med Intensity,550 (2038554-1),55.0,2026-08-14,
365013,5035438,1,2026-08-14,200,40,55,1,10,1,3000,1.0,0,,Bundling,1500,1670.0,2505.0,1500.0,1650,18930,,,2026-08-14,0,2505.0,176081,2026-08-14,E,Flat Bed Die Cut Digital,Bundling,Nozomi Digital 1 Side Print,1,3,,4.0,8,1,0,26.1,36.02,0,40.0,"PORT_46777
13-11/16 x 17-1/16
FBDC, Glued, 
Nozomi Digital 1 Side Print 
E40 Coated White 1 Side",BCI,,0,,,1.0,0,0,0,True,0,Co-Packing - carton pack,Regular,False,0,0,E40 Coated White 1S,CRB,2026-07-27 14:37:20,,2080,False,0,0,,Bundling,,1,65,2080,12,0,GI,Dig Ink Med Intensity (100%),Victor,17.01,13.11,0.0,,1.0,550,False,2026-07-27,Glued,550 (2038554-1),"N,E,Bundling,Co-Packing",14196 - CAN 1-C,Dig Ink Med Intensity,550 (2038554-1),193.0,2026-08-14,40.0
365014,5035438,1,2026-08-14,300,50,193,1,0,1,0,1.0,0,,Pack & Protect D-1,1500,1670.0,2505.0,1500.0,1650,18930,,,2026-08-14,0,2505.0,176081,2026-08-14,E,Flat Bed Die Cut Digital,Co-Packing,Nozomi Digital 1 Side Print,1,3,,4.0,5,1,0,26.1,36.02,0,0.0,"PORT_46777
13-11/16 x 17-1/16
FBDC, Glued, 
Nozomi Digital 1 Side Print 
E40 Coated White 1 Side",BCI,,0,,,1.0,0,0,0,True,0,Co-Packing - carton pack,Regular,False,6,0,E40 Coated White 1S,CRB,2026-07-27 14:37:20,,2080,False,0,0,,CP,,1,65,2080,12,0,GI,Dig Ink Med Intensity (100%),Victor,17.01,13.11,0.0,,1.0,550,False,2026-07-27,Glued,550 (2038554-1),"N,E,Bundling,Co-Packing",14196 - CAN 1-C,Dig Ink Med Intensity,550 (2038554-1),,,
365287,5035447,1,2026-08-14,-300,1,234,0,0,0,0,1.0,0,,Corrugator,1000,7724.0,7724.0,900.0,1100,18597,,,2026-08-21,1,7724.0,187439,2026-08-21,B,Flat Bed Die Cut,,Nozomi Digital 1 Side Print,1,3,,2.0,0,1,0,37.1,59.02,0,0.0,"24 x 1 lb Turkey
17-13/16 x 56-7/8
FBDC, Glued, 20/Bundle
Nozomi Digital 1 Side Print 
B Flute 3",Healthy,,0,,,1.0,0,0,0,True,0,Co-Packing,Stock & Release,False,234,0,B32 Coated White 1S,OT,2026-07-28 12:35:34,,0,False,0,0,,,,1,65,0,12,0,GI,"Dig Ink Med Intensity (40%), Coated Digital (0%)",Smithville,56.14,17.13,0.0,,1.0,594,False,2026-07-27,Glued,594 (2038566-1),"N,E,BobstGluer,Co-Packing",13732 - C4 E,"Dig Ink Med Intensity
Coated Digital",594 (2038566-1),189.0,2026-08-05,
365290,5035447,1,2026-08-14,400,30,167,1,31,1,6500,1.0,0,,"Bobst Specialty Gluer 115""",1000,7724.0,7724.0,900.0,1100,18597,,,2026-08-21,1,7724.0,187439,2026-08-21,B,Flat Bed Die Cut,Bobst Gluer,Nozomi Digital 1 Side Print,1,3,,2.0,3,1,0,37.1,59.02,0,40.0,"24 x 1 lb Turkey
17-13/16 x 56-7/8
FBDC, Glued, 20/Bundle
Nozomi Digital 1 Side Print 
B Flute 3",Healthy,,0,,,1.0,0,0,0,True,0,Co-Packing,Stock & Release,False,6,0,B32 Coated White 1S,OT,2026-07-28 12:35:34,,0,False,0,0,,Bobst Gluer,,1,65,0,12,0,GI,"Dig Ink Med Intensity (40%), Coated Digital (0%)",Smithville,56.14,17.13,0.0,,1.0,594,False,2026-07-27,Glued,594 (2038566-1),"N,E,BobstGluer,Co-Packing",13732 - C4 E,"Dig Ink Med Intensity
Coated Digital",594 (2038566-1),193.0,2026-08-14,53.0
365291,5035447,1,2026-08-14,100,40,193,1,0,1,0,1.0,0,,Pack & Protect D-1,1000,7724.0,7724.0,900.0,1100,18597,,,2026-08-21,1,7724.0,187439,2026-08-21,B,Flat Bed Die Cut,Co-Packing,Nozomi Digital 1 Side Print,1,3,,2.0,5,1,0,37.1,59.02,0,0.0,"24 x 1 lb Turkey
17-13/16 x 56-7/8
FBDC, Glued, 20/Bundle
Nozomi Digital 1 Side Print 
B Flute 3",Healthy,,0,,,1.0,0,0,0,True,0,Co-Packing,Stock & Release,False,6,0,B32 Coated White 1S,OT,2026-07-28 12:35:34,,0,False,0,0,,CP,,1,65,0,12,0,GI,"Dig Ink Med Intensity (40%), Coated Digital (0%)",Smithville,56.14,17.13,0.0,,1.0,594,False,2026-07-27,Glued,594 (2038566-1),"N,E,BobstGluer,Co-Packing",13732 - C4 E,"Dig Ink Med Intensity
Coated Digital",594 (2038566-1),,,
367604,5035533,1,2026-08-14,300,20,189,1,20,1,2198,1.0,0,,Nozomi Digital Printer,3000,10680.0,32040.0,6000.0,3150,15318,,,2026-08-20,0,32040.0,194875,2026-08-20,E,Flat Bed Die Cut,N,Nozomi Digital 2 Sides Print,2,3,,1.0,3,1,0,30.14,49.13,3200,20.0,"Welcome Box - 
28-7/8 x 47-13/16
Cut, No Closure, 
Digital 2 Sides 
E Flute 32 ECT Kemi 2 Sides",Digital Impact,,5196,,,1.0,0,0,0,True,1,Pack & Protect A-2,Regular,False,1,0,E32 Coated White 2S,OT,2026-08-06 15:56:22,,0,False,0,0,,NAZ,,1,65,0,12,0,N,"Dig Ink Med Intensity (100%), Dig Ink Med Intensity (100%), Coated Digital (0%)",North Haven,47.13,28.14,0.0,,1.0,3200,False,2026-08-06,No Closure,3200 (2038672-1),"N,N,E",14937 -,"Dig Ink Med Intensity
Dig Ink Med Intensity
Coated Digital",3200 (2038672-1),189.0,2026-08-14,186.0
367604,5035533,1,2026-08-14,300,20,189,1,20,1,2198,1.0,0,,Nozomi Digital Printer,3000,10680.0,32040.0,6000.0,3150,15318,,,2026-08-20,0,32040.0,194875,2026-08-20,E,Flat Bed Die Cut,N,Nozomi Digital 2 Sides Print,2,3,,1.0,3,1,0,30.14,49.13,3200,20.0,"Welcome Box - 
28-7/8 x 47-13/16
Cut, No Closure, 
Digital 2 Sides 
E Flute 32 ECT Kemi 2 Sides",Digital Impact,,5196,,,1.0,0,0,0,True,1,Pack & Protect A-2,Regular,False,1,0,E32 Coated White 2S,OT,2026-08-06 15:56:22,,0,False,0,0,,NAZ,,1,65,0,12,0,N,"Dig Ink Med Intensity (100%), Dig Ink Med Intensity (100%), Coated Digital (0%)",North Haven,47.13,28.14,0.0,,1.0,3200,False,2026-08-06,No Closure,3200 (2038672-1),"N,N,E",14937 -,"Dig Ink Med Intensity
Dig Ink Med Intensity
Coated Digital",3200 (2038672-1),213.0,2026-08-19,186.0
367605,5035533,1,2026-08-19,500,30,213,1,25,1,2580,1.0,0,,Eterna,3000,10680.0,32040.0,3000.0,3150,15318,,,2026-08-20,0,32040.0,194875,2026-08-20,E,Flat Bed Die Cut,E,Nozomi Digital 2 Sides Print,2,3,,1.0,3,1,0,30.14,49.13,3200,95.0,"Welcome Box - 
28-7/8 x 47-13/16
Cut, No Closure, 
Digital 2 Sides 
E Flute 32 ECT Kemi 2 Sides",Digital Impact,,0,,,1.0,0,0,0,True,0,Pack & Protect A-2,Regular,False,3,0,E32 Coated White 2S,OT,2026-08-06 15:56:22,,0,False,0,0,,Eterna,,1,65,0,12,0,N,"Dig Ink Med Intensity (100%), Dig Ink Med Intensity (100%), Coated Digital (0%)",North Haven,47.13,28.14,0.0,,1.0,3200,False,2026-08-06,No Closure,3200 (2038672-1),"N,N,E",14937 -,"Dig Ink Med Intensity
Dig Ink Med Intensity
Coated Digital",3200 (2038672-1),238.0,2026-08-19,94.0
367606,5035533,1,2026-08-19,500,50,238,1,0,1,0,1.0,0,,Pack & Protect A-2,3000,10680.0,32040.0,3000.0,3150,15318,,,2026-08-20,0,32040.0,194875,2026-08-20,E,Flat Bed Die Cut,,Nozomi Digital 2 Sides Print,2,3,,1.0,5,1,0,30.14,49.13,3200,0.0,"Welcome Box - 
28-7/8 x 47-13/16
Cut, No Closure, 
Digital 2 Sides 
E Flute 32 ECT Kemi 2 Sides",Digital Impact,,0,,,1.0,0,0,0,True,0,Pack & Protect A-2,Regular,False,6,0,E32 Coated White 2S,OT,2026-08-06 15:56:22,,0,False,0,0,,,,1,65,0,12,0,N,"Dig Ink Med Intensity (100%), Dig Ink Med Intensity (100%), Coated Digital (0%)",North Haven,47.13,28.14,0.0,,1.0,3200,False,2026-08-06,No Closure,3200 (2038672-1),"N,N,E",14937 -,"Dig Ink Med Intensity
Dig Ink Med Intensity
Coated Digital",3200 (2038672-1),,,
367776,5035552,1,2026-08-17,350,10,69,1,33,1,2520,1.0,0,,Langston Saturn 50x110,2000,8007.0,16014.0,1800.0,2200,11818,,,2026-08-19,0,16014.0,105310,2026-08-19,C,Regular Slotted Carton,L,Plain,0,3,,1.0,3,1,0,19.08,59.02,2175,81.0,"19 x 9-1/2 x 9-1/2
RSC, Glued, 29C Kraft+WRA
Ext Glue 345/ Unit",Zarky's,,0,,,0.6,0,0,0,True,2,,Regular,False,1,0,C29 K,OT,2026-08-07 15:48:28,,0,False,0,0,175 C,Langston,,1,60,0,12,0,GI,,Hamilton,19.0,9.08,9.08,,1.0,2175,False,2026-08-07,Glued,2175 (2038706-1),L,,,2175 (2038706-1),,,90.0
337624,5032191,1,2026-08-28,500,1,234,0,0,0,0,1.0,0,,Corrugator,17500,3874.0,67795.0,15750.0,19250,12170,,,2026-09-02,0,67795.0,123498,2026-09-02,B,RDC - Rotary Die Cut,,Plain,0,3,,4.0,0,1,0,46.04,48.04,0,0.0,"D/C Insert - 23-5/8 x 22-5/8
23-5/8 x 22-5/8 (4 Up)
RDC Plain 32B ECT Kraft
1750/unit",Mitchell's,,0,,,1.0,0,0,0,True,0,,Regular,False,234,0,B32 K,OT,2026-03-20 14:01:37,,8750,False,0,0,200 B,,,1,63,8750,12,0,N,,Aylmer,23.1,22.1,0.0,,0.0,15208,False,2026-03-20,No Closure,15208 (2037254-1),,"12040 - 
12714 - MID NORTH
12884 - CAN 1 - A",,15208 (2037254-1),168.0,2026-08-31,
337624,5032191,1,2026-08-28,500,1,234,0,0,0,0,1.0,0,,Corrugator,17500,3874.0,67795.0,15750.0,19250,12170,,,2026-09-02,0,67795.0,123498,2026-09-02,B,RDC - Rotary Die Cut,,Plain,0,3,,4.0,0,1,0,46.04,48.04,0,0.0,"D/C Insert - 23-5/8 x 22-5/8
23-5/8 x 22-5/8 (4 Up)
RDC Plain 32B ECT Kraft
1750/unit",Mitchell's,,0,,,1.0,0,0,0,True,0,,Regular,False,234,0,B32 K,OT,2026-03-20 14:01:37,,8750,False,0,0,200 B,,,1,63,8750,12,0,N,,Aylmer,23.1,22.1,0.0,,0.0,15208,False,2026-03-20,No Closure,15208 (2037254-1),,"12040 - 
12714 - MID NORTH
12884 - CAN 1 - A",,15208 (2037254-1),168.0,2026-08-31,
337624,5032191,1,2026-08-28,500,1,234,0,0,0,0,1.0,0,,Corrugator,17500,3874.0,67795.0,15750.0,19250,12170,,,2026-09-02,0,67795.0,123498,2026-09-02,B,RDC - Rotary Die Cut,,Plain,0,3,,4.0,0,1,0,46.04,48.04,0,0.0,"D/C Insert - 23-5/8 x 22-5/8
23-5/8 x 22-5/8 (4 Up)
RDC Plain 32B ECT Kraft
1750/unit",Mitchell's,,0,,,1.0,0,0,0,True,0,,Regular,False,234,0,B32 K,OT,2026-03-20 14:01:37,,8750,False,0,0,200 B,,,1,63,8750,12,0,N,,Aylmer,23.1,22.1,0.0,,0.0,15208,False,2026-03-20,No Closure,15208 (2037254-1),,"12040 - 
12714 - MID NORTH
12884 - CAN 1 - A",,15208 (2037254-1),168.0,2026-08-31,
337625,5032191,1,2026-08-31,500,10,168,1,0,1,0,1.0,0,,Farm Out,17500,3874.0,67795.0,15750.0,19250,12170,,,2026-09-02,0,67795.0,123498,2026-09-02,B,RDC - Rotary Die Cut,,Plain,0,3,,4.0,7,1,0,46.04,48.04,0,0.0,"D/C Insert - 23-5/8 x 22-5/8
23-5/8 x 22-5/8 (4 Up)
RDC Plain 32B ECT Kraft
1750/unit",Mitchell's,,0,,,1.0,0,0,0,True,0,,Regular,False,4,0,B32 K,OT,2026-03-20 14:01:37,,8750,False,0,0,200 B,Farm Out,,1,63,8750,12,0,N,,Aylmer,23.1,22.1,0.0,,0.0,15208,False,2026-03-20,No Closure,15208 (2037254-1),,"12040 - 
12714 - MID NORTH
12884 - CAN 1 - A",,15208 (2037254-1),,,
337625,5032191,1,2026-08-31,500,10,168,1,0,1,0,1.0,0,,Farm Out,17500,3874.0,67795.0,15750.0,19250,12170,,,2026-09-02,0,67795.0,123498,2026-09-02,B,RDC - Rotary Die Cut,,Plain,0,3,,4.0,7,1,0,46.04,48.04,0,0.0,"D/C Insert - 23-5/8 x 22-5/8
23-5/8 x 22-5/8 (4 Up)
RDC Plain 32B ECT Kraft
1750/unit",Mitchell's,,0,,,1.0,0,0,0,True,0,,Regular,False,4,0,B32 K,OT,2026-03-20 14:01:37,,8750,False,0,0,200 B,Farm Out,,1,63,8750,12,0,N,,Aylmer,23.1,22.1,0.0,,0.0,15208,False,2026-03-20,No Closure,15208 (2037254-1),,"12040 - 
12714 - MID NORTH
12884 - CAN 1 - A",,15208 (2037254-1),,,
337625,5032191,1,2026-08-31,500,10,168,1,0,1,0,1.0,0,,Farm Out,17500,3874.0,67795.0,15750.0,19250,12170,,,2026-09-02,0,67795.0,123498,2026-09-02,B,RDC - Rotary Die Cut,,Plain,0,3,,4.0,7,1,0,46.04,48.04,0,0.0,"D/C Insert - 23-5/8 x 22-5/8
23-5/8 x 22-5/8 (4 Up)
RDC Plain 32B ECT Kraft
1750/unit",Mitchell's,,0,,,1.0,0,0,0,True,0,,Regular,False,4,0,B32 K,OT,2026-03-20 14:01:37,,8750,False,0,0,200 B,Farm Out,,1,63,8750,12,0,N,,Aylmer,23.1,22.1,0.0,,0.0,15208,False,2026-03-20,No Closure,15208 (2037254-1),,"12040 - 
12714 - MID NORTH
12884 - CAN 1 - A",,15208 (2037254-1),,,
337633,5032192,1,2026-10-02,500,1,234,0,0,0,0,1.0,0,,Corrugator,17500,3874.0,67795.0,15750.0,19250,12170,,,2026-10-07,0,67795.0,123498,2026-10-07,B,RDC - Rotary Die Cut,,Plain,0,3,,4.0,0,1,0,46.04,48.04,0,0.0,"D/C Insert - 23-5/8 x 22-5/8
23-5/8 x 22-5/8 (4 Up)
RDC Plain 32B ECT Kraft
1750/unit",Mitchell's,,0,,,1.0,0,0,0,True,0,,Regular,False,234,0,B32 K,CRB,2026-03-20 14:04:19,,0,False,0,0,200 B,,,1,63,0,12,0,N,,Aylmer,23.1,22.1,0.0,,1.0,4508,False,2026-03-20,No Closure,4508 (2037380-1),,"12040 - 
12714 - MID NORTH
12884 - CAN 1 - A",,4508 (2037380-1),168.0,2026-10-05,
337634,5032192,1,2026-10-05,500,10,168,1,0,1,0,1.0,0,,Farm Out,17500,3874.0,67795.0,15750.0,19250,12170,,,2026-10-07,0,67795.0,123498,2026-10-07,B,RDC - Rotary Die Cut,,Plain,0,3,,4.0,7,1,0,46.04,48.04,0,0.0,"D/C Insert - 23-5/8 x 22-5/8
23-5/8 x 22-5/8 (4 Up)
RDC Plain 32B ECT Kraft
1750/unit",Mitchell's,,0,,,1.0,0,0,0,True,0,,Regular,False,4,0,B32 K,CRB,2026-03-20 14:04:19,,0,False,0,0,200 B,Farm Out,,1,63,0,12,0,N,,Aylmer,23.1,22.1,0.0,,1.0,4508,False,2026-03-20,No Closure,4508 (2037380-1),,"12040 - 
12714 - MID NORTH
12884 - CAN 1 - A",,4508 (2037380-1),,,
337642,5032193,1,2026-10-30,500,1,234,0,0,0,0,1.0,0,,Corrugator,17500,3874.0,67795.0,15750.0,19250,12170,,,2026-11-04,0,67795.0,123498,2026-11-04,B,RDC - Rotary Die Cut,,Plain,0,3,,4.0,0,1,0,46.04,48.04,0,0.0,"D/C Insert - 23-5/8 x 22-5/8
23-5/8 x 22-5/8 (4 Up)
RDC Plain 32B ECT Kraft
1750/unit",Mitchell's,,0,,,1.0,0,0,0,True,0,,Regular,False,234,0,B32 K,CRB,2026-03-20 14:07:21,,0,False,0,0,200 B,,,1,63,0,12,0,N,,Aylmer,23.1,22.1,0.0,,1.0,4529,False,2026-03-20,No Closure,4529 (2037381-1),,"12040 - 
12714 - MID NORTH
12884 - CAN 1 - A",,4529 (2037381-1),168.0,2026-11-02,
337643,5032193,1,2026-11-02,500,10,168,1,0,1,0,1.0,0,,Farm Out,17500,3874.0,67795.0,15750.0,19250,12170,,,2026-11-04,0,67795.0,123498,2026-11-04,B,RDC - Rotary Die Cut,,Plain,0,3,,4.0,7,1,0,46.04,48.04,0,0.0,"D/C Insert - 23-5/8 x 22-5/8
23-5/8 x 22-5/8 (4 Up)
RDC Plain 32B ECT Kraft
1750/unit",Mitchell's,,0,,,1.0,0,0,0,True,0,,Regular,False,4,0,B32 K,CRB,2026-03-20 14:07:21,,0,False,0,0,200 B,Farm Out,,1,63,0,12,0,N,,Aylmer,23.1,22.1,0.0,,1.0,4529,False,2026-03-20,No Closure,4529 (2037381-1),,"12040 - 
12714 - MID NORTH
12884 - CAN 1 - A",,4529 (2037381-1),,,
337651,5032194,1,2026-11-27,500,1,234,0,0,0,0,1.0,0,,Corrugator,17500,3874.0,67795.0,15750.0,19250,12170,,,2026-12-02,0,67795.0,123498,2026-12-02,B,RDC - Rotary Die Cut,,Plain,0,3,,4.0,0,1,0,46.04,48.04,0,0.0,"D/C Insert - 23-5/8 x 22-5/8
23-5/8 x 22-5/8 (4 Up)
RDC Plain 32B ECT Kraft
1750/unit",Mitchell's,,0,,,1.0,0,0,0,True,0,,Regular,False,234,0,B32 K,CRB,2026-03-20 14:09:25,,0,False,0,0,200 B,,,1,63,0,12,0,N,,Aylmer,23.1,22.1,0.0,,1.0,4840,False,2026-03-20,No Closure,4840 (2038514-1),,"12040 - 
12714 - MID NORTH
12884 - CAN 1 - A",,"4840 (2038514-1)
500 Woodward",168.0,2026-11-30,
337652,5032194,1,2026-11-30,500,10,168,1,0,1,0,1.0,0,,Farm Out,17500,3874.0,67795.0,15750.0,19250,12170,,,2026-12-02,0,67795.0,123498,2026-12-02,B,RDC - Rotary Die Cut,,Plain,0,3,,4.0,7,1,0,46.04,48.04,0,0.0,"D/C Insert - 23-5/8 x 22-5/8
23-5/8 x 22-5/8 (4 Up)
RDC Plain 32B ECT Kraft
1750/unit",Mitchell's,,0,,,1.0,0,0,0,True,0,,Regular,False,4,0,B32 K,CRB,2026-03-20 14:09:25,,0,False,0,0,200 B,Farm Out,,1,63,0,12,0,N,,Aylmer,23.1,22.1,0.0,,1.0,4840,False,2026-03-20,No Closure,4840 (2038514-1),,"12040 - 
12714 - MID NORTH
12884 - CAN 1 - A",,"4840 (2038514-1)
500 Woodward",,,
337660,5032195,1,2027-01-01,500,1,234,0,0,0,0,1.0,0,,Corrugator,17500,3874.0,67795.0,15750.0,19250,12170,,,2027-01-06,0,67795.0,123498,2027-01-06,B,RDC - Rotary Die Cut,,Plain,0,3,,4.0,0,1,0,46.04,48.04,0,0.0,"D/C Insert - 23-5/8 x 22-5/8
23-5/8 x 22-5/8 (4 Up)
RDC Plain 32B ECT Kraft
1750/unit",Mitchell's,,0,,,1.0,0,0,0,True,0,,Regular,False,234,0,B32 K,CRB,2026-03-20 14:11:41,,0,False,0,0,200 B,,,1,63,0,12,0,N,,Aylmer,23.1,22.1,0.0,,1.0,5500,False,2026-03-20,No Closure,5500 (2038594-1),,"12040 - 
12714 - MID NORTH
12884 - CAN 1 - A",,5500 (2038594-1),168.0,2027-01-04,
337661,5032195,1,2027-01-04,500,10,168,1,0,1,0,1.0,0,,Farm Out,17500,3874.0,67795.0,15750.0,19250,12170,,,2027-01-06,0,67795.0,123498,2027-01-06,B,RDC - Rotary Die Cut,,Plain,0,3,,4.0,7,1,0,46.04,48.04,0,0.0,"D/C Insert - 23-5/8 x 22-5/8
23-5/8 x 22-5/8 (4 Up)
RDC Plain 32B ECT Kraft
1750/unit",Mitchell's,,0,,,1.0,0,0,0,True,0,,Regular,False,4,0,B32 K,CRB,2026-03-20 14:11:41,,0,False,0,0,200 B,Farm Out,,1,63,0,12,0,N,,Aylmer,23.1,22.1,0.0,,1.0,5500,False,2026-03-20,No Closure,5500 (2038594-1),,"12040 - 
12714 - MID NORTH
12884 - CAN 1 - A",,5500 (2038594-1),,,
365095,5034185,1,2026-08-28,100,10,213,1,25,1,16800,1.0,0,,Eterna,1000,2766.0,2766.0,900.0,1100,19212,,,2026-09-15,0,2766.0,131242,2026-09-15,B,Flat Bed Die Cut,E,Plain,0,3,,4.0,3,1,0,38.08,41.06,0,29.0,"GO7 - 8.02 x 6.06 x 2.05
Outside Tuck Mailer
RDC, Plain 32B Kraft
1000/unit

** Make and Ship",URtech,,0,,,1.0,0,0,0,True,0,,Regular,False,3,0,B32 K,CRB,2026-07-07 07:18:16,,0,False,0,0,200 B,Eterna,,1,63,0,12,0,N,,Burlington,20.03,19.03,0.0,,1.0,326,False,2026-07-07,No Closure,326 (2038569-1),E,"12509 - 
13685 - CAN 3-I",,326 (2038569-1),,,61.0
360200,5034222,1,2026-08-14,-1400,1,234,0,0,0,0,1.0,0,,Corrugator,1500,5412.0,8118.0,1350.0,1650,10001,,,2026-07-22,1,8118.0,141972,2026-07-22,C,Regular Slotted Carton,,Plain,0,3,,1.0,0,1,0,18.08,42.02,1497,0.0,"W101008
10 x 10 x 8
32C Kraft RSC 25/500",Moyy|WB,,0,,,1.0,10,0,0,True,0,,Stock & Release,False,234,0,C32 K,OT,2026-07-09 16:19:17,,1500,False,0,0,200 C,,,1,60,1500,12,0,GI,,Hamilton,10.0,10.0,8.0,,1.0,1623,False,2026-07-09,Glued,1623 (2037290-1),L,,,1623 (2037290-1),69.0,2026-07-21,
366712,5035478,1,2026-08-14,200,1,234,0,0,0,0,1.0,0,,Corrugator,1000,4827.0,4827.0,900.0,1100,10001,,,2026-08-21,1,4827.0,158843,2026-08-21,C,Regular Slotted Carton,,Plain,0,3,,1.0,0,1,0,16.08,42.02,1175,0.0,"W120808
12 x 8 x 8
32C Kraft RSC 750/sk",Moyy|WB,,0,,,1.0,10,0,0,True,0,,Stock & Release,False,234,0,C32 K,OT,2026-07-30 13:26:34,,1175,False,0,0,200 C,,,1,60,1175,12,0,GI,,Hamilton,12.0,8.0,8.0,,1.0,1191,False,2026-07-30,Glued,1191 (2038628-1),L,,,"1191 (2038628-1)
2052",69.0,2026-08-14,
365197,5035445,1,2026-08-14,0,1,234,0,0,0,0,1.0,0,,Corrugator,1000,6620.0,6620.0,900.0,1100,18597,,,2026-08-21,1,6620.0,164617,2026-08-21,B,Flat Bed Die Cut,,Nozomi Digital 1 Side Print,1,3,,2.0,0,1,0,32.05,59.0,0,0.0,"16 x 1 lb Big Box Beef box
15-3/16 x 57
FBDC, Glued, 20/Bundle
Nozomi Digital 1 Side Print 
B Fl",Healthy,,0,,,1.0,0,0,0,True,0,,Stock & Release,False,234,0,B32 Coated White 1S,OT,2026-07-28 11:32:19,,0,False,0,0,,,,1,65,0,12,0,GI,"Dig Ink Med Intensity (40%), Coated Digital (0%)",Smithville,57.0,15.03,0.0,,1.0,558,False,2026-07-27,Glued,558 (2038564-1),"N,E,BobstGluer",13750 - C4 E,"Dig Ink Med Intensity
Coated Digital",558 (2038564-1),189.0,2026-08-12,
365199,5035445,1,2026-08-17,500,20,213,1,25,1,7000,1.0,0,,Eterna,1000,6620.0,6620.0,900.0,1100,18597,,,2026-08-21,1,6620.0,164617,2026-08-21,B,Flat Bed Die Cut,E,Nozomi Digital 1 Side Print,1,3,,2.0,3,1,0,32.05,59.0,0,34.0,"16 x 1 lb Big Box Beef box
15-3/16 x 57
FBDC, Glued, 20/Bundle
Nozomi Digital 1 Side Print 
B Fl",Healthy,,0,,,1.0,0,0,0,True,0,,Stock & Release,False,3,0,B32 Coated White 1S,OT,2026-07-28 11:32:19,,0,False,0,0,,Eterna,,1,65,0,12,0,GI,"Dig Ink Med Intensity (40%), Coated Digital (0%)",Smithville,57.0,15.03,0.0,,1.0,558,False,2026-07-27,Glued,558 (2038564-1),"N,E,BobstGluer",13750 - C4 E,"Dig Ink Med Intensity
Coated Digital",558 (2038564-1),167.0,2026-08-14,113.0
365200,5035445,1,2026-08-14,500,30,167,1,31,1,6500,1.0,0,,"Bobst Specialty Gluer 115""",1000,6620.0,6620.0,900.0,1100,18597,,,2026-08-21,1,6620.0,164617,2026-08-21,B,Flat Bed Die Cut,Bobst Gluer,Nozomi Digital 1 Side Print,1,3,,2.0,3,1,0,32.05,59.0,0,40.0,"16 x 1 lb Big Box Beef box
15-3/16 x 57
FBDC, Glued, 20/Bundle
Nozomi Digital 1 Side Print 
B Fl",Healthy,,0,,,1.0,0,0,0,True,0,,Stock & Release,False,6,0,B32 Coated White 1S,OT,2026-07-28 11:32:19,,0,False,0,0,,Bobst Gluer,,1,65,0,12,0,GI,"Dig Ink Med Intensity (40%), Coated Digital (0%)",Smithville,57.0,15.03,0.0,,1.0,558,False,2026-07-27,Glued,558 (2038564-1),"N,E,BobstGluer",13750 - C4 E,"Dig Ink Med Intensity
Coated Digital",558 (2038564-1),,,62.0
365163,5035439,1,2026-08-14,-300,1,234,0,0,0,0,1.0,0,,Corrugator,1680,2065.0,3469.2,1512.0,1848,18597,,,2026-08-10,1,3469.2,167109,2026-08-10,B,Flat Bed Die Cut,,Nozomi Digital 1 Side Print,1,3,,4.0,0,1,0,36.14,32.04,0,0.0,"12x100g Dog Beef
8-1/2 x 29-15/16
FBDC, Glued, 20/Bundle
Nozomi Digital 1 Side Print 
B Flute 32",Healthy,,0,,,1.0,0,0,0,True,0,,Stock & Release,False,234,0,B32 Coated White 1S,OT,2026-07-28 11:01:35,,0,False,0,0,,,,1,62,0,12,0,GI,"Dig Ink Med Intensity (40%), Coated Digital (0%)",Smithville,8.08,29.15,0.0,,1.0,540,False,2026-07-27,Glued,540 (2038555-1),"N,E",13731 - C4F,"Dig Ink Med Intensity
Coated Digital",540 (2038555-1),189.0,2026-08-05,
365166,5035439,1,2026-08-14,0,30,236,1,0,1,0,1.0,0,,Boxxer - James - co-packing,1680,2065.0,3469.2,1512.0,1848,18597,,,2026-08-10,1,3469.2,167109,2026-08-10,B,Flat Bed Die Cut,,Nozomi Digital 1 Side Print,1,3,,4.0,0,1,0,36.14,32.04,0,0.0,"12x100g Dog Beef
8-1/2 x 29-15/16
FBDC, Glued, 20/Bundle
Nozomi Digital 1 Side Print 
B Flute 32",Healthy,,0,,,1.0,0,0,0,True,0,,Stock & Release,False,0,0,B32 Coated White 1S,OT,2026-07-28 11:01:35,,0,False,0,0,,,,1,62,0,12,0,GI,"Dig Ink Med Intensity (40%), Coated Digital (0%)",Smithville,8.08,29.15,0.0,,1.0,540,False,2026-07-27,Glued,540 (2038555-1),"N,E",13731 - C4F,"Dig Ink Med Intensity
Coated Digital",540 (2038555-1),,,
364328,5035366,1,2026-08-14,-700,1,234,0,0,0,0,1.0,0,,Corrugator,900,2065.0,1858.5,810.0,990,18597,,,2026-08-04,1,1858.5,167335,2026-08-04,B,Flat Bed Die Cut,,Nozomi Digital 1 Side Print,1,3,,4.0,0,1,0,36.14,32.04,0,0.0,"12x100g Dog Duck
8-1/2 x 29-15/16
FBDC, Glued, 20/Bundle
Nozomi Digital 1 Side Print 
B Flute 32",Healthy,,0,,,1.0,0,0,0,True,0,,Stock & Release,False,234,0,B32 Coated White 1S,OT,2026-07-22 11:10:59,,960,False,0,0,,,,1,62,960,12,0,GI,"Dig Ink Med Intensity (40%), Coated Digital (0%)",Smithville,8.08,29.15,0.0,,0.0,1082,False,2026-07-21,Glued,1082 (2038475-1),"N,E",13731 - C4F,"Dig Ink Med Intensity
Coated Digital",1082 (2038475-1),189.0,2026-07-30,
364331,5035366,1,2026-08-14,-400,30,236,1,0,1,0,1.0,0,,Boxxer - James - co-packing,900,2065.0,1858.5,810.0,990,18597,,,2026-08-04,1,1858.5,167335,2026-08-04,B,Flat Bed Die Cut,,Nozomi Digital 1 Side Print,1,3,,4.0,0,1,0,36.14,32.04,0,0.0,"12x100g Dog Duck
8-1/2 x 29-15/16
FBDC, Glued, 20/Bundle
Nozomi Digital 1 Side Print 
B Flute 32",Healthy,,0,,,1.0,0,0,0,True,0,,Stock & Release,False,0,0,B32 Coated White 1S,OT,2026-07-22 11:10:59,,960,False,0,0,,,,1,62,960,12,0,GI,"Dig Ink Med Intensity (40%), Coated Digital (0%)",Smithville,8.08,29.15,0.0,,0.0,1082,False,2026-07-21,Glued,1082 (2038475-1),"N,E",13731 - C4F,"Dig Ink Med Intensity
Coated Digital",1082 (2038475-1),,,
365263,5035446,1,2026-08-14,-300,1,234,0,0,0,0,1.0,0,,Corrugator,800,6620.0,5296.0,720.0,880,18597,,,2026-08-21,1,5296.0,167343,2026-08-21,B,Flat Bed Die Cut,,Nozomi Digital 1 Side Print,1,3,,2.0,0,1,0,32.05,59.0,0,0.0,"16 x 1 lb Big Box Salmon box
15-3/16 x 57
FBDC, Glued, 20/Bundle
Nozomi Digital 1 Side Print 
B",Healthy,,0,,,1.0,0,0,0,True,0,,Stock & Release,False,234,0,B32 Coated White 1S,OT,2026-07-28 12:33:11,,0,False,0,0,,,,1,65,0,12,0,GI,"Dig Ink Med Intensity (40%), Coated Digital (0%)",Smithville,57.0,15.03,0.0,,1.0,488,False,2026-07-27,Glued,488 (2038565-1),"N,E,BobstGluer",13750 - C4 E,"Dig Ink Med Intensity
Coated Digital",488 (2038565-1),189.0,2026-08-05,
365266,5035446,1,2026-08-14,400,30,167,1,31,1,6500,1.0,0,,"Bobst Specialty Gluer 115""",800,6620.0,5296.0,720.0,880,18597,,,2026-08-21,1,5296.0,167343,2026-08-21,B,Flat Bed Die Cut,Bobst Gluer,Nozomi Digital 1 Side Print,1,3,,2.0,3,1,0,32.05,59.0,0,38.0,"16 x 1 lb Big Box Salmon box
15-3/16 x 57
FBDC, Glued, 20/Bundle
Nozomi Digital 1 Side Print 
B",Healthy,,0,,,1.0,0,0,0,True,0,,Stock & Release,False,6,0,B32 Coated White 1S,OT,2026-07-28 12:33:11,,0,False,0,0,,Bobst Gluer,,1,65,0,12,0,GI,"Dig Ink Med Intensity (40%), Coated Digital (0%)",Smithville,57.0,15.03,0.0,,1.0,488,False,2026-07-27,Glued,488 (2038565-1),"N,E,BobstGluer",13750 - C4 E,"Dig Ink Med Intensity
Coated Digital",488 (2038565-1),,,87.0
366309,5035477,1,2026-08-14,200,1,234,0,0,0,0,1.0,0,,Corrugator,3000,2680.0,8040.0,3000.0,3300,14304,,,2026-08-17,0,8040.0,170026,2026-08-17,E,Flat Bed Die Cut,,Nozomi Digital 1 Side Print,1,3,,4.0,0,1,0,36.0,42.14,3300,0.0,"NP 3PK-20-2708
5-1/4 x 6 x 2-3/4
FBDC, No Closure, 
Nozomi Digital 1 Side Print 
E32 Oyster 1S",Innovative,,0,,,1.0,0,0,0,True,0,,Regular,False,234,0,E32 OY,CRB,2026-07-30 07:04:27,,3300,False,0,0,200 E Oys,,,1,65,3300,12,0,N,"Dig Ink Med Intensity (100%), Non-Coated Digital (0%)",Kenmore,5.04,6.0,2.12,,1.0,9936,False,2026-07-30,No Closure,9936 (2038623-1),"N,E,PP",14025 - ETERNA C2-B,"Dig Ink Med Intensity
Non-Coated Digital",9936 (2038623-1),189.0,2026-08-06,
366312,5035477,1,2026-08-14,500,30,237,1,0,1,0,1.0,0,,Pack & Protect A-1,3000,2680.0,8040.0,3000.0,3300,14304,,,2026-08-17,0,8040.0,170026,2026-08-17,E,Flat Bed Die Cut,PP,Nozomi Digital 1 Side Print,1,3,,4.0,5,1,0,36.0,42.14,3300,0.0,"NP 3PK-20-2708
5-1/4 x 6 x 2-3/4
FBDC, No Closure, 
Nozomi Digital 1 Side Print 
E32 Oyster 1S",Innovative,,0,,,1.0,0,0,0,True,0,,Regular,False,6,0,E32 OY,CRB,2026-07-30 07:04:27,,3300,False,0,0,200 E Oys,,,1,65,3300,12,0,N,"Dig Ink Med Intensity (100%), Non-Coated Digital (0%)",Kenmore,5.04,6.0,2.12,,1.0,9936,False,2026-07-30,No Closure,9936 (2038623-1),"N,E,PP",14025 - ETERNA C2-B,"Dig Ink Med Intensity
Non-Coated Digital",9936 (2038623-1),,,
365547,5035448,1,2026-08-14,-200,1,234,0,0,0,0,1.0,0,,Corrugator,840,7314.0,6143.76,756.0,924,18597,,,2026-08-21,1,6143.76,176236,2026-08-21,B,Flat Bed Die Cut,,Nozomi Digital 1 Side Print,1,3,,2.0,0,1,0,35.1,59.02,0,0.0,"24 x 1 lb Variety box - NEW SIZE
17-3/8  x 10-1/4 x 5-3/4
FBDC, Glued, 20/Bundle
Nozomi Digital 1",Healthy,,0,,,1.0,0,0,0,True,0,,Stock & Release,False,234,0,B32 Coated White 1S,OT,2026-07-28 12:40:24,,0,False,0,0,,,,1,65,0,12,0,GI,"Dig Ink Med Intensity (40%), Coated Digital (0%)",Smithville,57.02,16.09,0.0,,1.0,758,False,2026-07-27,Glued,758 (2038567-1),"N,E,BobstGluer",14129 - CAN 1-G,"Dig Ink Med Intensity
Coated Digital",758 (2038567-1),189.0,2026-08-05,
365550,5035448,1,2026-08-14,500,30,167,1,31,1,6500,1.0,0,,"Bobst Specialty Gluer 115""",840,7314.0,6143.76,756.0,924,18597,,,2026-08-21,1,6143.76,176236,2026-08-21,B,Flat Bed Die Cut,Bobst Gluer,Nozomi Digital 1 Side Print,1,3,,2.0,3,1,0,35.1,59.02,0,39.0,"24 x 1 lb Variety box - NEW SIZE
17-3/8  x 10-1/4 x 5-3/4
FBDC, Glued, 20/Bundle
Nozomi Digital 1",Healthy,,0,,,1.0,0,0,0,True,0,,Stock & Release,False,6,0,B32 Coated White 1S,OT,2026-07-28 12:40:24,,0,False,0,0,,Bobst Gluer,,1,65,0,12,0,GI,"Dig Ink Med Intensity (40%), Coated Digital (0%)",Smithville,57.02,16.09,0.0,,1.0,758,False,2026-07-27,Glued,758 (2038567-1),"N,E,BobstGluer",14129 - CAN 1-G,"Dig Ink Med Intensity
Coated Digital",758 (2038567-1),,,55.0
366632,5035499,5,2026-08-20,500,1,234,0,0,0,0,1.0,0,,Corrugator,6000,3850.0,23100.0,6000.0,6300,18970,,,2026-08-13,0,23100.0,184425,2026-08-13,B,RDC - Rotary Die Cut,,Flexo 3 Colour Printing,3,3,,2.0,0,1,0,31.02,35.1,0,0.0,"Upside IPA 355/473ml X 24 
2 Side Roll Over 24Pk
3 Col Flexo 
40B Oyster +WRA
1000/ Pallet",Wellington,,0,,,1.0,0,0,0,True,0,,Regular,False,234,0,B40 OY,OT,2026-07-31 12:15:57,,0,False,0,0,200 O/TBOy,,,1,64,0,12,0,N,"GCMI 90 BLACK AU (10%), PMS 716C Orange (10%), PMS 7732 C GREEN (70%)",Guelph,15.12,10.09,3.0,,1.0,12057,False,2026-07-31,No Closure,12057 (2038638-1),R,"14286 - G-4
14498 - RACK C","GCMI 90 BLACK AU
PMS 716C Orange
PMS 7732 C GREEN",12057 (2038638-1),166.0,2026-08-14,
366633,5035499,5,2026-08-14,10,10,166,4,133,1,4800,1.0,0,,United Rotary 66x113 4 Colour,6000,3850.0,23100.0,6000.0,6300,18970,,,2026-08-13,0,23100.0,184425,2026-08-13,B,RDC - Rotary Die Cut,R,Flexo 3 Colour Printing,3,3,,2.0,3,1,0,31.02,35.1,0,607.0,"Upside IPA 355/473ml X 24 
2 Side Roll Over 24Pk
3 Col Flexo 
40B Oyster +WRA
1000/ Pallet",Wellington,,0,,,1.0,0,0,0,True,2,,Regular,False,2,0,B40 OY,OT,2026-07-31 12:15:57,,0,False,0,0,200 O/TBOy,Prospect Rotary,,1,64,0,12,0,N,"GCMI 90 BLACK AU (10%), PMS 716C Orange (10%), PMS 7732 C GREEN (70%)",Guelph,15.12,10.09,3.0,,1.0,12057,False,2026-07-31,No Closure,12057 (2038638-1),R,"14286 - G-4
14498 - RACK C","GCMI 90 BLACK AU
PMS 716C Orange
PMS 7732 C GREEN",12057 (2038638-1),,,286.0
366127,5035475,1,2026-08-19,500,1,234,0,0,0,0,1.0,0,,Corrugator,1500,7120.0,10680.0,1500.0,1650,10015,,,2026-08-25,0,10680.0,185397,2026-08-25,B,RDC - Rotary Die Cut,,Nozomi Digital 1 Side Print,1,3,,1.0,0,1,0,27.04,37.1,0,0.0,"20 x 1 Weldcote Digital
8-5/16 x 8-5/16 x 9-1/2
RDC Carton - Glued In
32 B Oyster 1 side
Digital",Nexal,,0,,,1.0,5,0,0,True,0,,Regular,False,234,0,B32 OY,CRB,2026-07-29 16:23:42,,0,False,0,0,200 B Oys,,,1,65,0,12,0,GI,Dig Ink Med Intensity (40%),MISSISSAUGA,8.05,8.05,9.08,,1.0,1784,False,2026-07-29,Glued,1784 (2038624-1),"N,R",13682 - O-7,Dig Ink Med Intensity,1784 (2038624-1),189.0,2026-08-12,
366129,5035475,1,2026-08-17,200,20,166,1,33,1,2400,1.0,0,,United Rotary 66x113 4 Colour,1500,7120.0,10680.0,1500.0,1650,10015,,,2026-08-25,0,10680.0,185397,2026-08-25,B,RDC - Rotary Die Cut,R,Nozomi Digital 1 Side Print,1,3,,1.0,3,1,0,27.04,37.1,0,71.0,"20 x 1 Weldcote Digital
8-5/16 x 8-5/16 x 9-1/2
RDC Carton - Glued In
32 B Oyster 1 side
Digital",Nexal,,0,,,1.0,5,0,0,True,2,,Regular,False,2,0,B32 OY,CRB,2026-07-29 16:23:42,,0,False,0,0,200 B Oys,Prospect Rotary,,1,65,0,12,0,GI,Dig Ink Med Intensity (40%),MISSISSAUGA,8.05,8.05,9.08,,1.0,1784,False,2026-07-29,Glued,1784 (2038624-1),"N,R",13682 - O-7,Dig Ink Med Intensity,1784 (2038624-1),236.0,2026-08-24,98.0
366130,5035475,1,2026-08-24,500,30,236,1,0,1,0,1.0,0,,Boxxer - James - co-packing,1500,7120.0,10680.0,1500.0,1650,10015,,,2026-08-25,0,10680.0,185397,2026-08-25,B,RDC - Rotary Die Cut,,Nozomi Digital 1 Side Print,1,3,,1.0,0,1,0,27.04,37.1,0,0.0,"20 x 1 Weldcote Digital
8-5/16 x 8-5/16 x 9-1/2
RDC Carton - Glued In
32 B Oyster 1 side
Digital",Nexal,,0,,,1.0,5,0,0,True,0,,Regular,False,0,0,B32 OY,CRB,2026-07-29 16:23:42,,0,False,0,0,200 B Oys,,,1,65,0,12,0,GI,Dig Ink Med Intensity (40%),MISSISSAUGA,8.05,8.05,9.08,,1.0,1784,False,2026-07-29,Glued,1784 (2038624-1),"N,R",13682 - O-7,Dig Ink Med Intensity,1784 (2038624-1),,,
364551,5035401,1,2026-08-14,-500,1,234,0,0,0,0,1.0,0,,Corrugator,5175,8898.0,46047.15,4658.0,5693,13343,,,2026-08-07,0,46047.15,185537,2026-08-07,C,Regular Slotted Carton,,Plain,0,3,,1.0,0,1,0,20.1,62.02,5458,0.0,"20 x 10 x 10
RSC, Glued, Plain 
40C Kraft
345/unit",Ontario Gleaners,,0,,,1.0,0,0,0,True,0,,Regular,False,234,0,C40 K,OT,2026-07-23 14:38:29,,5505,False,0,0,200 O/T C,,,1,60,5505,12,0,GI,,Cambridge,20.0,10.0,10.0,,1.0,5580,False,2026-07-23,Glued,5580 (2038515-1),L,,,"5580 (2038515-1)
500 Woodward",69.0,2026-07-30,
364492,5035396,1,2026-08-14,-500,1,234,0,0,0,0,1.0,0,,Corrugator,3000,10549.0,31647.0,2700.0,3300,19088,,,2026-08-05,0,31647.0,186170,2026-08-05,C,Regular Slotted Carton,,Plain,0,3,,1.0,0,1,0,24.1,61.11,3360,0.0,"17 3/4 x 12 x 12 - Plain
RSC, Glued, Plain C Flute 40 ECT Kraft WRA Single Wall
250/unit",Momentum,,0,,,1.0,0,0,0,True,0,,Regular,False,234,0,C40 K,OT,2026-07-23 12:20:47,,3360,False,0,0,200 O/T C,,,1,60,3360,12,0,GI,,St. Thomas,17.12,12.0,12.0,,1.0,3459,False,2026-07-23,Glued,3459 (2038500-1),L,,,3459 (2038500-1),69.0,2026-07-29,
361478,5034282,1,2026-08-24,500,1,256,0,0,0,0,1.0,0,,Interpac Corrugator,14400,11859.0,170769.6,12960.0,15120,18578,,,2026-08-28,0,170769.6,188950,2026-08-28,C,Regular Slotted Carton,,Plain,0,3,,1.0,1,1,0,22.04,76.12,0,0.0,"PK-000046 
22-1/2 x 14-13/16 x 7-1/4
RSC, Glued, PLAIN 
C Flute 32 ECT Kraft
Extended Glue Lug",Grisson,,0,,,1.0,0,0,0,True,0,,Regular,False,0,0,C32 K,CRB,2026-07-15 11:00:58,,0,False,0,0,200 C,,,1,61,0,12,0,GI,,Brantford,22.08,14.13,7.04,,1.0,14400,False,2026-07-15,Glued,14400 (2037413-1),L,,,14400 (2037413-1),69.0,2026-08-26,499.0
361479,5034282,1,2026-08-26,500,10,69,1,40,1,2520,1.0,0,,Langston Saturn 50x110,14400,11859.0,170769.6,12960.0,15120,18578,,,2026-08-28,0,170769.6,188950,2026-08-28,C,Regular Slotted Carton,L,Plain,0,3,,1.0,3,1,0,22.04,76.12,0,383.0,"PK-000046 
22-1/2 x 14-13/16 x 7-1/4
RSC, Glued, PLAIN 
C Flute 32 ECT Kraft
Extended Glue Lug",Grisson,,0,,,0.6,0,0,0,True,2,,Regular,False,1,0,C32 K,CRB,2026-07-15 11:00:58,,0,False,0,0,200 C,Langston,,1,61,0,12,0,GI,,Brantford,22.08,14.13,7.04,,1.0,14400,False,2026-07-15,Glued,14400 (2037413-1),L,,,14400 (2037413-1),,,536.0
360625,5034244,1,2026-08-14,200,1,234,0,0,0,0,1.0,0,,Corrugator,14400,11859.0,170769.6,12960.0,15120,18578,,,2026-08-14,0,170769.6,188950,2026-08-14,C,Regular Slotted Carton,,Plain,0,3,,1.0,0,1,0,22.04,76.12,14793,0.0,"PK-000046 
22-1/2 x 14-13/16 x 7-1/4
RSC, Glued, PLAIN 
C Flute 32 ECT Kraft
Extended Glue Lug",Grisson,,0,,,1.0,0,0,0,True,0,,Regular,False,234,0,C32 K,CRB,2026-07-13 09:28:25,,14793,False,0,0,200 C,,,1,61,14793,12,0,GI,,Brantford,22.08,14.13,7.04,,1.0,15113,False,2026-07-13,Glued,15113 (2038652-1),L,,,15113 (2038652-1),69.0,2026-08-13,
360625,5034244,1,2026-08-14,200,1,234,0,0,0,0,1.0,0,,Corrugator,14400,11859.0,170769.6,12960.0,15120,18578,,,2026-08-14,0,170769.6,188950,2026-08-14,C,Regular Slotted Carton,,Plain,0,3,,1.0,0,1,0,22.04,76.12,14793,0.0,"PK-000046 
22-1/2 x 14-13/16 x 7-1/4
RSC, Glued, PLAIN 
C Flute 32 ECT Kraft
Extended Glue Lug",Grisson,,0,,,1.0,0,0,0,True,0,,Regular,False,234,0,C32 K,CRB,2026-07-13 09:28:25,,14793,False,0,0,200 C,,,1,61,14793,12,0,GI,,Brantford,22.08,14.13,7.04,,1.0,15113,False,2026-07-13,Glued,15113 (2038652-1),L,,,15113 (2038652-1),69.0,2026-08-13,
365806,5035455,4,2026-08-14,500,1,234,0,0,0,0,1.0,0,,Corrugator,2000,6624.0,13248.0,2000.0,2200,12853,,,2026-08-21,0,13248.0,190835,2026-08-21,C,Regular Slotted Carton,,Nozomi Digital 1 Side Print,1,3,,2.0,0,1,0,36.04,52.1,0,0.0,"24LB - CNBSP24
14 x 11-1/4 x 6-3/8 (2 Up)
RSC, Glued, 
Digital Print C Flute 
44 ECT Kraft WRA S",Iron,,0,,,1.0,0,0,0,True,0,,Regular,False,234,0,C44 K,CRB,2026-07-28 12:47:26,,0,False,0,0,275 C,,,1,65,0,12,0,GI,"Dig Ink Low Intensity (40%), Non-Coated Digital (0%)",St. Catharines,14.0,11.04,6.06,,1.0,6050,False,2026-07-28,Glued,6050 (2038639-1),"N,Slitter,L",13864 - LANGSTON,"Dig Ink Low Intensity
Non-Coated Digital",6050 (2038639-1),189.0,2026-08-11,
365806,5035455,4,2026-08-14,500,1,234,0,0,0,0,1.0,0,,Corrugator,2000,6624.0,13248.0,2000.0,2200,12853,,,2026-08-21,0,13248.0,190835,2026-08-21,C,Regular Slotted Carton,,Nozomi Digital 1 Side Print,1,3,,2.0,0,1,0,36.04,52.1,0,0.0,"24LB - CNBSP24
14 x 11-1/4 x 6-3/8 (2 Up)
RSC, Glued, 
Digital Print C Flute 
44 ECT Kraft WRA S",Iron,,0,,,1.0,0,0,0,True,0,,Regular,False,234,0,C44 K,CRB,2026-07-28 12:47:26,,0,False,0,0,275 C,,,1,65,0,12,0,GI,"Dig Ink Low Intensity (40%), Non-Coated Digital (0%)",St. Catharines,14.0,11.04,6.06,,1.0,6050,False,2026-07-28,Glued,6050 (2038639-1),"N,Slitter,L",13864 - LANGSTON,"Dig Ink Low Intensity
Non-Coated Digital","6050 (2038639-1)
2052",189.0,2026-08-11,
365808,5035455,4,2026-08-18,500,15,1,1,15,1,3000,1.0,0,,"Slitter 90""",2000,6624.0,13248.0,2000.0,2200,12853,,,2026-08-21,0,13248.0,190835,2026-08-21,C,Regular Slotted Carton,Slitter,Nozomi Digital 1 Side Print,1,3,,2.0,8,1,0,36.04,52.1,0,55.0,"24LB - CNBSP24
14 x 11-1/4 x 6-3/8 (2 Up)
RSC, Glued, 
Digital Print C Flute 
44 ECT Kraft WRA S",Iron,,0,,,1.0,0,0,0,True,1,,Regular,False,14,0,C44 K,CRB,2026-07-28 12:47:26,,0,False,0,0,275 C,Slitter,,1,65,0,12,0,GI,"Dig Ink Low Intensity (40%), Non-Coated Digital (0%)",St. Catharines,14.0,11.04,6.06,,1.0,6050,False,2026-07-28,Glued,6050 (2038639-1),"N,Slitter,L",13864 - LANGSTON,"Dig Ink Low Intensity
Non-Coated Digital",6050 (2038639-1),69.0,2026-08-20,149.0
365808,5035455,4,2026-08-18,500,15,1,1,15,1,3000,1.0,0,,"Slitter 90""",2000,6624.0,13248.0,2000.0,2200,12853,,,2026-08-21,0,13248.0,190835,2026-08-21,C,Regular Slotted Carton,Slitter,Nozomi Digital 1 Side Print,1,3,,2.0,8,1,0,36.04,52.1,0,55.0,"24LB - CNBSP24
14 x 11-1/4 x 6-3/8 (2 Up)
RSC, Glued, 
Digital Print C Flute 
44 ECT Kraft WRA S",Iron,,0,,,1.0,0,0,0,True,1,,Regular,False,14,0,C44 K,CRB,2026-07-28 12:47:26,,0,False,0,0,275 C,Slitter,,1,65,0,12,0,GI,"Dig Ink Low Intensity (40%), Non-Coated Digital (0%)",St. Catharines,14.0,11.04,6.06,,1.0,6050,False,2026-07-28,Glued,6050 (2038639-1),"N,Slitter,L",13864 - LANGSTON,"Dig Ink Low Intensity
Non-Coated Digital","6050 (2038639-1)
2052",69.0,2026-08-20,149.0
365809,5035455,4,2026-08-20,500,25,69,1,50,1,4320,1.0,0,,Langston Saturn 50x110,2000,6624.0,13248.0,2000.0,2200,12853,,,2026-08-21,0,13248.0,190835,2026-08-21,C,Regular Slotted Carton,L,Nozomi Digital 1 Side Print,1,3,,2.0,3,1,0,36.04,52.1,0,78.0,"24LB - CNBSP24
14 x 11-1/4 x 6-3/8 (2 Up)
RSC, Glued, 
Digital Print C Flute 
44 ECT Kraft WRA S",Iron,,0,,,0.6,0,0,0,True,2,,Regular,False,1,0,C44 K,CRB,2026-07-28 12:47:26,,0,False,0,0,275 C,Langston,,1,65,0,12,0,GI,"Dig Ink Low Intensity (40%), Non-Coated Digital (0%)",St. Catharines,14.0,11.04,6.06,,1.0,6050,False,2026-07-28,Glued,6050 (2038639-1),"N,Slitter,L",13864 - LANGSTON,"Dig Ink Low Intensity
Non-Coated Digital",6050 (2038639-1),238.0,2026-08-20,209.0
365809,5035455,4,2026-08-20,500,25,69,1,50,1,4320,1.0,0,,Langston Saturn 50x110,2000,6624.0,13248.0,2000.0,2200,12853,,,2026-08-21,0,13248.0,190835,2026-08-21,C,Regular Slotted Carton,L,Nozomi Digital 1 Side Print,1,3,,2.0,3,1,0,36.04,52.1,0,78.0,"24LB - CNBSP24
14 x 11-1/4 x 6-3/8 (2 Up)
RSC, Glued, 
Digital Print C Flute 
44 ECT Kraft WRA S",Iron,,0,,,0.6,0,0,0,True,2,,Regular,False,1,0,C44 K,CRB,2026-07-28 12:47:26,,0,False,0,0,275 C,Langston,,1,65,0,12,0,GI,"Dig Ink Low Intensity (40%), Non-Coated Digital (0%)",St. Catharines,14.0,11.04,6.06,,1.0,6050,False,2026-07-28,Glued,6050 (2038639-1),"N,Slitter,L",13864 - LANGSTON,"Dig Ink Low Intensity
Non-Coated Digital","6050 (2038639-1)
2052",238.0,2026-08-20,209.0
365810,5035455,4,2026-08-20,500,35,238,1,0,1,0,1.0,0,,Pack & Protect A-2,2000,6624.0,13248.0,2000.0,2200,12853,,,2026-08-21,0,13248.0,190835,2026-08-21,C,Regular Slotted Carton,,Nozomi Digital 1 Side Print,1,3,,2.0,5,1,0,36.04,52.1,0,0.0,"24LB - CNBSP24
14 x 11-1/4 x 6-3/8 (2 Up)
RSC, Glued, 
Digital Print C Flute 
44 ECT Kraft WRA S",Iron,,0,,,1.0,0,0,0,True,0,,Regular,False,6,0,C44 K,CRB,2026-07-28 12:47:26,,0,False,0,0,275 C,,,1,65,0,12,0,GI,"Dig Ink Low Intensity (40%), Non-Coated Digital (0%)",St. Catharines,14.0,11.04,6.06,,1.0,6050,False,2026-07-28,Glued,6050 (2038639-1),"N,Slitter,L",13864 - LANGSTON,"Dig Ink Low Intensity
Non-Coated Digital",6050 (2038639-1),,,
365810,5035455,4,2026-08-20,500,35,238,1,0,1,0,1.0,0,,Pack & Protect A-2,2000,6624.0,13248.0,2000.0,2200,12853,,,2026-08-21,0,13248.0,190835,2026-08-21,C,Regular Slotted Carton,,Nozomi Digital 1 Side Print,1,3,,2.0,5,1,0,36.04,52.1,0,0.0,"24LB - CNBSP24
14 x 11-1/4 x 6-3/8 (2 Up)
RSC, Glued, 
Digital Print C Flute 
44 ECT Kraft WRA S",Iron,,0,,,1.0,0,0,0,True,0,,Regular,False,6,0,C44 K,CRB,2026-07-28 12:47:26,,0,False,0,0,275 C,,,1,65,0,12,0,GI,"Dig Ink Low Intensity (40%), Non-Coated Digital (0%)",St. Catharines,14.0,11.04,6.06,,1.0,6050,False,2026-07-28,Glued,6050 (2038639-1),"N,Slitter,L",13864 - LANGSTON,"Dig Ink Low Intensity
Non-Coated Digital","6050 (2038639-1)
2052",,,
365841,5035455,11,2026-08-14,100,1,178,0,0,0,0,1.0,0,,Container Corp,750,6223.0,4667.25,675.0,825,12853,,,2026-08-21,0,4667.25,191095,2026-08-21,E,Flat Bed Die Cut,Container Corp,Nozomi Digital 1 Side Print,1,3,,2.0,7,1,0,44.04,40.08,0,0.0,"PKG-CNMP16
=======
strapped bun",Intelcom,,0,,,0.6,0,0,0,True,2,,Regular,False,1,0,C32 K,CRB,2026-03-16 07:43:30,,0,False,0,0,200 C,Langston,,1,61,0,12,0,GI,PMS 2400C (10%),Vaughan,15.0,15.0,15.0,,1.0,0,False,2026-03-16,Glued,07/31-Moyy,L,"13992 - LANGSTON
14042 - JAMESTOWN CONTAINERS",PMS 2400C,07/31-Moyy,,,421.0
293834,5030339,1,2026-08-03,-22000,1,234,0,0,0,0,1.0,0,,Corrugator,500,5314.0,2657.0,450.0,550,10001,,,2025-09-29,1,2657.0,177262,2025-09-25,B,Flat Bed Die Cut,,Plain,0,3,,1.0,0,1,0,26.08,28.14,632,0.0,"WLM17112 17-1/8x11-1/8x2 
Literature Mailer 32B Oyster 
305/sk 
Bundle in 50s",Moyy|WB,,0,,,1.0,10,0,0,True,0,Stripping Elitron,Stock & Release,False,234,0,B32 OY,OT,2025-09-15 13:55:14,,632,False,0,0,200 B Oys,,,1,63,632,12,0,N,,Hamilton,26.14,28.12,0.0,,0.0,0,False,2025-09-15,No Closure,No P.O.,"Elitron,Stripping,Bundling",,,No P.O.,231.0,2025-10-29,
293836,5030339,1,2026-08-03,-21400,20,40,1,12,1,100,1.0,0,,Stripping,500,5314.0,2657.0,450.0,550,10001,,,2025-09-29,1,2657.0,177262,2025-09-25,B,Flat Bed Die Cut,Stripping,Plain,0,3,,1.0,5,1,0,26.08,28.14,632,156.0,"WLM17112 17-1/8x11-1/8x2 
Literature Mailer 32B Oyster 
305/sk 
Bundle in 50s",Moyy|WB,,260,,,0.8,10,0,0,True,0,Stripping Elitron,Stock & Release,False,0,0,B32 OY,OT,2025-09-15 13:55:14,,632,False,0,0,200 B Oys,Stripping,,1,63,632,12,0,N,,Hamilton,26.14,28.12,0.0,,0.0,0,False,2025-09-15,No Closure,No P.O.,"Elitron,Stripping,Bundling",,,No P.O.,55.0,2025-10-31,225.0
284916,5029976,1,2026-08-03,-25200,1,1,0,0,0,0,1.0,0,,"Slitter 90""",50,10968.0,548.4,45.0,55,10001,,,2025-08-14,1,548.4,182009,2025-08-12,B,Flat Bed Die Cut,Slitter,Plain,0,3,,1.0,8,1,0,33.14,46.1,100,0.0,"W9560 - Easy Fold Mailer
18 x 18 x 2 -Multi Depth 1/2, 1, 1-1/2, 2""  
I-Cut, Plain 
B Flute 32 EC",Moyy|WB,,0,,,1.0,10,0,0,True,1,Stripping Elitron,Stock & Release,False,14,0,B32 K,OT,2025-07-31 15:50:07,,50,False,0,0,200 B,Slitter,,1,63,50,12,0,N,,Hamilton,18.0,18.0,2.0,,1.0,0,False,2025-07-31,No Closure,No P.O.,"Slitter,ZColex,Stripping,Bundling",,,No P.O.,163.0,2025-10-29,
284918,5029976,1,2026-08-03,-24600,20,40,1,12,1,64,1.0,0,,Stripping,50,10968.0,548.4,45.0,55,10001,,,2025-08-14,1,548.4,182009,2025-08-12,B,Flat Bed Die Cut,Stripping,Plain,0,3,,1.0,5,1,0,33.14,46.1,100,59.0,"W9560 - Easy Fold Mailer
18 x 18 x 2 -Multi Depth 1/2, 1, 1-1/2, 2""  
I-Cut, Plain 
B Flute 32 EC",Moyy|WB,,0,,,0.8,10,0,0,True,0,Stripping Elitron,Stock & Release,False,0,0,B32 K,OT,2025-07-31 15:50:07,,50,False,0,0,200 B,Stripping,,1,63,50,12,0,N,,Hamilton,18.0,18.0,2.0,,1.0,0,False,2025-07-31,No Closure,No P.O.,"Slitter,ZColex,Stripping,Bundling",,,No P.O.,55.0,2025-11-18,47.0
360620,5034243,1,2026-08-06,500,10,69,1,40,1,2520,1.0,0,,Langston Saturn 50x110,14400,11859.0,170769.6,12960.0,15120,18578,,,2026-08-07,0,170769.6,188950,2026-08-07,C,Regular Slotted Carton,L,Plain,0,3,,1.0,3,1,0,22.04,76.12,14990,383.0,"PK-000046 
22-1/2 x 14-13/16 x 7-1/4
RSC, Glued, PLAIN 
C Flute 32 ECT Kraft
Extended Glue Lug",Grisson,,0,,,0.6,0,0,0,True,2,,Regular,False,1,0,C32 K,CRB,2026-07-13 09:26:49,,0,False,0,0,200 C,Langston,,1,61,0,12,0,GI,,BRANTFORD,22.08,14.13,7.04,,1.0,0,False,2026-07-13,Glued,07/31-Moyy,L,,,07/31-Moyy,,,562.0
360871,5034245,1,2026-08-05,200,1,234,0,0,0,0,1.0,0,,Corrugator,500,5484.0,2742.0,500.0,550,12853,,,2026-08-06,0,2742.0,190612,2026-08-06,E,Flat Bed Die Cut,,Nozomi Digital 1 Side Print,1,3,,2.0,0,1,0,39.0,40.08,600,0.0,"PKG-CNBSP12
11-3/16 x 7-9/16 x 6-1/2
Flat Bed Die Cut, Glued, 
Digital 1 Side 
E32 Coated White",Iron,,0,,,1.0,0,0,0,True,0,,Regular,False,234,0,E32 Coated White 1S,OT,2026-07-13 11:10:28,,0,False,0,0,,,,1,65,0,12,0,GI,"Dig Ink Med Intensity (50%), Coated Digital (0%)",St. Catharines,11.03,7.09,6.08,,1.0,0,False,2026-07-13,Glued,08/03-ASTR01,"N,E",14830 - ETERNA C3-E,"Dig Ink Med Intensity
Coated Digital",08/03-ASTR01,189.0,2026-07-24,
360874,5034245,1,2026-08-05,500,40,257,1,0,1,0,1.0,0,,Astrapac - Glue,500,5484.0,2742.0,500.0,550,12853,,,2026-08-06,0,2742.0,190612,2026-08-06,E,Flat Bed Die Cut,,Nozomi Digital 1 Side Print,1,3,,2.0,0,1,0,39.0,40.08,600,0.0,"PKG-CNBSP12
11-3/16 x 7-9/16 x 6-1/2
Flat Bed Die Cut, Glued, 
Digital 1 Side 
E32 Coated White",Iron,,0,,,1.0,0,0,0,True,0,,Regular,False,0,0,E32 Coated White 1S,OT,2026-07-13 11:10:28,,0,False,0,0,,,,1,65,0,12,0,GI,"Dig Ink Med Intensity (50%), Coated Digital (0%)",St. Catharines,11.03,7.09,6.08,,1.0,0,False,2026-07-13,Glued,08/03-ASTR01,"N,E",14830 - ETERNA C3-E,"Dig Ink Med Intensity
Coated Digital",08/03-ASTR01,238.0,2026-08-05,
360875,5034245,1,2026-08-05,500,50,238,1,0,1,0,1.0,0,,Pack & Protect A-2,500,5484.0,2742.0,500.0,550,12853,,,2026-08-06,0,2742.0,190612,2026-08-06,E,Flat Bed Die Cut,,Nozomi Digital 1 Side Print,1,3,,2.0,5,1,0,39.0,40.08,600,0.0,"PKG-CNBSP12
11-3/16 x 7-9/16 x 6-1/2
Flat Bed Die Cut, Glued, 
Digital 1 Side 
E32 Coated White",Iron,,0,,,1.0,0,0,0,True,0,,Regular,False,6,0,E32 Coated White 1S,OT,2026-07-13 11:10:28,,0,False,0,0,,,,1,65,0,12,0,GI,"Dig Ink Med Intensity (50%), Coated Digital (0%)",St. Catharines,11.03,7.09,6.08,,1.0,0,False,2026-07-13,Glued,08/03-ASTR01,"N,E",14830 - ETERNA C3-E,"Dig Ink Med Intensity
Coated Digital",08/03-ASTR01,,,
360911,5034245,9,2026-08-05,200,1,234,0,0,0,0,1.0,0,,Corrugator,500,5484.0,2742.0,500.0,550,12853,,,2026-07-31,0,2742.0,190613,2026-07-31,E,Flat Bed Die Cut,,Nozomi Digital 1 Side Print,1,3,,2.0,0,1,0,39.0,40.08,603,0.0,"PKG-CNTSP12
11-3/16 x 7-9/16 x 6-1/2
Flat Bed Die Cut, Glued, 
Digital 1 Side 
E32 Coated White",Iron,,0,,,1.0,0,0,0,True,0,,Regular,False,234,0,E32 Coated White 1S,OT,2026-07-13 11:10:28,,0,False,0,0,,,,1,65,0,12,0,GI,"Dig Ink Med Intensity (50%), Coated Digital (0%)",St. Catharines,11.03,7.09,6.08,,1.0,0,False,2026-07-13,Glued,08/03-ASTR01,"N,E",14830 - ETERNA C3-E,"Dig Ink Med Intensity
Coated Digital",08/03-ASTR01,189.0,2026-07-24,
360914,5034245,9,2026-08-05,500,40,257,1,0,1,0,1.0,0,,Astrapac - Glue,500,5484.0,2742.0,500.0,550,12853,,,2026-07-31,0,2742.0,190613,2026-07-31,E,Flat Bed Die Cut,,Nozomi Digital 1 Side Print,1,3,,2.0,0,1,0,39.0,40.08,603,0.0,"PKG-CNTSP12
11-3/16 x 7-9/16 x 6-1/2
Flat Bed Die Cut, Glued, 
Digital 1 Side 
E32 Coated White",Iron,,0,,,1.0,0,0,0,True,0,,Regular,False,0,0,E32 Coated White 1S,OT,2026-07-13 11:10:28,,0,False,0,0,,,,1,65,0,12,0,GI,"Dig Ink Med Intensity (50%), Coated Digital (0%)",St. Catharines,11.03,7.09,6.08,,1.0,0,False,2026-07-13,Glued,08/03-ASTR01,"N,E",14830 - ETERNA C3-E,"Dig Ink Med Intensity
Coated Digital",08/03-ASTR01,238.0,2026-08-05,
360915,5034245,9,2026-08-05,500,50,238,1,0,1,0,1.0,0,,Pack & Protect A-2,500,5484.0,2742.0,500.0,550,12853,,,2026-07-31,0,2742.0,190613,2026-07-31,E,Flat Bed Die Cut,,Nozomi Digital 1 Side Print,1,3,,2.0,5,1,0,39.0,40.08,603,0.0,"PKG-CNTSP12
11-3/16 x 7-9/16 x 6-1/2
Flat Bed Die Cut, Glued, 
Digital 1 Side 
E32 Coated White",Iron,,0,,,1.0,0,0,0,True,0,,Regular,False,6,0,E32 Coated White 1S,OT,2026-07-13 11:10:28,,0,False,0,0,,,,1,65,0,12,0,GI,"Dig Ink Med Intensity (50%), Coated Digital (0%)",St. Catharines,11.03,7.09,6.08,,1.0,0,False,2026-07-13,Glued,08/03-ASTR01,"N,E",14830 - ETERNA C3-E,"Dig Ink Med Intensity
Coated Digital",08/03-ASTR01,,,
360901,5034245,7,2026-08-05,200,1,234,0,0,0,0,1.0,0,,Corrugator,500,5484.0,2742.0,500.0,550,12853,,,2026-07-31,0,2742.0,190614,2026-07-31,E,Flat Bed Die Cut,,Nozomi Digital 1 Side Print,1,3,,2.0,0,1,0,39.0,40.08,584,0.0,"PKG-CNTPB12
11-3/16 x 7-9/16 x 6-1/2
Flat Bed Die Cut, Glued, 
Digital 1 Side 
E32 Coated White",Iron,,0,,,1.0,0,0,0,True,0,,Regular,False,234,0,E32 Coated White 1S,OT,2026-07-13 11:10:28,,0,False,0,0,,,,1,65,0,12,0,GI,"Dig Ink Med Intensity (50%), Coated Digital (0%)",St. Catharines,11.03,7.09,6.08,,1.0,0,False,2026-07-13,Glued,08/03-ASTR01,"N,E",14830 - ETERNA C3-E,"Dig Ink Med Intensity
Coated Digital",08/03-ASTR01,189.0,2026-07-24,
360904,5034245,7,2026-08-05,500,40,257,1,0,1,0,1.0,0,,Astrapac - Glue,500,5484.0,2742.0,500.0,550,12853,,,2026-07-31,0,2742.0,190614,2026-07-31,E,Flat Bed Die Cut,,Nozomi Digital 1 Side Print,1,3,,2.0,0,1,0,39.0,40.08,584,0.0,"PKG-CNTPB12
11-3/16 x 7-9/16 x 6-1/2
Flat Bed Die Cut, Glued, 
Digital 1 Side 
E32 Coated White",Iron,,0,,,1.0,0,0,0,True,0,,Regular,False,0,0,E32 Coated White 1S,OT,2026-07-13 11:10:28,,0,False,0,0,,,,1,65,0,12,0,GI,"Dig Ink Med Intensity (50%), Coated Digital (0%)",St. Catharines,11.03,7.09,6.08,,1.0,0,False,2026-07-13,Glued,08/03-ASTR01,"N,E",14830 - ETERNA C3-E,"Dig Ink Med Intensity
Coated Digital",08/03-ASTR01,238.0,2026-08-05,
360905,5034245,7,2026-08-05,500,50,238,1,0,1,0,1.0,0,,Pack & Protect A-2,500,5484.0,2742.0,500.0,550,12853,,,2026-07-31,0,2742.0,190614,2026-07-31,E,Flat Bed Die Cut,,Nozomi Digital 1 Side Print,1,3,,2.0,5,1,0,39.0,40.08,584,0.0,"PKG-CNTPB12
11-3/16 x 7-9/16 x 6-1/2
Flat Bed Die Cut, Glued, 
Digital 1 Side 
E32 Coated White",Iron,,0,,,1.0,0,0,0,True,0,,Regular,False,6,0,E32 Coated White 1S,OT,2026-07-13 11:10:28,,0,False,0,0,,,,1,65,0,12,0,GI,"Dig Ink Med Intensity (50%), Coated Digital (0%)",St. Catharines,11.03,7.09,6.08,,1.0,0,False,2026-07-13,Glued,08/03-ASTR01,"N,E",14830 - ETERNA C3-E,"Dig Ink Med Intensity
Coated Digital",08/03-ASTR01,,,
360919,5034245,10,2026-08-05,500,40,257,1,0,1,0,1.0,0,,Astrapac - Glue,3000,5484.0,16452.0,3000.0,3300,12853,,,2026-07-31,0,16452.0,190620,2026-07-31,E,Flat Bed Die Cut,,Nozomi Digital 1 Side Print,1,3,,2.0,0,1,0,39.0,40.08,21750,0.0,"PKG-OGBEEF12
11-3/16 x 7-9/16 x 6-1/2
Flat Bed Die Cut, Glued, 
Digital 1 Side 
E32 Coated White",Iron,,0,,,1.0,0,0,0,True,0,,Regular,False,0,0,E32 Coated White 1S,OT,2026-07-13 11:10:28,,3292,False,0,0,,,,1,65,3292,12,0,GI,"Dig Ink Med Intensity (50%), Coated Digital (0%)",St. Catharines,11.03,7.09,6.08,,1.0,0,False,2026-07-13,Glued,07/17-Moyy,"N,E",14830 - ETERNA C3-E,"Dig Ink Med Intensity
Coated Digital",07/17-Moyy,238.0,2026-08-05,
360920,5034245,10,2026-08-05,500,50,238,1,0,1,0,1.0,0,,Pack & Protect A-2,3000,5484.0,16452.0,3000.0,3300,12853,,,2026-07-31,0,16452.0,190620,2026-07-31,E,Flat Bed Die Cut,,Nozomi Digital 1 Side Print,1,3,,2.0,5,1,0,39.0,40.08,21750,0.0,"PKG-OGBEEF12
11-3/16 x 7-9/16 x 6-1/2
Flat Bed Die Cut, Glued, 
Digital 1 Side 
E32 Coated White",Iron,,0,,,1.0,0,0,0,True,0,,Regular,False,6,0,E32 Coated White 1S,OT,2026-07-13 11:10:28,,3292,False,0,0,,,,1,65,3292,12,0,GI,"Dig Ink Med Intensity (50%), Coated Digital (0%)",St. Catharines,11.03,7.09,6.08,,1.0,0,False,2026-07-13,Glued,07/17-Moyy,"N,E",14830 - ETERNA C3-E,"Dig Ink Med Intensity
Coated Digital",07/17-Moyy,,,
360881,5034245,3,2026-08-05,200,1,234,0,0,0,0,1.0,0,,Corrugator,500,5484.0,2742.0,500.0,550,12853,,,2026-08-06,0,2742.0,190781,2026-08-06,E,Flat Bed Die Cut,,Nozomi Digital 1 Side Print,1,3,,2.0,0,1,0,39.0,40.08,699,0.0,"CNCF12
11-3/16 x 7-9/16 x 6-1/2
Flat Bed Die Cut, Glued, 
Digital 1 Side 
E32 Coated White 1 S",Iron,,0,,,1.0,0,0,0,True,0,,Regular,False,234,0,E32 Coated White 1S,OT,2026-07-13 11:10:28,,570,False,0,0,,,,1,65,570,12,0,GI,"Dig Ink Med Intensity (50%), Coated Digital (0%)",St. Catharines,11.03,7.09,6.08,,1.0,0,False,2026-07-13,Glued,08/03-ASTR01,"N,E",14830 - ETERNA C3-E,"Dig Ink Med Intensity
Coated Digital",08/03-ASTR01,189.0,2026-07-24,
360884,5034245,3,2026-08-05,500,40,257,1,0,1,0,1.0,0,,Astrapac - Glue,500,5484.0,2742.0,500.0,550,12853,,,2026-08-06,0,2742.0,190781,2026-08-06,E,Flat Bed Die Cut,,Nozomi Digital 1 Side Print,1,3,,2.0,0,1,0,39.0,40.08,699,0.0,"CNCF12
11-3/16 x 7-9/16 x 6-1/2
Flat Bed Die Cut, Glued, 
Digital 1 Side 
E32 Coated White 1 S",Iron,,0,,,1.0,0,0,0,True,0,,Regular,False,0,0,E32 Coated White 1S,OT,2026-07-13 11:10:28,,570,False,0,0,,,,1,65,570,12,0,GI,"Dig Ink Med Intensity (50%), Coated Digital (0%)",St. Catharines,11.03,7.09,6.08,,1.0,0,False,2026-07-13,Glued,08/03-ASTR01,"N,E",14830 - ETERNA C3-E,"Dig Ink Med Intensity
Coated Digital",08/03-ASTR01,238.0,2026-08-05,
360885,5034245,3,2026-08-05,500,50,238,1,0,1,0,1.0,0,,Pack & Protect A-2,500,5484.0,2742.0,500.0,550,12853,,,2026-08-06,0,2742.0,190781,2026-08-06,E,Flat Bed Die Cut,,Nozomi Digital 1 Side Print,1,3,,2.0,5,1,0,39.0,40.08,699,0.0,"CNCF12
11-3/16 x 7-9/16 x 6-1/2
Flat Bed Die Cut, Glued, 
Digital 1 Side 
E32 Coated White 1 S",Iron,,0,,,1.0,0,0,0,True,0,,Regular,False,6,0,E32 Coated White 1S,OT,2026-07-13 11:10:28,,570,False,0,0,,,,1,65,570,12,0,GI,"Dig Ink Med Intensity (50%), Coated Digital (0%)",St. Catharines,11.03,7.09,6.08,,1.0,0,False,2026-07-13,Glued,08/03-ASTR01,"N,E",14830 - ETERNA C3-E,"Dig Ink Med Intensity
Coated Digital",08/03-ASTR01,,,
360899,5034245,6,2026-08-05,500,40,257,1,0,1,0,1.0,0,,Astrapac - Glue,500,6223.0,3111.5,500.0,550,12853,,,2026-08-06,0,3111.5,191094,2026-08-06,E,Flat Bed Die Cut,,Nozomi Digital 1 Side Print,1,3,,2.0,0,1,0,44.04,40.08,5340,0.0,"PKG-CNCTB16
>>>>>>> 3d7f0d50c55d01c676d7c4bff56f84cbc3a91754
11-3/16 x 7-9/16 x 8-7/8
Flat Bed Die Cut, Glued, 
16 x 1lb
Digital 1 Side
<<<<<<< HEAD
6 Prints",Iron,,0,,,1.0,0,0,0,True,0,,Regular,False,0,0,E32 Coated White 1S,CRB,2026-07-28 12:47:26,,0,False,0,0,,,,1,65,0,12,0,GI,"Dig Ink Med Intensity (50%), Coated Digital (0%)",St. Catharines,11.03,7.09,8.14,,1.0,1828,False,2026-07-28,Glued,1828 (2038655-1),"ContainerCorp,N,E",14855 - ETERNA C3-C,"Dig Ink Med Intensity
Coated Digital",1828 (2038655-1),189.0,2026-08-14,
365842,5035455,11,2026-08-14,130,10,189,1,10,1,10778,1.0,0,,Nozomi Digital Printer,750,6223.0,4667.25,675.0,825,12853,,,2026-08-21,0,4667.25,191095,2026-08-21,E,Flat Bed Die Cut,N,Nozomi Digital 1 Side Print,1,3,,2.0,3,1,0,44.04,40.08,0,14.0,"PKG-CNMP16
=======
6 Prints",Iron,,0,,,1.0,0,0,0,True,0,,Regular,False,0,0,E32 Coated White 1S,OT,2026-07-13 11:10:28,,550,False,0,0,,,,1,65,550,12,0,GI,"Dig Ink Med Intensity (50%), Coated Digital (0%)",St. Catharines,11.03,7.09,8.14,,1.0,0,False,2026-07-13,Glued,07/16-Moyy,"N,E",14855 - ETERNA C3-C,"Dig Ink Med Intensity
Coated Digital",07/16-Moyy,238.0,2026-08-05,
360900,5034245,6,2026-08-05,500,50,238,1,0,1,0,1.0,0,,Pack & Protect A-2,500,6223.0,3111.5,500.0,550,12853,,,2026-08-06,0,3111.5,191094,2026-08-06,E,Flat Bed Die Cut,,Nozomi Digital 1 Side Print,1,3,,2.0,5,1,0,44.04,40.08,5340,0.0,"PKG-CNCTB16
>>>>>>> 3d7f0d50c55d01c676d7c4bff56f84cbc3a91754
11-3/16 x 7-9/16 x 8-7/8
Flat Bed Die Cut, Glued, 
16 x 1lb
Digital 1 Side
<<<<<<< HEAD
6 Prints",Iron,,0,,,1.0,0,0,0,True,1,,Regular,False,1,0,E32 Coated White 1S,CRB,2026-07-28 12:47:26,,0,False,0,0,,NAZ,,1,65,0,12,0,GI,"Dig Ink Med Intensity (50%), Coated Digital (0%)",St. Catharines,11.03,7.09,8.14,,1.0,1828,False,2026-07-28,Glued,1828 (2038655-1),"ContainerCorp,N,E",14855 - ETERNA C3-C,"Dig Ink Med Intensity
Coated Digital",1828 (2038655-1),213.0,2026-08-18,26.0
365843,5035455,11,2026-08-18,450,20,213,1,25,1,5040,2.0,0,,Eterna,750,6223.0,4667.25,337.5,825,12853,,,2026-08-21,0,4667.25,191095,2026-08-21,E,Flat Bed Die Cut,E,Nozomi Digital 1 Side Print,1,3,,2.0,3,1,0,44.04,40.08,0,34.0,"PKG-CNMP16
=======
6 Prints",Iron,,0,,,1.0,0,0,0,True,0,,Regular,False,6,0,E32 Coated White 1S,OT,2026-07-13 11:10:28,,550,False,0,0,,,,1,65,550,12,0,GI,"Dig Ink Med Intensity (50%), Coated Digital (0%)",St. Catharines,11.03,7.09,8.14,,1.0,0,False,2026-07-13,Glued,07/16-Moyy,"N,E",14855 - ETERNA C3-C,"Dig Ink Med Intensity
Coated Digital",07/16-Moyy,,,
360950,5034245,16,2026-08-05,500,50,238,1,0,1,0,1.0,0,,Pack & Protect A-2,3000,6223.0,18669.0,3000.0,3300,12853,,,2026-08-06,0,18669.0,191099,2026-08-06,E,Flat Bed Die Cut,,Nozomi Digital 1 Side Print,1,3,,2.0,5,1,0,44.04,40.08,1460,0.0,"PKG-OVP16
>>>>>>> 3d7f0d50c55d01c676d7c4bff56f84cbc3a91754
11-3/16 x 7-9/16 x 8-7/8
Flat Bed Die Cut, Glued, 
16 x 1lb
Digital 1 Side
<<<<<<< HEAD
6 Prints",Iron,,0,,,1.0,0,0,0,True,0,,Regular,False,3,0,E32 Coated White 1S,CRB,2026-07-28 12:47:26,,0,False,0,0,,Eterna,,1,65,0,12,0,GI,"Dig Ink Med Intensity (50%), Coated Digital (0%)",St. Catharines,11.03,7.09,8.14,,1.0,1828,False,2026-07-28,Glued,1828 (2038655-1),"ContainerCorp,N,E",14855 - ETERNA C3-C,"Dig Ink Med Intensity
Coated Digital",1828 (2038655-1),257.0,2026-08-20,80.0
365844,5035455,11,2026-08-20,500,40,257,1,0,1,0,1.0,0,,Astrapac - Glue,750,6223.0,4667.25,675.0,825,12853,,,2026-08-21,0,4667.25,191095,2026-08-21,E,Flat Bed Die Cut,,Nozomi Digital 1 Side Print,1,3,,2.0,0,1,0,44.04,40.08,0,0.0,"PKG-CNMP16
=======
6 Prints",Iron,,0,,,1.0,0,0,0,True,0,,Regular,False,6,0,E32 Coated White 1S,OT,2026-07-13 11:10:28,,3164,False,0,0,,,,1,65,3164,12,0,GI,"Dig Ink Med Intensity (50%), Coated Digital (0%)",St. Catharines,11.03,7.09,8.14,,1.0,0,False,2026-07-13,Glued,08/03-ASTR01,"N,E",14855 - ETERNA C3-C,"Dig Ink Med Intensity
Coated Digital",08/03-ASTR01,,,
360946,5034245,16,2026-08-05,200,1,234,0,0,0,0,1.0,0,,Corrugator,3000,6223.0,18669.0,3000.0,3300,12853,,,2026-08-06,0,18669.0,191099,2026-08-06,E,Flat Bed Die Cut,,Nozomi Digital 1 Side Print,1,3,,2.0,0,1,0,44.04,40.08,1460,0.0,"PKG-OVP16
>>>>>>> 3d7f0d50c55d01c676d7c4bff56f84cbc3a91754
11-3/16 x 7-9/16 x 8-7/8
Flat Bed Die Cut, Glued, 
16 x 1lb
Digital 1 Side
<<<<<<< HEAD
6 Prints",Iron,,0,,,1.0,0,0,0,True,0,,Regular,False,0,0,E32 Coated White 1S,CRB,2026-07-28 12:47:26,,0,False,0,0,,,,1,65,0,12,0,GI,"Dig Ink Med Intensity (50%), Coated Digital (0%)",St. Catharines,11.03,7.09,8.14,,1.0,1828,False,2026-07-28,Glued,1828 (2038655-1),"ContainerCorp,N,E",14855 - ETERNA C3-C,"Dig Ink Med Intensity
Coated Digital",1828 (2038655-1),238.0,2026-08-20,
365845,5035455,11,2026-08-20,500,50,238,1,0,1,0,1.0,0,,Pack & Protect A-2,750,6223.0,4667.25,675.0,825,12853,,,2026-08-21,0,4667.25,191095,2026-08-21,E,Flat Bed Die Cut,,Nozomi Digital 1 Side Print,1,3,,2.0,5,1,0,44.04,40.08,0,0.0,"PKG-CNMP16
=======
6 Prints",Iron,,0,,,1.0,0,0,0,True,0,,Regular,False,234,0,E32 Coated White 1S,OT,2026-07-13 11:10:28,,3164,False,0,0,,,,1,65,3164,12,0,GI,"Dig Ink Med Intensity (50%), Coated Digital (0%)",St. Catharines,11.03,7.09,8.14,,1.0,0,False,2026-07-13,Glued,08/03-ASTR01,"N,E",14855 - ETERNA C3-C,"Dig Ink Med Intensity
Coated Digital",08/03-ASTR01,189.0,2026-07-28,
360949,5034245,16,2026-08-05,500,40,257,1,0,1,0,1.0,0,,Astrapac - Glue,3000,6223.0,18669.0,3000.0,3300,12853,,,2026-08-06,0,18669.0,191099,2026-08-06,E,Flat Bed Die Cut,,Nozomi Digital 1 Side Print,1,3,,2.0,0,1,0,44.04,40.08,1460,0.0,"PKG-OVP16
>>>>>>> 3d7f0d50c55d01c676d7c4bff56f84cbc3a91754
11-3/16 x 7-9/16 x 8-7/8
Flat Bed Die Cut, Glued, 
16 x 1lb
Digital 1 Side
<<<<<<< HEAD
6 Prints",Iron,,0,,,1.0,0,0,0,True,0,,Regular,False,6,0,E32 Coated White 1S,CRB,2026-07-28 12:47:26,,0,False,0,0,,,,1,65,0,12,0,GI,"Dig Ink Med Intensity (50%), Coated Digital (0%)",St. Catharines,11.03,7.09,8.14,,1.0,1828,False,2026-07-28,Glued,1828 (2038655-1),"ContainerCorp,N,E",14855 - ETERNA C3-C,"Dig Ink Med Intensity
Coated Digital",1828 (2038655-1),,,
365214,5035454,1,2026-08-14,-200,1,234,0,0,0,0,1.0,0,,Corrugator,3600,5328.0,19180.8,3600.0,3960,10015,,,2026-08-11,0,19180.8,191860,2026-08-11,B,RDC - Rotary Die Cut,,Nozomi Digital 1 Side Print,1,3,,2.0,0,1,0,43.06,35.06,0,0.0,"Eng #16 Nexalloy - 
33-5/8 x 20-11/16
Glued, Dig SP 1S 
32B Oyster White
900/unit",Nexal,,0,,,1.0,5,0,0,True,0,,Regular,False,234,0,B32 OY,OT,2026-07-28 12:06:27,,900,False,0,0,200 B Oys,,,1,65,900,12,0,GI,Dig Ink Med Intensity (25%),MISSISSAUGA,33.1,20.11,0.0,,1.0,2163,False,2026-07-28,Glued,2163 (2038577-1),"N,E,BobstGluer",12102 - CAN 2 - F,Dig Ink Med Intensity,2163 (2038577-1),189.0,2026-08-06,
365217,5035454,1,2026-08-14,0,30,167,1,25,1,13000,1.0,0,,"Bobst Specialty Gluer 115""",3600,5328.0,19180.8,3600.0,3960,10015,,,2026-08-11,0,19180.8,191860,2026-08-11,B,RDC - Rotary Die Cut,Bobst Gluer,Nozomi Digital 1 Side Print,1,3,,2.0,3,1,0,43.06,35.06,0,37.0,"Eng #16 Nexalloy - 
33-5/8 x 20-11/16
Glued, Dig SP 1S 
32B Oyster White
900/unit",Nexal,,900,,,1.0,5,0,0,True,0,,Regular,False,6,0,B32 OY,OT,2026-07-28 12:06:27,,900,False,0,0,200 B Oys,Bobst Gluer,,1,65,900,12,0,GI,Dig Ink Med Intensity (25%),MISSISSAUGA,33.1,20.11,0.0,,1.0,2163,False,2026-07-28,Glued,2163 (2038577-1),"N,E,BobstGluer",12102 - CAN 2 - F,Dig Ink Med Intensity,2163 (2038577-1),,,92.0
364736,5035418,1,2026-08-14,300,1,234,0,0,0,0,1.0,0,,Corrugator,18500,7237.0,133884.5,16650.0,20350,18699,,,2026-08-17,0,133884.5,192923,2026-08-17,C,Regular Slotted Carton,,Plain,0,3,,1.0,0,1,0,17.1,59.02,19933,0.0,"19 x 9-1/2 x 7-1/2
RSC, Glued, Plain 
C Flute 44 ECT Kraft
500/unit -",Spectrum,,0,,,1.0,0,0,0,True,0,,Regular,False,234,0,C44 K,OT,2026-07-24 10:44:08,,19933,False,0,0,275 C,,,1,60,19933,12,0,GI,,MOOREFILED,19.0,9.08,7.08,,1.0,20351,False,2026-07-24,Glued,20351 (2038542-1),L,,,20351 (2038542-1),69.0,2026-08-13,
366831,5035503,1,2026-08-19,500,1,234,0,0,0,0,1.0,0,,Corrugator,729,10254.0,7475.166,729.0,729,10019,,,2026-08-18,0,7475.166,192945,2026-08-18,B,Flat Bed Die Cut,,Nozomi Digital 1 Side Print,1,3,,1.0,0,1,0,31.04,47.04,0,0.0,"Every Man Jack - 260507
22-1/2 x 8-3/8 x 7-1/4
Flat Bed Die Cut, No Closure, 
Nozomi Digital 1 Si",Turn-Key,,0,,,1.0,0,0,0,True,0,,Regular,False,234,0,B32 Coated White 1S,OT,2026-08-04 14:50:45,,830,False,0,0,,,,1,65,830,12,0,N,"Dig Ink Med Intensity (100%), Coated Digital (0%)",MISSISSAUGA,22.08,8.06,7.04,,1.0,898,False,2026-08-04,No Closure,898 (2038657-1),N,14019 - STAX,"Dig Ink Med Intensity
Coated Digital",898 (2038657-1),189.0,2026-08-13,
366833,5035503,1,2026-08-21,500,20,168,1,0,1,0,1.0,0,,Farm Out,729,10254.0,7475.166,729.0,729,10019,,,2026-08-18,0,7475.166,192945,2026-08-18,B,Flat Bed Die Cut,,Nozomi Digital 1 Side Print,1,3,,1.0,7,1,0,31.04,47.04,0,0.0,"Every Man Jack - 260507
22-1/2 x 8-3/8 x 7-1/4
Flat Bed Die Cut, No Closure, 
Nozomi Digital 1 Si",Turn-Key,,0,,,1.0,0,0,0,True,0,,Regular,False,4,0,B32 Coated White 1S,OT,2026-08-04 14:50:45,,830,False,0,0,,Farm Out,,1,65,830,12,0,N,"Dig Ink Med Intensity (100%), Coated Digital (0%)",MISSISSAUGA,22.08,8.06,7.04,,1.0,898,False,2026-08-04,No Closure,898 (2038657-1),N,14019 - STAX,"Dig Ink Med Intensity
Coated Digital",898 (2038657-1),238.0,2026-08-21,
366834,5035503,1,2026-08-21,500,30,238,1,0,1,0,1.0,0,,Pack & Protect A-2,729,10254.0,7475.166,729.0,729,10019,,,2026-08-18,0,7475.166,192945,2026-08-18,B,Flat Bed Die Cut,,Nozomi Digital 1 Side Print,1,3,,1.0,5,1,0,31.04,47.04,0,0.0,"Every Man Jack - 260507
22-1/2 x 8-3/8 x 7-1/4
Flat Bed Die Cut, No Closure, 
Nozomi Digital 1 Si",Turn-Key,,0,,,1.0,0,0,0,True,0,,Regular,False,6,0,B32 Coated White 1S,OT,2026-08-04 14:50:45,,830,False,0,0,,,,1,65,830,12,0,N,"Dig Ink Med Intensity (100%), Coated Digital (0%)",MISSISSAUGA,22.08,8.06,7.04,,1.0,898,False,2026-08-04,No Closure,898 (2038657-1),N,14019 - STAX,"Dig Ink Med Intensity
Coated Digital",898 (2038657-1),,,
364623,5035409,1,2026-08-14,-600,1,234,0,0,0,0,1.0,0,,Corrugator,200,39868.0,7973.6,180.0,220,19463,,,2026-08-04,0,13315.912,194644,2026-08-04,DW,Sheet,,Not Applicable,0,3,,1.0,0,1,0,58.01,98.14,0,0.0,"58-1/16 x 98-7/8
Sheet BC Flute 48 ECT Kraft
Scored at 12-3/16 x 33-11/16 x 12-3/16

Bales must",Mid-North,,0,,,1.0,0,0,0,True,0,,Regular,False,234,0,BC48 K,OT,2026-07-24 07:39:32,,0,False,0,0,275 BC,,,1,66,0,12,0,,,New Liskeard,58.01,98.14,0.0,,0.0,217,False,2026-07-24,Not Applicable,217 (2038524-1),,,,217 (2038524-1),208.0,2026-08-14,
364624,5035409,1,2026-08-14,-500,10,208,1,0,1,0,1.0,0,,Finished Good,200,39868.0,7973.6,180.0,220,19463,,,2026-08-04,0,13315.912,194644,2026-08-04,DW,Sheet,,Not Applicable,0,3,,1.0,8,1,0,58.01,98.14,0,0.0,"58-1/16 x 98-7/8
Sheet BC Flute 48 ECT Kraft
Scored at 12-3/16 x 33-11/16 x 12-3/16

Bales must",Mid-North,,0,,,1.0,0,0,0,True,0,,Regular,False,0,0,BC48 K,OT,2026-07-24 07:39:32,,0,False,0,0,275 BC,,,1,66,0,12,0,,,New Liskeard,58.01,98.14,0.0,,0.0,217,False,2026-07-24,Not Applicable,217 (2038524-1),,,,217 (2038524-1),,,
366435,5035474,1,2026-08-14,100,1,234,0,0,0,0,1.0,0,,Corrugator,1200,3850.0,4620.0,1200.0,1320,13756,,,2026-08-14,0,4620.0,194711,2026-08-14,B,RDC - Rotary Die Cut,,Nozomi Digital 1 Side Print,1,3,,2.0,0,1,0,31.02,35.1,0,0.0,"Sleeping Giant 355/473ml X 24 RollOver Tray
2 Side Roll Over 24Pk
DIGITAL 40B OYSTER +WRA
1000/ P",Lake,,0,,,1.0,0,0,0,True,0,,Regular,False,234,0,B40 OY,OT,2026-07-29 16:04:58,,1290,False,0,0,200 O/TBOy,,,1,65,1290,12,0,N,Dig Ink Med Intensity (100%),BRACEBRIDGE,16.06,28.12,0.0,,1.0,756,False,2026-07-29,No Closure,756 (2038616-1),"N,R",14286 - G-4,Dig Ink Med Intensity,756 (2038616-1),189.0,2026-08-11,
366438,5035474,1,2026-08-14,400,30,238,1,0,1,0,1.0,0,,Pack & Protect A-2,1200,3850.0,4620.0,1200.0,1320,13756,,,2026-08-14,0,4620.0,194711,2026-08-14,B,RDC - Rotary Die Cut,,Nozomi Digital 1 Side Print,1,3,,2.0,5,1,0,31.02,35.1,0,0.0,"Sleeping Giant 355/473ml X 24 RollOver Tray
2 Side Roll Over 24Pk
DIGITAL 40B OYSTER +WRA
1000/ P",Lake,,0,,,1.0,0,0,0,True,0,,Regular,False,6,0,B40 OY,OT,2026-07-29 16:04:58,,1290,False,0,0,200 O/TBOy,,,1,65,1290,12,0,N,Dig Ink Med Intensity (100%),BRACEBRIDGE,16.06,28.12,0.0,,1.0,756,False,2026-07-29,No Closure,756 (2038616-1),"N,R",14286 - G-4,Dig Ink Med Intensity,756 (2038616-1),,,
367724,5035547,1,2026-08-17,140,10,69,1,33,1,2520,1.0,0,,Langston Saturn 50x110,2500,7922.0,19805.0,2250.0,2750,15008,,,2026-08-19,0,19805.0,194870,2026-08-19,C,Regular Slotted Carton,L,Plain,0,3,,1.0,3,1,0,19.1,58.02,2700,93.0,"17 x 11 x 8
RSC, Glued, Plain 
C Flute 32 ECT Kraft
400/unit",British,,0,,,0.6,0,0,0,True,2,,Regular,False,1,0,C32 K,OT,2026-08-07 13:19:30,,0,False,0,0,200 C,Langston,,1,60,0,12,0,GI,,Cambridge,17.0,11.0,8.0,,1.0,2700,False,2026-08-07,Glued,2700 (2038703-1),L,,,2700 (2038703-1),,,92.0
=======
6 Prints",Iron,,0,,,1.0,0,0,0,True,0,,Regular,False,0,0,E32 Coated White 1S,OT,2026-07-13 11:10:28,,3164,False,0,0,,,,1,65,3164,12,0,GI,"Dig Ink Med Intensity (50%), Coated Digital (0%)",St. Catharines,11.03,7.09,8.14,,1.0,0,False,2026-07-13,Glued,08/03-ASTR01,"N,E",14855 - ETERNA C3-C,"Dig Ink Med Intensity
Coated Digital",08/03-ASTR01,238.0,2026-08-05,
361826,5034300,1,2026-08-05,-100,1,234,0,0,0,0,1.0,0,,Corrugator,110,18125.0,1993.75,110.0,116,13523,,,2026-07-24,0,1993.75,193038,2026-08-04,B,Flat Bed Die Cut,,Nozomi Digital 1 Side Print,1,3,,1.0,0,1,0,60.0,43.08,116,0.0,"AAFES Display - Body
60 x 43-1/2
I-Cut, No Closure, 
Digital 1 Side 
B32 Coated White 2S",Blue,,0,,,1.0,0,0,0,True,0,Stripping Elitron Pack & Protect C-2,Regular,False,234,0,B32 Coated White 2S,OT,2026-07-16 14:12:04,,116,False,0,0,,,,1,65,116,12,0,N,Dig Ink Med Intensity (100%),Newark,43.08,60.0,0.0,,1.0,0,False,2026-07-16,No Closure,No P.O.,"N,Elitron,Stripping",,Dig Ink Med Intensity,No P.O.,189.0,2026-07-29,
361830,5034300,1,2026-08-05,300,40,242,1,0,1,0,1.0,0,,Pack & Protect C-2,110,18125.0,1993.75,110.0,116,13523,,,2026-07-24,0,1993.75,193038,2026-08-04,B,Flat Bed Die Cut,,Nozomi Digital 1 Side Print,1,3,,1.0,5,1,0,60.0,43.08,116,0.0,"AAFES Display - Body
60 x 43-1/2
I-Cut, No Closure, 
Digital 1 Side 
B32 Coated White 2S",Blue,,0,,,1.0,0,0,0,True,0,Stripping Elitron Pack & Protect C-2,Regular,False,6,0,B32 Coated White 2S,OT,2026-07-16 14:12:04,,116,False,0,0,,,,1,65,116,12,0,N,Dig Ink Med Intensity (100%),Newark,43.08,60.0,0.0,,1.0,0,False,2026-07-16,No Closure,No P.O.,"N,Elitron,Stripping",,Dig Ink Med Intensity,No P.O.,,,
361831,5034300,2,2026-08-05,-100,1,1,0,0,0,0,1.0,0,,"Slitter 90""",110,1791.0,197.01,110.0,116,13523,,,2026-07-24,0,197.01,193039,2026-08-04,B,Flat Bed Die Cut,Slitter,Nozomi Digital 1 Side Print,1,3,,1.0,8,1,0,8.02,31.12,110,0.0,"AAFES Display - Header
8-1/8 x 31-3/4
I-Cut, No Closure, 
Digital 1 Side 
B32 Coated White 2S",Blue,,0,,,1.0,0,0,0,True,1,Stripping Elitron Pack & Protect C-2,Regular,False,14,0,B32 Coated White 2S,OT,2026-07-16 14:12:04,,110,False,0,0,,Slitter,,1,65,110,12,0,N,Dig Ink Med Intensity (100%),Newark,31.12,8.02,0.0,,1.0,0,False,2026-07-16,No Closure,No P.O.,"Slitter,N,ZColex,Stripping",,Dig Ink Med Intensity,No P.O.,189.0,2026-07-23,
361834,5034300,2,2026-08-05,200,30,40,1,12,1,80,1.0,0,,Stripping,110,1791.0,197.01,110.0,116,13523,,,2026-07-24,0,197.01,193039,2026-08-04,B,Flat Bed Die Cut,Stripping,Nozomi Digital 1 Side Print,1,3,,1.0,5,1,0,8.02,31.12,110,95.0,"AAFES Display - Header
8-1/8 x 31-3/4
I-Cut, No Closure, 
Digital 1 Side 
B32 Coated White 2S",Blue,,0,,,0.8,0,0,0,True,0,Stripping Elitron Pack & Protect C-2,Regular,False,0,0,B32 Coated White 2S,OT,2026-07-16 14:12:04,,110,False,0,0,,Stripping,,1,65,110,12,0,N,Dig Ink Med Intensity (100%),Newark,31.12,8.02,0.0,,1.0,0,False,2026-07-16,No Closure,No P.O.,"Slitter,N,ZColex,Stripping",,Dig Ink Med Intensity,No P.O.,242.0,2026-08-05,122.0
361835,5034300,2,2026-08-05,300,40,242,1,0,1,0,1.0,0,,Pack & Protect C-2,110,1791.0,197.01,110.0,116,13523,,,2026-07-24,0,197.01,193039,2026-08-04,B,Flat Bed Die Cut,,Nozomi Digital 1 Side Print,1,3,,1.0,5,1,0,8.02,31.12,110,0.0,"AAFES Display - Header
8-1/8 x 31-3/4
I-Cut, No Closure, 
Digital 1 Side 
B32 Coated White 2S",Blue,,0,,,1.0,0,0,0,True,0,Stripping Elitron Pack & Protect C-2,Regular,False,6,0,B32 Coated White 2S,OT,2026-07-16 14:12:04,,110,False,0,0,,,,1,65,110,12,0,N,Dig Ink Med Intensity (100%),Newark,31.12,8.02,0.0,,1.0,0,False,2026-07-16,No Closure,No P.O.,"Slitter,N,ZColex,Stripping",,Dig Ink Med Intensity,No P.O.,,,
364209,5035367,1,2026-09-18,500,1,234,0,0,0,0,1.0,0,,Corrugator,1000,26000.0,26000.0,1000.0,1000,10001,,,2026-09-22,0,26000.0,193042,2026-07-29,B,Sheet,,Not Applicable,0,3,,1.0,0,1,0,48.0,78.0,1080,0.0,"48 x 78
Sheet 
B Flute 32 ECT Coated W 2 S

 *** NO PALLETS -  EXTRA DUNNAGE TOP AND BOTTOM ***",Moyy|WB,,0,,,1.0,10,0,0,True,0,,Regular,False,234,0,B32 Coated White 2S,OT,2026-07-21 17:01:04,,1200,False,0,0,,,,1,66,1200,12,0,,,Hamilton,48.0,78.0,0.0,,0.0,0,False,2026-07-21,Not Applicable,07/22-Moyy,,,,07/22-Moyy,256.0,2026-07-22,
364711,5035413,1,2026-08-05,200,20,181,1,0,1,0,1.0,0,,Hot Glue Gun,200,42014.0,8402.8,180.0,220,10001,,,2026-08-05,1,14032.676,105132,2026-08-05,DW,Regular Slotted Carton,,Plain,0,3,M2301911,1.0,5,1,0,55.0,110.0,0,0.0,"W262626DW
26 x 26 x 26 
RSC 48BC Kraft 15/75
Bunded in 15s",Moyy|WB,,0,,,1.0,10,0,0,True,0,Stripping Hot Glue Gun Elitron,Stock & Release,False,0,0,BC48 K,OT,2026-07-24 09:56:37,,0,False,0,0,275 BC,,,1,1,0,12,0,GI,,Hamilton,26.0,26.0,26.0,,0.0,271,False,2026-07-24,Glued,271 (2038545-1),,,,"271 (2038545-1)
500",,,356.0
363876,5035347,1,2026-08-05,200,1,234,0,0,0,0,1.0,0,,Corrugator,300,7232.0,2169.6,270.0,330,11369,,,2026-08-05,0,2169.6,153568,2026-08-05,B,Flat Bed Die Cut,,Plain,0,3,W2200104,1.0,0,1,0,38.12,26.14,0,0.0,"103653 Lrg 25-7/8 x 37-3/4
FBDC Plain 32B W1S

NOT GLUED",New,,0,,,1.0,0,0,0,True,0,,Regular,False,234,0,B32 OY,OT,2026-07-21 08:51:53,,0,False,0,0,200 B Oys,,,1,63,0,12,0,N,,Stratford,25.14,37.12,0.0,,0.0,435,False,2026-07-21,No Closure,435 (2038459-1),E,12621 - CAN 2-F,,435 (2038459-1),213.0,2026-08-07,
363875,5035347,1,2026-08-07,400,10,213,1,25,1,2580,1.0,0,,Eterna,300,7232.0,2169.6,270.0,330,11369,,,2026-08-05,0,2169.6,153568,2026-08-05,B,Flat Bed Die Cut,E,Plain,0,3,W2200104,1.0,3,1,0,38.12,26.14,0,32.0,"103653 Lrg 25-7/8 x 37-3/4
FBDC Plain 32B W1S

NOT GLUED",New,,0,,,1.0,0,0,0,True,0,,Regular,False,3,0,B32 OY,OT,2026-07-21 08:51:53,,0,False,0,0,200 B Oys,Eterna,,1,63,0,12,0,N,,Stratford,25.14,37.12,0.0,,0.0,435,False,2026-07-21,No Closure,435 (2038459-1),E,12621 - CAN 2-F,,435 (2038459-1),,,31.0
366453,5035483,1,2026-08-07,500,1,234,0,0,0,0,1.0,0,,Corrugator,1060,10967.0,11625.02,1060.0,1060,18692,,,2026-08-13,0,11625.02,183184,2026-08-13,B,Regular Slotted Carton,,Nozomi Digital 1 Side Print,1,3,M2501244,1.0,0,1,0,26.06,59.14,0,0.0,"16-1/2 x 12-1/2 x 13-1/2  -(It's You)
RSC, Glued, 
Nozomi Digital 1 Side Print 
B Flute 32 ECT Oy",Treetop,,0,,,1.0,0,0,0,True,0,Pack & Protect A-1,Regular,False,234,0,B32 OY,OT,2026-07-30 12:19:44,,0,False,0,0,200 B Oys,,,1,62,0,12,0,GI,Dig Ink Med Intensity (60%),BURLINGTON,16.08,12.08,13.08,,1.0,1193,False,2026-07-30,Glued,1193 (2038617-1),"N,L,PP",,Dig Ink Med Intensity,1193 (2038617-1),189.0,2026-08-05,
366455,5035483,1,2026-08-11,500,15,69,1,45,1,2160,1.0,0,,Langston Saturn 50x110,1060,10967.0,11625.02,1060.0,1060,18692,,,2026-08-13,0,11625.02,183184,2026-08-13,B,Regular Slotted Carton,L,Nozomi Digital 1 Side Print,1,3,M2501244,1.0,3,1,0,26.06,59.14,0,74.0,"16-1/2 x 12-1/2 x 13-1/2  -(It's You)
RSC, Glued, 
Nozomi Digital 1 Side Print 
B Flute 32 ECT Oy",Treetop,,0,,,0.6,0,0,0,True,2,Pack & Protect A-1,Regular,False,1,0,B32 OY,OT,2026-07-30 12:19:44,,0,False,0,0,200 B Oys,Langston,,1,62,0,12,0,GI,Dig Ink Med Intensity (60%),BURLINGTON,16.08,12.08,13.08,,1.0,1193,False,2026-07-30,Glued,1193 (2038617-1),"N,L,PP",,Dig Ink Med Intensity,1193 (2038617-1),237.0,2026-08-12,85.0
366456,5035483,1,2026-08-12,500,20,237,1,0,1,0,1.0,0,,Pack & Protect A-1,1060,10967.0,11625.02,1060.0,1060,18692,,,2026-08-13,0,11625.02,183184,2026-08-13,B,Regular Slotted Carton,PP,Nozomi Digital 1 Side Print,1,3,M2501244,1.0,5,1,0,26.06,59.14,0,0.0,"16-1/2 x 12-1/2 x 13-1/2  -(It's You)
RSC, Glued, 
Nozomi Digital 1 Side Print 
B Flute 32 ECT Oy",Treetop,,0,,,1.0,0,0,0,True,0,Pack & Protect A-1,Regular,False,6,0,B32 OY,OT,2026-07-30 12:19:44,,0,False,0,0,200 B Oys,,,1,62,0,12,0,GI,Dig Ink Med Intensity (60%),BURLINGTON,16.08,12.08,13.08,,1.0,1193,False,2026-07-30,Glued,1193 (2038617-1),"N,L,PP",,Dig Ink Med Intensity,1193 (2038617-1),,,
366454,5035483,1,2026-08-05,500,5,189,1,10,1,1826,1.0,0,,Nozomi Digital Printer,1060,10967.0,11625.02,1060.0,1060,18692,,,2026-08-13,0,11625.02,183184,2026-08-13,B,Regular Slotted Carton,N,Nozomi Digital 1 Side Print,1,3,M2501244,1.0,3,1,0,26.06,59.14,0,45.0,"16-1/2 x 12-1/2 x 13-1/2  -(It's You)
RSC, Glued, 
Nozomi Digital 1 Side Print 
B Flute 32 ECT Oy",Treetop,,0,,,1.0,0,0,0,True,1,Pack & Protect A-1,Regular,False,1,0,B32 OY,OT,2026-07-30 12:19:44,,0,False,0,0,200 B Oys,NAZ,,1,62,0,12,0,GI,Dig Ink Med Intensity (60%),BURLINGTON,16.08,12.08,13.08,,1.0,1193,False,2026-07-30,Glued,1193 (2038617-1),"N,L,PP",,Dig Ink Med Intensity,1193 (2038617-1),69.0,2026-08-11,81.0
364726,5035417,1,2026-08-05,200,1,234,0,0,0,0,1.0,0,,Corrugator,18000,7935.0,142830.0,16200.0,19800,11312,,,2026-08-10,1,142830.0,185232,2026-08-10,C,Regular Slotted Carton,,Flexo 1 Colour Print,1,3,M2201171-0,3.0,0,1,0,50.11,67.1,15620,0.0,"BCR Shipping Box 24lb 2025
22-1/4x10x6-3/16  44C Kraft
1C Tapered Slots 375/sk",BCR,,0,,,1.0,0,0,0,True,0,,Stock & Release,False,234,0,C44 K,OT,2026-07-24 10:34:10,,15620,False,0,0,275 C,,,1,64,15620,15,0,GI,GCMI 90 BLACK HK (10%),SMITHVILLE,22.04,10.0,6.03,,1.0,6752,False,2026-07-24,Glued,6752 (2038519-1),"R,L","13566 - P 3 & 4
14558 - UNITED",GCMI 90 BLACK HK,"6752 (2038519-1)
500",166.0,2026-08-04,
364726,5035417,1,2026-08-05,200,1,234,0,0,0,0,1.0,0,,Corrugator,18000,7935.0,142830.0,16200.0,19800,11312,,,2026-08-10,1,142830.0,185232,2026-08-10,C,Regular Slotted Carton,,Flexo 1 Colour Print,1,3,M2201171-0,3.0,0,1,0,50.11,67.1,15620,0.0,"BCR Shipping Box 24lb 2025
22-1/4x10x6-3/16  44C Kraft
1C Tapered Slots 375/sk",BCR,,0,,,1.0,0,0,0,True,0,,Stock & Release,False,234,0,C44 K,OT,2026-07-24 10:34:10,,15620,False,0,0,275 C,,,1,64,15620,15,0,GI,GCMI 90 BLACK HK (10%),SMITHVILLE,22.04,10.0,6.03,,1.0,6752,False,2026-07-24,Glued,6752 (2038519-1),"R,L","13566 - P 3 & 4
14558 - UNITED",GCMI 90 BLACK HK,"6752 (2038519-1)
500",166.0,2026-08-04,
362104,5034275,1,2026-08-05,-300,1,234,0,0,0,0,1.0,0,,Corrugator,11500,5385.0,61927.5,11500.0,12650,18006,,,2026-08-07,0,61927.5,186655,2026-08-07,E,RDC - Rotary Die Cut,,Flexo 1 Colour Print,1,3,M2500998,1.0,0,1,0,35.04,22.0,0,0.0,"203833 Aldi Maxx Tray
21 x 34-1/4
RDC, No Closure, 
Flexo 1 Colour Print 
*PMS 422U Gray
E32 Oy",Taste of Nature,,0,,,1.0,0,0,0,True,0,,Regular,False,234,0,E32 OY,CRB,2026-07-15 06:50:19,,0,False,0,0,200 E Oys,,,1,64,0,12,0,N,PMS 422U Gray (50%),Richmond Hill,21.0,34.04,0.0,,1.0,12650,False,2026-07-15,No Closure,12650 (2037437-1),R,"14371 - FLINT
14682 - UNITED",PMS 422U Gray,12650 (2037437-1),166.0,2026-08-07,
362105,5034275,1,2026-08-07,100,10,166,1,33,1,2000,1.0,0,,United Rotary 66x113 4 Colour,11500,5385.0,61927.5,11500.0,12650,18006,,,2026-08-07,0,61927.5,186655,2026-08-07,E,RDC - Rotary Die Cut,R,Flexo 1 Colour Print,1,3,M2500998,1.0,3,1,0,35.04,22.0,0,378.0,"203833 Aldi Maxx Tray
21 x 34-1/4
RDC, No Closure, 
Flexo 1 Colour Print 
*PMS 422U Gray
E32 Oy",Taste of Nature,,0,,,1.0,0,0,0,True,2,,Regular,False,2,0,E32 OY,CRB,2026-07-15 06:50:19,,0,False,0,0,200 E Oys,Prospect Rotary,,1,64,0,12,0,N,PMS 422U Gray (50%),Richmond Hill,21.0,34.04,0.0,,1.0,12650,False,2026-07-15,No Closure,12650 (2037437-1),R,"14371 - FLINT
14682 - UNITED",PMS 422U Gray,12650 (2037437-1),,,566.0
357681,5034087,1,2026-08-05,-2200,1,234,0,0,0,0,1.0,0,,Corrugator,1000,5805.0,5805.0,900.0,1100,11312,,,2026-07-07,1,5805.0,186702,2026-07-07,C,Regular Slotted Carton,,Nozomi Digital 1 Side Print,1,3,M2300510,2.0,0,1,0,32.08,51.07,0,0.0,"HH 16lb- BeefLamb
14-5/8 x 9-1/2 x 5-3/4
RSC, Glued, Digital 1 Side Print 
C Flute 40 # Kemi 2 Si",BCR,,0,,,1.0,0,0,0,True,0,,Stock & Release,False,234,0,C40 Coated White 2S,OT,2026-06-24 11:56:13,,225,False,0,0,,,,1,62,225,15,0,GI,Dig Ink Med Intensity (80%),SMITHVILLE,14.1,9.08,5.12,,1.0,908,False,2026-06-24,Glued,908 (2037091-1),"N,R,BobstGluer",13577 - M-8,Dig Ink Med Intensity,908 (2037091-1),189.0,2026-07-08,
357678,5034087,1,2026-08-07,-50,30,167,1,60,1,1500,1.0,0,,"Bobst Specialty Gluer 115""",1000,5805.0,5805.0,900.0,1100,11312,,,2026-07-07,1,5805.0,186702,2026-07-07,C,Regular Slotted Carton,Bobst Gluer,Nozomi Digital 1 Side Print,1,3,M2300510,2.0,3,1,0,32.08,51.07,0,100.0,"HH 16lb- BeefLamb
14-5/8 x 9-1/2 x 5-3/4
RSC, Glued, Digital 1 Side Print 
C Flute 40 # Kemi 2 Si",BCR,,0,,,1.0,0,0,0,True,0,,Stock & Release,False,6,0,C40 Coated White 2S,OT,2026-06-24 11:56:13,,225,False,0,0,,Bobst Gluer,,1,62,225,15,0,GI,Dig Ink Med Intensity (80%),SMITHVILLE,14.1,9.08,5.12,,1.0,908,False,2026-06-24,Glued,908 (2037091-1),"N,R,BobstGluer",13577 - M-8,Dig Ink Med Intensity,908 (2037091-1),,,100.0
364332,5035365,1,2026-08-05,-100,1,234,0,0,0,0,1.0,0,,Corrugator,1500,7925.0,11887.5,1350.0,1650,11312,,,2026-08-04,1,11887.5,187010,2026-08-03,C,Regular Slotted Carton,,Nozomi Digital 1 Side Print,1,3,M2200972,2.0,0,1,0,33.12,67.1,1584,0.0,"COUNTRY 18s Tapered Slots 
22-1/4x9-1/2x5-3/4 -  
C40 Kemi Digital RSC + Handhold",BCR,,0,,,1.0,0,0,0,True,0,,Stock & Release,False,234,0,C40 Coated White 1S,OT,2026-07-22 12:18:58,,1584,False,0,0,,,,1,62,1584,15,0,GI,Dig Ink Med Intensity (50%),SMITHVILLE,22.04,9.08,5.12,,1.0,920,False,2026-07-21,Glued,920 (2038479-1),"N,R,BobstGluer",13438 - L-3,Dig Ink Med Intensity,"920 (2038479-1)
500 Woodward",189.0,2026-07-30,
363976,5034235,1,2026-08-05,-200,1,234,0,0,0,0,1.0,0,,Corrugator,3000,7576.0,22728.0,2700.0,3300,11312,,,2026-07-31,1,22728.0,187015,2026-07-28,C,Regular Slotted Carton,,Flexo 2 Colour Printing,2,3,M2301424,2.0,0,1,0,32.12,66.1,3096,0.0,"CND XL CHICKEN
22-1/4x9-1/2x5-3/4 -  
C40 Kraft +WRA
2 Col Flexo Print
360/ Unit",BCR,,0,,,1.0,0,0,0,True,0,,Stock & Release,False,234,0,C40 K,OT,2026-07-21 12:27:35,,3096,False,0,0,200 O/T C,,,1,64,3096,15,0,GI,"GCMI 90 BLACK AU (15%), PMS 7545 Blue C (15%)",SMITHVILLE,22.04,9.08,5.12,,1.0,1628,False,2026-07-10,Glued,1628 (2038454-1),"R,BobstGluer","13438 - L-3
14690 - RACK A","GCMI 90 BLACK AU
PMS 7545 Blue C",1628 (2038454-1),166.0,2026-07-28,
363976,5034235,1,2026-08-05,-200,1,234,0,0,0,0,1.0,0,,Corrugator,3000,7576.0,22728.0,2700.0,3300,11312,,,2026-07-31,1,22728.0,187015,2026-07-28,C,Regular Slotted Carton,,Flexo 2 Colour Printing,2,3,M2301424,2.0,0,1,0,32.12,66.1,3096,0.0,"CND XL CHICKEN
22-1/4x9-1/2x5-3/4 -  
C40 Kraft +WRA
2 Col Flexo Print
360/ Unit",BCR,,0,,,1.0,0,0,0,True,0,,Stock & Release,False,234,0,C40 K,OT,2026-07-21 12:27:35,,3096,False,0,0,200 O/T C,,,1,64,3096,15,0,GI,"GCMI 90 BLACK AU (15%), PMS 7545 Blue C (15%)",SMITHVILLE,22.04,9.08,5.12,,1.0,1628,False,2026-07-10,Glued,1628 (2038454-1),"R,BobstGluer","13438 - L-3
14690 - RACK A","GCMI 90 BLACK AU
PMS 7545 Blue C",1628 (2038454-1),166.0,2026-07-28,
308059,5029930,1,2026-08-03,-24800,1,234,0,0,0,0,1.0,0,,Corrugator,750,13952.0,10464.0,675.0,825,10001,,,2025-08-18,1,10464.0,103532,2025-08-18,C,Regular Slotted Carton,,Plain,0,3,,1.0,0,1,0,28.1,70.03,0,0.0,"W201414MD
20 x 14 x 14, 12, 10, 8 MD
RSC 32C Kraft 25/250",Moyy|WB,,0,,,1.0,10,0,0,True,0,Colex I Cutter (WB),Stock & Release,False,234,0,C32 K,OT,2025-07-29 16:47:57,,0,False,0,0,200 C,,,1,60,0,12,0,GI,,Hamilton,20.0,14.0,14.0,,1.0,820,False,2025-07-29,Glued,820 (2032546-1),,,,820 (2032546-1),168.0,2026-08-03,
308058,5029930,1,2026-08-03,-23700,10,168,1,0,1,0,1.0,0,,Farm Out,750,13952.0,10464.0,675.0,825,10001,,,2025-08-18,1,10464.0,103532,2025-08-18,C,Regular Slotted Carton,,Plain,0,3,,1.0,7,1,0,28.1,70.03,0,0.0,"W201414MD
20 x 14 x 14, 12, 10, 8 MD
RSC 32C Kraft 25/250",Moyy|WB,,0,,,1.0,10,0,0,True,0,Colex I Cutter (WB),Stock & Release,False,4,0,C32 K,OT,2025-07-29 16:47:57,,0,False,0,0,200 C,Farm Out,,1,60,0,12,0,GI,,Hamilton,20.0,14.0,14.0,,1.0,820,False,2025-07-29,Glued,820 (2032546-1),,,,820 (2032546-1),,,
355336,5033030,1,2026-08-05,-2500,1,234,0,0,0,0,1.0,0,,Corrugator,4080,4207.0,17164.56,3672.0,4488,10015,,,2026-06-30,1,17164.56,104825,2026-06-30,B,Flat Bed Die Cut,,Plain,0,3,,2.0,0,1,0,27.0,44.14,0,0.0,"F0590 Inner Tig Plain
13 x 43+7/8 32B W Plain
Flat Bed Die Cut, No Closure
1020/ Unit",Nexal,,0,,,1.0,5,0,0,True,0,Hand Assembly,Stock & Release,False,234,0,B32 OY,OT,2026-06-17 13:19:51,,0,False,0,0,200 B Oys,,,1,1,0,12,0,N,,MISSISSAUGA,43.14,13.0,0.0,,1.0,2258,False,2026-06-16,No Closure,2258 (2036025-1),Assembly,12592 -,,2258 (2036025-1),168.0,2026-08-05,
355337,5033030,1,2026-08-05,-2700,10,168,1,0,1,0,1.0,0,,Farm Out,4080,4207.0,17164.56,3672.0,4488,10015,,,2026-06-30,1,17164.56,104825,2026-06-30,B,Flat Bed Die Cut,,Plain,0,3,,2.0,7,1,0,27.0,44.14,0,0.0,"F0590 Inner Tig Plain
13 x 43+7/8 32B W Plain
Flat Bed Die Cut, No Closure
1020/ Unit",Nexal,,0,,,1.0,5,0,0,True,0,Hand Assembly,Stock & Release,False,4,0,B32 OY,OT,2026-06-17 13:19:51,,0,False,0,0,200 B Oys,Farm Out,,1,1,0,12,0,N,,MISSISSAUGA,43.14,13.0,0.0,,1.0,2258,False,2026-06-16,No Closure,2258 (2036025-1),Assembly,12592 -,,2258 (2036025-1),58.0,2026-08-05,
355338,5033030,1,2026-08-05,-2400,20,58,1,0,1,0,1.0,0,,Hand Assembly,4080,4207.0,17164.56,3672.0,4488,10015,,,2026-06-30,1,17164.56,104825,2026-06-30,B,Flat Bed Die Cut,Assembly,Plain,0,3,,2.0,5,1,0,27.0,44.14,0,0.0,"F0590 Inner Tig Plain
13 x 43+7/8 32B W Plain
Flat Bed Die Cut, No Closure
1020/ Unit",Nexal,,0,,,1.0,5,0,0,True,0,Hand Assembly,Stock & Release,False,6,0,B32 OY,OT,2026-06-17 13:19:51,,0,False,0,0,200 B Oys,Assembly,,1,1,0,12,0,N,,MISSISSAUGA,43.14,13.0,0.0,,1.0,2258,False,2026-06-16,No Closure,2258 (2036025-1),Assembly,12592 -,,2258 (2036025-1),,,
324623,5031560,1,2026-08-03,-12900,1,234,0,0,0,0,1.0,0,,Corrugator,1250,9707.0,12133.75,1125.0,1375,10001,,,2026-01-30,1,12133.75,105292,2026-01-30,C,Regular Slotted Carton,,Plain,0,3,,1.0,0,1,0,22.08,62.02,0,0.0,"W181210
18 x 12 x 10
RSC 32C Kraft 25/250
Bundled in 25s",Moyy|WB,,0,,,1.0,10,0,0,True,0,Colex I Cutter (WB),Stock & Release,False,234,0,C32 K,OT,2026-01-13 16:09:21,,1310,False,0,0,200 C,,,1,60,1310,12,0,GI,,Hamilton,18.0,12.0,10.0,,1.0,2646,False,2026-01-13,Glued,2646 (2034250-1),,,,2646 (2034250-1),168.0,2026-08-03,
324623,5031560,1,2026-08-03,-12900,1,234,0,0,0,0,1.0,0,,Corrugator,1250,9707.0,12133.75,1125.0,1375,10001,,,2026-01-30,1,12133.75,105292,2026-01-30,C,Regular Slotted Carton,,Plain,0,3,,1.0,0,1,0,22.08,62.02,0,0.0,"W181210
18 x 12 x 10
RSC 32C Kraft 25/250
Bundled in 25s",Moyy|WB,,0,,,1.0,10,0,0,True,0,Colex I Cutter (WB),Stock & Release,False,234,0,C32 K,OT,2026-01-13 16:09:21,,1310,False,0,0,200 C,,,1,60,1310,12,0,GI,,Hamilton,18.0,12.0,10.0,,1.0,2646,False,2026-01-13,Glued,2646 (2034250-1),,,,2646 (2034250-1),168.0,2026-08-03,
324624,5031560,1,2026-08-03,-12800,10,168,1,0,1,0,1.0,0,,Farm Out,1250,9707.0,12133.75,1125.0,1375,10001,,,2026-01-30,1,12133.75,105292,2026-01-30,C,Regular Slotted Carton,,Plain,0,3,,1.0,7,1,0,22.08,62.02,0,0.0,"W181210
18 x 12 x 10
RSC 32C Kraft 25/250
Bundled in 25s",Moyy|WB,,0,,,1.0,10,0,0,True,0,Colex I Cutter (WB),Stock & Release,False,4,0,C32 K,OT,2026-01-13 16:09:21,,1310,False,0,0,200 C,Farm Out,,1,60,1310,12,0,GI,,Hamilton,18.0,12.0,10.0,,1.0,2646,False,2026-01-13,Glued,2646 (2034250-1),,,,2646 (2034250-1),,,
324624,5031560,1,2026-08-03,-12800,10,168,1,0,1,0,1.0,0,,Farm Out,1250,9707.0,12133.75,1125.0,1375,10001,,,2026-01-30,1,12133.75,105292,2026-01-30,C,Regular Slotted Carton,,Plain,0,3,,1.0,7,1,0,22.08,62.02,0,0.0,"W181210
18 x 12 x 10
RSC 32C Kraft 25/250
Bundled in 25s",Moyy|WB,,0,,,1.0,10,0,0,True,0,Colex I Cutter (WB),Stock & Release,False,4,0,C32 K,OT,2026-01-13 16:09:21,,1310,False,0,0,200 C,Farm Out,,1,60,1310,12,0,GI,,Hamilton,18.0,12.0,10.0,,1.0,2646,False,2026-01-13,Glued,2646 (2034250-1),,,,2646 (2034250-1),,,
354915,5029980,1,2026-08-03,-25300,1,234,0,0,0,0,1.0,0,,Corrugator,600,14996.0,8997.6,540.0,660,10001,,,2025-08-11,1,8997.6,105740,2025-08-11,C,Regular Slotted Carton,,Plain,0,3,,1.0,0,1,0,32.1,66.03,0,0.0,"W161616MD
16 x 16 x 16, 14, 12, 10, 8
RSC 32C Kraft MD 20/120",Moyy|WB,,0,,,1.0,10,0,0,True,0,Colex I Cutter (WB),Stock & Release,False,234,0,C32 K,OT,2025-07-31 15:49:27,,0,False,0,0,200 C,,,1,1,0,12,0,GI,,Hamilton,16.0,16.0,16.0,,1.0,688,False,2025-07-31,Glued,688 (2032579-1),,,,688 (2032579-1),168.0,2026-08-03,
354914,5029980,1,2026-08-03,-23800,10,168,1,0,1,0,1.0,0,,Farm Out,600,14996.0,8997.6,540.0,660,10001,,,2025-08-11,1,8997.6,105740,2025-08-11,C,Regular Slotted Carton,,Plain,0,3,,1.0,7,1,0,32.1,66.03,0,0.0,"W161616MD
16 x 16 x 16, 14, 12, 10, 8
RSC 32C Kraft MD 20/120",Moyy|WB,,0,,,1.0,10,0,0,True,0,Colex I Cutter (WB),Stock & Release,False,4,0,C32 K,OT,2025-07-31 15:49:27,,0,False,0,0,200 C,Farm Out,,1,1,0,12,0,GI,,Hamilton,16.0,16.0,16.0,,1.0,688,False,2025-07-31,Glued,688 (2032579-1),,,,688 (2032579-1),,,
314193,5031141,1,2026-08-03,-13100,1,234,0,0,0,0,1.0,0,,Corrugator,975,65971.0,64321.725,878.0,1073,17841,,,2025-12-12,1,107417.28075,151260,2025-12-12,DW,Half Slotted Top,,Plain,0,3,,1.0,0,1,0,61.11,154.0,1253,0.0,"Combo Bin, Sesame Tape 
& 5 Exterior Straps HSC Top
46 x 38 x 40-3/4 71BC Glued
75/unit",PROREC,,0,,,1.0,0,0,0,True,0,Strapper (For Bulk Bins),Stock & Release,False,234,0,BC71 K,OT,2025-11-21 08:14:21,,1253,False,0,0,605,,,1,60,1253,12,0,GI,,MISSISSAUGA,45.11,37.11,40.11,,1.0,1077,False,2025-11-21,Glued,1077 (2033766-1),Strapper,,,1077 (2033766-1),168.0,2026-08-03,
314194,5031141,1,2026-08-03,-13000,10,168,1,0,1,0,1.0,0,,Farm Out,975,65971.0,64321.725,878.0,1073,17841,,,2025-12-12,1,107417.28075,151260,2025-12-12,DW,Half Slotted Top,,Plain,0,3,,1.0,7,1,0,61.11,154.0,1253,0.0,"Combo Bin, Sesame Tape 
& 5 Exterior Straps HSC Top
46 x 38 x 40-3/4 71BC Glued
75/unit",PROREC,,0,,,1.0,0,0,0,True,0,Strapper (For Bulk Bins),Stock & Release,False,4,0,BC71 K,OT,2025-11-21 08:14:21,,1253,False,0,0,605,Farm Out,,1,60,1253,12,0,GI,,MISSISSAUGA,45.11,37.11,40.11,,1.0,1077,False,2025-11-21,Glued,1077 (2033766-1),Strapper,,,1077 (2033766-1),155.0,2026-01-26,
365009,5035438,1,2026-08-06,500,1,234,0,0,0,0,1.0,0,,Corrugator,1500,1670.0,2505.0,1500.0,1650,18930,,,2026-08-14,0,2505.0,176081,2026-08-14,E,Flat Bed Die Cut Digital,,Nozomi Digital 1 Side Print,1,3,,4.0,0,1,0,26.1,36.02,0,0.0,"PORT_46777
13-11/16 x 17-1/16
FBDC, Glued, 
Nozomi Digital 1 Side Print 
E40 Coated White 1 Side",BCI,,0,,,1.0,0,0,0,True,0,Co-Packing - carton pack,Regular,False,234,0,E40 Coated White 1S,CRB,2026-07-27 14:37:20,,0,False,0,0,,,,1,65,0,12,0,GI,Dig Ink Med Intensity (100%),Victor,17.01,13.11,0.0,,1.0,550,False,2026-07-27,Glued,550 (2038554-1),"N,E,Bundling,Co-Packing",14196 - CAN 1-C,Dig Ink Med Intensity,550 (2038554-1),189.0,2026-08-05,
365010,5035438,1,2026-08-05,140,10,189,1,10,1,47973,1.0,0,,Nozomi Digital Printer,1500,1670.0,2505.0,1500.0,1650,18930,,,2026-08-14,0,2505.0,176081,2026-08-14,E,Flat Bed Die Cut Digital,N,Nozomi Digital 1 Side Print,1,3,,4.0,3,1,0,26.1,36.02,0,12.0,"PORT_46777
13-11/16 x 17-1/16
FBDC, Glued, 
Nozomi Digital 1 Side Print 
E40 Coated White 1 Side",BCI,,0,,,1.0,0,0,0,True,1,Co-Packing - carton pack,Regular,False,1,0,E40 Coated White 1S,CRB,2026-07-27 14:37:20,,0,False,0,0,,NAZ,,1,65,0,12,0,GI,Dig Ink Med Intensity (100%),Victor,17.01,13.11,0.0,,1.0,550,False,2026-07-27,Glued,550 (2038554-1),"N,E,Bundling,Co-Packing",14196 - CAN 1-C,Dig Ink Med Intensity,550 (2038554-1),213.0,2026-08-10,41.0
365011,5035438,1,2026-08-10,500,20,213,1,25,1,5400,1.0,0,,Eterna,1500,1670.0,2505.0,1500.0,1650,18930,,,2026-08-14,0,2505.0,176081,2026-08-14,E,Flat Bed Die Cut Digital,E,Nozomi Digital 1 Side Print,1,3,,4.0,3,1,0,26.1,36.02,0,42.0,"PORT_46777
13-11/16 x 17-1/16
FBDC, Glued, 
Nozomi Digital 1 Side Print 
E40 Coated White 1 Side",BCI,,0,,,1.0,0,0,0,True,0,Co-Packing - carton pack,Regular,False,3,0,E40 Coated White 1S,CRB,2026-07-27 14:37:20,,0,False,0,0,,Eterna,,1,65,0,12,0,GI,Dig Ink Med Intensity (100%),Victor,17.01,13.11,0.0,,1.0,550,False,2026-07-27,Glued,550 (2038554-1),"N,E,Bundling,Co-Packing",14196 - CAN 1-C,Dig Ink Med Intensity,550 (2038554-1),236.0,2026-08-11,92.0
365012,5035438,1,2026-08-11,500,30,236,1,0,1,0,1.0,0,,Boxxer - James - co-packing,1500,1670.0,2505.0,1500.0,1650,18930,,,2026-08-14,0,2505.0,176081,2026-08-14,E,Flat Bed Die Cut Digital,,Nozomi Digital 1 Side Print,1,3,,4.0,0,1,0,26.1,36.02,0,0.0,"PORT_46777
13-11/16 x 17-1/16
FBDC, Glued, 
Nozomi Digital 1 Side Print 
E40 Coated White 1 Side",BCI,,0,,,1.0,0,0,0,True,0,Co-Packing - carton pack,Regular,False,0,0,E40 Coated White 1S,CRB,2026-07-27 14:37:20,,0,False,0,0,,,,1,65,0,12,0,GI,Dig Ink Med Intensity (100%),Victor,17.01,13.11,0.0,,1.0,550,False,2026-07-27,Glued,550 (2038554-1),"N,E,Bundling,Co-Packing",14196 - CAN 1-C,Dig Ink Med Intensity,550 (2038554-1),55.0,2026-08-11,
365014,5035438,1,2026-08-12,500,50,193,1,0,1,0,1.0,0,,Pack & Protect D-1,1500,1670.0,2505.0,1500.0,1650,18930,,,2026-08-14,0,2505.0,176081,2026-08-14,E,Flat Bed Die Cut Digital,Co-Packing,Nozomi Digital 1 Side Print,1,3,,4.0,5,1,0,26.1,36.02,0,0.0,"PORT_46777
13-11/16 x 17-1/16
FBDC, Glued, 
Nozomi Digital 1 Side Print 
E40 Coated White 1 Side",BCI,,0,,,1.0,0,0,0,True,0,Co-Packing - carton pack,Regular,False,6,0,E40 Coated White 1S,CRB,2026-07-27 14:37:20,,0,False,0,0,,CP,,1,65,0,12,0,GI,Dig Ink Med Intensity (100%),Victor,17.01,13.11,0.0,,1.0,550,False,2026-07-27,Glued,550 (2038554-1),"N,E,Bundling,Co-Packing",14196 - CAN 1-C,Dig Ink Med Intensity,550 (2038554-1),,,
365013,5035438,1,2026-08-11,500,40,55,1,10,1,3000,1.0,0,,Bundling,1500,1670.0,2505.0,1500.0,1650,18930,,,2026-08-14,0,2505.0,176081,2026-08-14,E,Flat Bed Die Cut Digital,Bundling,Nozomi Digital 1 Side Print,1,3,,4.0,8,1,0,26.1,36.02,0,40.0,"PORT_46777
13-11/16 x 17-1/16
FBDC, Glued, 
Nozomi Digital 1 Side Print 
E40 Coated White 1 Side",BCI,,0,,,1.0,0,0,0,True,0,Co-Packing - carton pack,Regular,False,0,0,E40 Coated White 1S,CRB,2026-07-27 14:37:20,,0,False,0,0,,Bundling,,1,65,0,12,0,GI,Dig Ink Med Intensity (100%),Victor,17.01,13.11,0.0,,1.0,550,False,2026-07-27,Glued,550 (2038554-1),"N,E,Bundling,Co-Packing",14196 - CAN 1-C,Dig Ink Med Intensity,550 (2038554-1),193.0,2026-08-12,40.0
362339,5034241,9,2026-08-05,-800,1,234,0,0,0,0,1.0,0,,Corrugator,2700,4106.0,11086.2,2700.0,2970,12206,,,2026-07-31,0,11086.2,184267,2026-07-31,B,Regular Slotted Carton,,Nozomi Digital 1 Side Print,1,3,,3.0,0,1,0,43.01,41.03,0,0.0,"Complete Turkey Beef Recipe
11-3/4 x 7-1/2 x 6-1/4
RSC, Glued, Digital 1 Side 
B Flute 32 ECT Oys",Back2Raw,,0,,,1.0,0,0,0,True,0,Pack & Protect A-1,Regular,False,234,0,B32 OY,OT,2026-07-13 09:04:34,,0,False,0,0,200 B Oys,,,1,65,0,12,0,GI,"Dig Ink Med Intensity (20%), Non-Coated Digital (0%)",St. Davids,11.12,7.08,6.04,,1.0,7994,False,2026-07-13,Glued,7994 (2037407-1),"N,E,BobstGluer,PP",13885 - ETERNA CAN4-E,"Dig Ink Med Intensity
Non-Coated Digital",7994 (2037407-1),189.0,2026-07-28,
362341,5034241,9,2026-08-05,100,20,213,1,25,1,6000,1.0,0,,Eterna,2700,4106.0,11086.2,2700.0,2970,12206,,,2026-07-31,0,11086.2,184267,2026-07-31,B,Regular Slotted Carton,E,Nozomi Digital 1 Side Print,1,3,,3.0,3,1,0,43.01,41.03,0,52.0,"Complete Turkey Beef Recipe
11-3/4 x 7-1/2 x 6-1/4
RSC, Glued, Digital 1 Side 
B Flute 32 ECT Oys",Back2Raw,,0,,,1.0,0,0,0,True,0,Pack & Protect A-1,Regular,False,3,0,B32 OY,OT,2026-07-13 09:04:34,,0,False,0,0,200 B Oys,Eterna,,1,65,0,12,0,GI,"Dig Ink Med Intensity (20%), Non-Coated Digital (0%)",St. Davids,11.12,7.08,6.04,,1.0,7994,False,2026-07-13,Glued,7994 (2037407-1),"N,E,BobstGluer,PP",13885 - ETERNA CAN4-E,"Dig Ink Med Intensity
Non-Coated Digital",7994 (2037407-1),167.0,2026-08-06,108.0
362342,5034241,9,2026-08-06,100,30,167,1,20,1,8000,1.0,0,,"Bobst Specialty Gluer 115""",2700,4106.0,11086.2,2700.0,2970,12206,,,2026-07-31,0,11086.2,184267,2026-07-31,B,Regular Slotted Carton,Bobst Gluer,Nozomi Digital 1 Side Print,1,3,,3.0,3,1,0,43.01,41.03,0,40.0,"Complete Turkey Beef Recipe
11-3/4 x 7-1/2 x 6-1/4
RSC, Glued, Digital 1 Side 
B Flute 32 ECT Oys",Back2Raw,,0,,,1.0,0,0,0,True,0,Pack & Protect A-1,Regular,False,6,0,B32 OY,OT,2026-07-13 09:04:34,,0,False,0,0,200 B Oys,Bobst Gluer,,1,65,0,12,0,GI,"Dig Ink Med Intensity (20%), Non-Coated Digital (0%)",St. Davids,11.12,7.08,6.04,,1.0,7994,False,2026-07-13,Glued,7994 (2037407-1),"N,E,BobstGluer,PP",13885 - ETERNA CAN4-E,"Dig Ink Med Intensity
Non-Coated Digital",7994 (2037407-1),237.0,2026-08-05,78.0
362343,5034241,9,2026-08-05,100,40,237,1,0,1,0,1.0,0,,Pack & Protect A-1,2700,4106.0,11086.2,2700.0,2970,12206,,,2026-07-31,0,11086.2,184267,2026-07-31,B,Regular Slotted Carton,PP,Nozomi Digital 1 Side Print,1,3,,3.0,5,1,0,43.01,41.03,0,0.0,"Complete Turkey Beef Recipe
11-3/4 x 7-1/2 x 6-1/4
RSC, Glued, Digital 1 Side 
B Flute 32 ECT Oys",Back2Raw,,0,,,1.0,0,0,0,True,0,Pack & Protect A-1,Regular,False,6,0,B32 OY,OT,2026-07-13 09:04:34,,0,False,0,0,200 B Oys,,,1,65,0,12,0,GI,"Dig Ink Med Intensity (20%), Non-Coated Digital (0%)",St. Davids,11.12,7.08,6.04,,1.0,7994,False,2026-07-13,Glued,7994 (2037407-1),"N,E,BobstGluer,PP",13885 - ETERNA CAN4-E,"Dig Ink Med Intensity
Non-Coated Digital",7994 (2037407-1),,,
365141,5035452,1,2026-08-05,400,5,250,1,0,1,0,1.0,0,,Nozomi Press Approval,5000,15609.0,78045.0,4500.0,5500,18006,,,2026-08-06,0,78045.0,185897,2026-08-06,C,RDC - Rotary Die Cut,,Nozomi Digital 1 Side Print,1,3,,1.0,8,1,0,49.01,45.13,0,0.0,"TON COSTCO SAVORY TRAY REV
22-1/2 x 15-1/4 x 10-15/16
47-1/16 x 43-13/16
Rotary Die Cut, No Closu",Taste of Nature,,0,,,1.0,0,0,0,True,0,Pack & Protect D-2,Regular,False,2,0,C40 Coated White 1S,OT,2026-07-28 10:00:05,,0,False,0,0,,,,1,65,0,12,0,N,Dig Ink Med Intensity (45%),Markham,43.13,47.01,0.0,,1.0,5491,False,2026-07-28,No Closure,5491 (2038551-1),"N,R",14897 - WOODWARD RECEIVING,Dig Ink Med Intensity,5491 (2038551-1),189.0,2026-08-04,
365141,5035452,1,2026-08-05,400,5,250,1,0,1,0,1.0,0,,Nozomi Press Approval,5000,15609.0,78045.0,4500.0,5500,18006,,,2026-08-06,0,78045.0,185897,2026-08-06,C,RDC - Rotary Die Cut,,Nozomi Digital 1 Side Print,1,3,,1.0,8,1,0,49.01,45.13,0,0.0,"TON COSTCO SAVORY TRAY REV
22-1/2 x 15-1/4 x 10-15/16
47-1/16 x 43-13/16
Rotary Die Cut, No Closu",Taste of Nature,,0,,,1.0,0,0,0,True,0,Pack & Protect D-2,Regular,False,2,0,C40 Coated White 1S,OT,2026-07-28 10:00:05,,0,False,0,0,,,,1,65,0,12,0,N,Dig Ink Med Intensity (45%),Markham,43.13,47.01,0.0,,1.0,5491,False,2026-07-28,No Closure,5491 (2038551-1),"N,R",14897 - WOODWARD RECEIVING,Dig Ink Med Intensity,5491 (2038551-1),189.0,2026-08-04,
365140,5035452,1,2026-08-05,200,1,234,0,0,0,0,1.0,0,,Corrugator,5000,15609.0,78045.0,4500.0,5500,18006,,,2026-08-06,0,78045.0,185897,2026-08-06,C,RDC - Rotary Die Cut,,Nozomi Digital 1 Side Print,1,3,,1.0,0,1,0,49.01,45.13,0,0.0,"TON COSTCO SAVORY TRAY REV
22-1/2 x 15-1/4 x 10-15/16
47-1/16 x 43-13/16
Rotary Die Cut, No Closu",Taste of Nature,,0,,,1.0,0,0,0,True,0,Pack & Protect D-2,Regular,False,234,0,C40 Coated White 1S,OT,2026-07-28 10:00:05,,0,False,0,0,,,,1,65,0,12,0,N,Dig Ink Med Intensity (45%),Markham,43.13,47.01,0.0,,1.0,5491,False,2026-07-28,No Closure,5491 (2038551-1),"N,R",14897 - WOODWARD RECEIVING,Dig Ink Med Intensity,5491 (2038551-1),250.0,2026-08-05,
365140,5035452,1,2026-08-05,200,1,234,0,0,0,0,1.0,0,,Corrugator,5000,15609.0,78045.0,4500.0,5500,18006,,,2026-08-06,0,78045.0,185897,2026-08-06,C,RDC - Rotary Die Cut,,Nozomi Digital 1 Side Print,1,3,,1.0,0,1,0,49.01,45.13,0,0.0,"TON COSTCO SAVORY TRAY REV
22-1/2 x 15-1/4 x 10-15/16
47-1/16 x 43-13/16
Rotary Die Cut, No Closu",Taste of Nature,,0,,,1.0,0,0,0,True,0,Pack & Protect D-2,Regular,False,234,0,C40 Coated White 1S,OT,2026-07-28 10:00:05,,0,False,0,0,,,,1,65,0,12,0,N,Dig Ink Med Intensity (45%),Markham,43.13,47.01,0.0,,1.0,5491,False,2026-07-28,No Closure,5491 (2038551-1),"N,R",14897 - WOODWARD RECEIVING,Dig Ink Med Intensity,5491 (2038551-1),250.0,2026-08-05,
365143,5035452,1,2026-08-05,100,20,166,1,33,1,1000,1.0,0,,United Rotary 66x113 4 Colour,5000,15609.0,78045.0,4500.0,5500,18006,,,2026-08-06,0,78045.0,185897,2026-08-06,C,RDC - Rotary Die Cut,R,Nozomi Digital 1 Side Print,1,3,,1.0,3,1,0,49.01,45.13,0,333.0,"TON COSTCO SAVORY TRAY REV
22-1/2 x 15-1/4 x 10-15/16
47-1/16 x 43-13/16
Rotary Die Cut, No Closu",Taste of Nature,,0,,,1.0,0,0,0,True,2,Pack & Protect D-2,Regular,False,2,0,C40 Coated White 1S,OT,2026-07-28 10:00:05,,0,False,0,0,,Prospect Rotary,,1,65,0,12,0,N,Dig Ink Med Intensity (45%),Markham,43.13,47.01,0.0,,1.0,5491,False,2026-07-28,No Closure,5491 (2038551-1),"N,R",14897 - WOODWARD RECEIVING,Dig Ink Med Intensity,5491 (2038551-1),243.0,2026-08-06,345.0
365143,5035452,1,2026-08-05,100,20,166,1,33,1,1000,1.0,0,,United Rotary 66x113 4 Colour,5000,15609.0,78045.0,4500.0,5500,18006,,,2026-08-06,0,78045.0,185897,2026-08-06,C,RDC - Rotary Die Cut,R,Nozomi Digital 1 Side Print,1,3,,1.0,3,1,0,49.01,45.13,0,333.0,"TON COSTCO SAVORY TRAY REV
22-1/2 x 15-1/4 x 10-15/16
47-1/16 x 43-13/16
Rotary Die Cut, No Closu",Taste of Nature,,0,,,1.0,0,0,0,True,2,Pack & Protect D-2,Regular,False,2,0,C40 Coated White 1S,OT,2026-07-28 10:00:05,,0,False,0,0,,Prospect Rotary,,1,65,0,12,0,N,Dig Ink Med Intensity (45%),Markham,43.13,47.01,0.0,,1.0,5491,False,2026-07-28,No Closure,5491 (2038551-1),"N,R",14897 - WOODWARD RECEIVING,Dig Ink Med Intensity,5491 (2038551-1),243.0,2026-08-06,345.0
365144,5035452,1,2026-08-06,500,30,243,1,0,1,0,1.0,0,,Pack & Protect D-2,5000,15609.0,78045.0,4500.0,5500,18006,,,2026-08-06,0,78045.0,185897,2026-08-06,C,RDC - Rotary Die Cut,,Nozomi Digital 1 Side Print,1,3,,1.0,5,1,0,49.01,45.13,0,0.0,"TON COSTCO SAVORY TRAY REV
22-1/2 x 15-1/4 x 10-15/16
47-1/16 x 43-13/16
Rotary Die Cut, No Closu",Taste of Nature,,0,,,1.0,0,0,0,True,0,Pack & Protect D-2,Regular,False,6,0,C40 Coated White 1S,OT,2026-07-28 10:00:05,,0,False,0,0,,,,1,65,0,12,0,N,Dig Ink Med Intensity (45%),Markham,43.13,47.01,0.0,,1.0,5491,False,2026-07-28,No Closure,5491 (2038551-1),"N,R",14897 - WOODWARD RECEIVING,Dig Ink Med Intensity,5491 (2038551-1),,,
365144,5035452,1,2026-08-06,500,30,243,1,0,1,0,1.0,0,,Pack & Protect D-2,5000,15609.0,78045.0,4500.0,5500,18006,,,2026-08-06,0,78045.0,185897,2026-08-06,C,RDC - Rotary Die Cut,,Nozomi Digital 1 Side Print,1,3,,1.0,5,1,0,49.01,45.13,0,0.0,"TON COSTCO SAVORY TRAY REV
22-1/2 x 15-1/4 x 10-15/16
47-1/16 x 43-13/16
Rotary Die Cut, No Closu",Taste of Nature,,0,,,1.0,0,0,0,True,0,Pack & Protect D-2,Regular,False,6,0,C40 Coated White 1S,OT,2026-07-28 10:00:05,,0,False,0,0,,,,1,65,0,12,0,N,Dig Ink Med Intensity (45%),Markham,43.13,47.01,0.0,,1.0,5491,False,2026-07-28,No Closure,5491 (2038551-1),"N,R",14897 - WOODWARD RECEIVING,Dig Ink Med Intensity,5491 (2038551-1),,,
365287,5035447,1,2026-08-05,400,1,234,0,0,0,0,1.0,0,,Corrugator,1000,7724.0,7724.0,900.0,1100,18597,,,2026-08-12,1,7724.0,187439,2026-08-10,B,Flat Bed Die Cut,,Nozomi Digital 1 Side Print,1,3,,2.0,0,1,0,37.1,59.02,0,0.0,"24 x 1 lb Turkey
17-13/16 x 56-7/8
FBDC, Glued, 20/Bundle
Nozomi Digital 1 Side Print 
B Flute 3",Healthy,,0,,,1.0,0,0,0,True,0,Co-Packing,Stock & Release,False,234,0,B32 Coated White 1S,OT,2026-07-28 12:35:34,,0,False,0,0,,,,1,65,0,12,0,GI,"Dig Ink Med Intensity (40%), Coated Digital (0%)",SMITHVILLE,56.14,17.13,0.0,,1.0,594,False,2026-07-27,Glued,594 (2038566-1),"N,E,BobstGluer,Co-Packing",13732 - C4 E,"Dig Ink Med Intensity
Coated Digital",594 (2038566-1),189.0,2026-08-05,
365289,5035447,1,2026-08-10,500,20,213,1,25,1,7000,1.0,0,,Eterna,1000,7724.0,7724.0,900.0,1100,18597,,,2026-08-12,1,7724.0,187439,2026-08-10,B,Flat Bed Die Cut,E,Nozomi Digital 1 Side Print,1,3,,2.0,3,1,0,37.1,59.02,0,34.0,"24 x 1 lb Turkey
17-13/16 x 56-7/8
FBDC, Glued, 20/Bundle
Nozomi Digital 1 Side Print 
B Flute 3",Healthy,,0,,,1.0,0,0,0,True,0,Co-Packing,Stock & Release,False,3,0,B32 Coated White 1S,OT,2026-07-28 12:35:34,,0,False,0,0,,Eterna,,1,65,0,12,0,GI,"Dig Ink Med Intensity (40%), Coated Digital (0%)",SMITHVILLE,56.14,17.13,0.0,,1.0,594,False,2026-07-27,Glued,594 (2038566-1),"N,E,BobstGluer,Co-Packing",13732 - C4 E,"Dig Ink Med Intensity
Coated Digital",594 (2038566-1),167.0,2026-08-07,104.0
365290,5035447,1,2026-08-07,500,30,167,1,31,1,6500,1.0,0,,"Bobst Specialty Gluer 115""",1000,7724.0,7724.0,900.0,1100,18597,,,2026-08-12,1,7724.0,187439,2026-08-10,B,Flat Bed Die Cut,Bobst Gluer,Nozomi Digital 1 Side Print,1,3,,2.0,3,1,0,37.1,59.02,0,40.0,"24 x 1 lb Turkey
17-13/16 x 56-7/8
FBDC, Glued, 20/Bundle
Nozomi Digital 1 Side Print 
B Flute 3",Healthy,,0,,,1.0,0,0,0,True,0,Co-Packing,Stock & Release,False,6,0,B32 Coated White 1S,OT,2026-07-28 12:35:34,,0,False,0,0,,Bobst Gluer,,1,65,0,12,0,GI,"Dig Ink Med Intensity (40%), Coated Digital (0%)",SMITHVILLE,56.14,17.13,0.0,,1.0,594,False,2026-07-27,Glued,594 (2038566-1),"N,E,BobstGluer,Co-Packing",13732 - C4 E,"Dig Ink Med Intensity
Coated Digital",594 (2038566-1),193.0,2026-08-10,53.0
365291,5035447,1,2026-08-10,500,40,193,1,0,1,0,1.0,0,,Pack & Protect D-1,1000,7724.0,7724.0,900.0,1100,18597,,,2026-08-12,1,7724.0,187439,2026-08-10,B,Flat Bed Die Cut,Co-Packing,Nozomi Digital 1 Side Print,1,3,,2.0,5,1,0,37.1,59.02,0,0.0,"24 x 1 lb Turkey
17-13/16 x 56-7/8
FBDC, Glued, 20/Bundle
Nozomi Digital 1 Side Print 
B Flute 3",Healthy,,0,,,1.0,0,0,0,True,0,Co-Packing,Stock & Release,False,6,0,B32 Coated White 1S,OT,2026-07-28 12:35:34,,0,False,0,0,,CP,,1,65,0,12,0,GI,"Dig Ink Med Intensity (40%), Coated Digital (0%)",SMITHVILLE,56.14,17.13,0.0,,1.0,594,False,2026-07-27,Glued,594 (2038566-1),"N,E,BobstGluer,Co-Packing",13732 - C4 E,"Dig Ink Med Intensity
Coated Digital",594 (2038566-1),,,
358380,5034081,1,2026-08-05,-1800,1,234,0,0,0,0,1.0,0,,Corrugator,3000,2961.0,8883.0,3000.0,3300,19029,,,2026-08-10,0,8883.0,191500,2026-07-29,E,Flat Bed Die Cut,,Litho Label,0,3,,4.0,0,1,0,36.0,47.06,0,0.0,"Sour patch kids
17 x 22-3/4
Flat Bed Die Cut, Glued, 
Litho Printed Mounted to E32 Kraft
2500/un",Dolphin,,0,,,1.0,0,0,0,True,0,Pack & Protect A-2,Regular,False,234,0,E32 K,Late - Farmout,2026-06-23 15:29:34,,0,False,0,0,200 E,,,1,65,0,12,0,GI,,Braintree,22.12,17.0,0.0,,1.0,940,False,2026-06-23,Glued,940 (2037140-1),E,14797 - ETERNA CAN3-DB,,940 (2037140-1),168.0,2026-08-05,
358376,5034081,1,2026-08-05,-1700,5,168,1,0,1,0,1.0,0,,Farm Out,3000,2961.0,8883.0,3000.0,3300,19029,,,2026-08-10,0,8883.0,191500,2026-07-29,E,Flat Bed Die Cut,,Litho Label,0,3,,4.0,7,1,0,36.0,47.06,0,0.0,"Sour patch kids
17 x 22-3/4
Flat Bed Die Cut, Glued, 
Litho Printed Mounted to E32 Kraft
2500/un",Dolphin,,0,,,1.0,0,0,0,True,0,Pack & Protect A-2,Regular,False,4,0,E32 K,Late - Farmout,2026-06-23 15:29:34,,0,False,0,0,200 E,Farm Out,,1,65,0,12,0,GI,,Braintree,22.12,17.0,0.0,,1.0,940,False,2026-06-23,Glued,940 (2037140-1),E,14797 - ETERNA CAN3-DB,,940 (2037140-1),168.0,2026-08-05,
358377,5034081,1,2026-08-05,-1700,10,168,1,0,1,0,1.0,0,,Farm Out,3000,2961.0,8883.0,6000.0,3300,19029,,,2026-08-10,0,8883.0,191500,2026-07-29,E,Flat Bed Die Cut,,Litho Label,0,3,,4.0,7,1,0,36.0,47.06,0,0.0,"Sour patch kids
17 x 22-3/4
Flat Bed Die Cut, Glued, 
Litho Printed Mounted to E32 Kraft
2500/un",Dolphin,,0,,,1.0,0,0,0,True,0,Pack & Protect A-2,Regular,False,4,0,E32 K,Late - Farmout,2026-06-23 15:29:34,,0,False,0,0,200 E,Farm Out,,1,65,0,12,0,GI,,Braintree,22.12,17.0,0.0,,1.0,940,False,2026-06-23,Glued,940 (2037140-1),E,14797 - ETERNA CAN3-DB,,940 (2037140-1),168.0,2026-08-05,
358378,5034081,1,2026-08-05,-1600,30,168,1,0,1,0,1.0,0,,Farm Out,3000,2961.0,8883.0,9000.0,3300,19029,,,2026-08-10,0,8883.0,191500,2026-07-29,E,Flat Bed Die Cut,,Litho Label,0,3,,4.0,7,1,0,36.0,47.06,0,0.0,"Sour patch kids
17 x 22-3/4
Flat Bed Die Cut, Glued, 
Litho Printed Mounted to E32 Kraft
2500/un",Dolphin,,0,,,1.0,0,0,0,True,0,Pack & Protect A-2,Regular,False,4,0,E32 K,Late - Farmout,2026-06-23 15:29:34,,0,False,0,0,200 E,Farm Out,,1,65,0,12,0,GI,,Braintree,22.12,17.0,0.0,,1.0,940,False,2026-06-23,Glued,940 (2037140-1),E,14797 - ETERNA CAN3-DB,,940 (2037140-1),168.0,2026-08-05,
358376,5034081,1,2026-08-05,-1700,5,168,1,0,1,0,1.0,0,,Farm Out,3000,2961.0,8883.0,3000.0,3300,19029,,,2026-08-10,0,8883.0,191500,2026-07-29,E,Flat Bed Die Cut,,Litho Label,0,3,,4.0,7,1,0,36.0,47.06,0,0.0,"Sour patch kids
17 x 22-3/4
Flat Bed Die Cut, Glued, 
Litho Printed Mounted to E32 Kraft
2500/un",Dolphin,,0,,,1.0,0,0,0,True,0,Pack & Protect A-2,Regular,False,4,0,E32 K,Late - Farmout,2026-06-23 15:29:34,,0,False,0,0,200 E,Farm Out,,1,65,0,12,0,GI,,Braintree,22.12,17.0,0.0,,1.0,940,False,2026-06-23,Glued,940 (2037140-1),E,14797 - ETERNA CAN3-DB,,940 (2037140-1),213.0,2026-08-05,
358377,5034081,1,2026-08-05,-1700,10,168,1,0,1,0,1.0,0,,Farm Out,3000,2961.0,8883.0,6000.0,3300,19029,,,2026-08-10,0,8883.0,191500,2026-07-29,E,Flat Bed Die Cut,,Litho Label,0,3,,4.0,7,1,0,36.0,47.06,0,0.0,"Sour patch kids
17 x 22-3/4
Flat Bed Die Cut, Glued, 
Litho Printed Mounted to E32 Kraft
2500/un",Dolphin,,0,,,1.0,0,0,0,True,0,Pack & Protect A-2,Regular,False,4,0,E32 K,Late - Farmout,2026-06-23 15:29:34,,0,False,0,0,200 E,Farm Out,,1,65,0,12,0,GI,,Braintree,22.12,17.0,0.0,,1.0,940,False,2026-06-23,Glued,940 (2037140-1),E,14797 - ETERNA CAN3-DB,,940 (2037140-1),213.0,2026-08-05,
358378,5034081,1,2026-08-05,-1600,30,168,1,0,1,0,1.0,0,,Farm Out,3000,2961.0,8883.0,9000.0,3300,19029,,,2026-08-10,0,8883.0,191500,2026-07-29,E,Flat Bed Die Cut,,Litho Label,0,3,,4.0,7,1,0,36.0,47.06,0,0.0,"Sour patch kids
17 x 22-3/4
Flat Bed Die Cut, Glued, 
Litho Printed Mounted to E32 Kraft
2500/un",Dolphin,,0,,,1.0,0,0,0,True,0,Pack & Protect A-2,Regular,False,4,0,E32 K,Late - Farmout,2026-06-23 15:29:34,,0,False,0,0,200 E,Farm Out,,1,65,0,12,0,GI,,Braintree,22.12,17.0,0.0,,1.0,940,False,2026-06-23,Glued,940 (2037140-1),E,14797 - ETERNA CAN3-DB,,940 (2037140-1),213.0,2026-08-05,
358379,5034081,1,2026-08-05,90,20,213,1,25,1,7500,4.0,0,,Eterna,3000,2961.0,8883.0,750.0,3300,19029,,,2026-08-10,0,8883.0,191500,2026-07-29,E,Flat Bed Die Cut,E,Litho Label,0,3,,4.0,3,1,0,36.0,47.06,0,49.0,"Sour patch kids
17 x 22-3/4
Flat Bed Die Cut, Glued, 
Litho Printed Mounted to E32 Kraft
2500/un",Dolphin,,0,,,1.0,0,0,0,True,0,Pack & Protect A-2,Regular,False,3,0,E32 K,Late - Farmout,2026-06-23 15:29:34,,0,False,0,0,200 E,Eterna,,1,65,0,12,0,GI,,Braintree,22.12,17.0,0.0,,1.0,940,False,2026-06-23,Glued,940 (2037140-1),E,14797 - ETERNA CAN3-DB,,940 (2037140-1),168.0,2026-08-05,49.0
358376,5034081,1,2026-08-05,-1700,5,168,1,0,1,0,1.0,0,,Farm Out,3000,2961.0,8883.0,3000.0,3300,19029,,,2026-08-10,0,8883.0,191500,2026-07-29,E,Flat Bed Die Cut,,Litho Label,0,3,,4.0,7,1,0,36.0,47.06,0,0.0,"Sour patch kids
17 x 22-3/4
Flat Bed Die Cut, Glued, 
Litho Printed Mounted to E32 Kraft
2500/un",Dolphin,,0,,,1.0,0,0,0,True,0,Pack & Protect A-2,Regular,False,4,0,E32 K,Late - Farmout,2026-06-23 15:29:34,,0,False,0,0,200 E,Farm Out,,1,65,0,12,0,GI,,Braintree,22.12,17.0,0.0,,1.0,940,False,2026-06-23,Glued,940 (2037140-1),E,14797 - ETERNA CAN3-DB,,940 (2037140-1),238.0,2026-08-05,
358377,5034081,1,2026-08-05,-1700,10,168,1,0,1,0,1.0,0,,Farm Out,3000,2961.0,8883.0,6000.0,3300,19029,,,2026-08-10,0,8883.0,191500,2026-07-29,E,Flat Bed Die Cut,,Litho Label,0,3,,4.0,7,1,0,36.0,47.06,0,0.0,"Sour patch kids
17 x 22-3/4
Flat Bed Die Cut, Glued, 
Litho Printed Mounted to E32 Kraft
2500/un",Dolphin,,0,,,1.0,0,0,0,True,0,Pack & Protect A-2,Regular,False,4,0,E32 K,Late - Farmout,2026-06-23 15:29:34,,0,False,0,0,200 E,Farm Out,,1,65,0,12,0,GI,,Braintree,22.12,17.0,0.0,,1.0,940,False,2026-06-23,Glued,940 (2037140-1),E,14797 - ETERNA CAN3-DB,,940 (2037140-1),238.0,2026-08-05,
358378,5034081,1,2026-08-05,-1600,30,168,1,0,1,0,1.0,0,,Farm Out,3000,2961.0,8883.0,9000.0,3300,19029,,,2026-08-10,0,8883.0,191500,2026-07-29,E,Flat Bed Die Cut,,Litho Label,0,3,,4.0,7,1,0,36.0,47.06,0,0.0,"Sour patch kids
17 x 22-3/4
Flat Bed Die Cut, Glued, 
Litho Printed Mounted to E32 Kraft
2500/un",Dolphin,,0,,,1.0,0,0,0,True,0,Pack & Protect A-2,Regular,False,4,0,E32 K,Late - Farmout,2026-06-23 15:29:34,,0,False,0,0,200 E,Farm Out,,1,65,0,12,0,GI,,Braintree,22.12,17.0,0.0,,1.0,940,False,2026-06-23,Glued,940 (2037140-1),E,14797 - ETERNA CAN3-DB,,940 (2037140-1),238.0,2026-08-05,
358381,5034081,1,2026-08-05,-1600,40,238,1,0,1,0,1.0,0,,Pack & Protect A-2,3000,2961.0,8883.0,3000.0,3300,19029,,,2026-08-10,0,8883.0,191500,2026-07-29,E,Flat Bed Die Cut,,Litho Label,0,3,,4.0,5,1,0,36.0,47.06,0,0.0,"Sour patch kids
17 x 22-3/4
Flat Bed Die Cut, Glued, 
Litho Printed Mounted to E32 Kraft
2500/un",Dolphin,,0,,,1.0,0,0,0,True,0,Pack & Protect A-2,Regular,False,6,0,E32 K,Late - Farmout,2026-06-23 15:29:34,,0,False,0,0,200 E,,,1,65,0,12,0,GI,,Braintree,22.12,17.0,0.0,,1.0,940,False,2026-06-23,Glued,940 (2037140-1),E,14797 - ETERNA CAN3-DB,,940 (2037140-1),,,
360361,5034236,2,2026-08-05,-600,1,234,0,0,0,0,1.0,0,,Corrugator,2040,4460.0,9098.4,2040.0,2244,10015,,,2026-07-24,0,9098.4,191861,2026-07-29,B,RDC - Rotary Die Cut,,Nozomi Digital 1 Side Print,1,3,,2.0,0,1,0,28.0,45.14,1920,0.0,"INNER TIG - Nexalloy Digital
13 x 43-7/8 RDC,
32B White 1 side
Digital PRint 1 Side
1020/ Unit",Nexal,,0,,,1.0,5,0,0,True,0,Hand Assembly,Regular,False,234,0,B32 OY,CRB,2026-07-10 15:29:21,,1920,False,0,0,200 B Oys,,,1,65,1920,12,0,N,Dig Ink Med Intensity (100%),MISSISSAUGA,43.14,13.0,0.0,,1.0,1239,False,2026-07-10,No Closure,1239 (2037310-1),"N,R,Assembly",12592 -,Dig Ink Med Intensity,1239 (2037310-1),189.0,2026-07-21,
360364,5034236,2,2026-08-05,-300,40,58,1,0,1,0,1.0,0,,Hand Assembly,2040,4460.0,9098.4,2040.0,2244,10015,,,2026-07-24,0,9098.4,191861,2026-07-29,B,RDC - Rotary Die Cut,Assembly,Nozomi Digital 1 Side Print,1,3,,2.0,5,1,0,28.0,45.14,1920,0.0,"INNER TIG - Nexalloy Digital
13 x 43-7/8 RDC,
32B White 1 side
Digital PRint 1 Side
1020/ Unit",Nexal,,0,,,1.0,5,0,0,True,0,Hand Assembly,Regular,False,6,0,B32 OY,CRB,2026-07-10 15:29:21,,1920,False,0,0,200 B Oys,Assembly,,1,65,1920,12,0,N,Dig Ink Med Intensity (100%),MISSISSAUGA,43.14,13.0,0.0,,1.0,1239,False,2026-07-10,No Closure,1239 (2037310-1),"N,R,Assembly",12592 -,Dig Ink Med Intensity,1239 (2037310-1),,,
362203,5034314,1,2026-08-10,500,1,234,0,0,0,0,1.0,0,,Corrugator,8000,16971.0,135768.0,8000.0,8800,19361,,,2026-08-17,0,226732.56,191876,2026-08-17,DW,RDC - Rotary Die Cut,,Nozomi Digital 1 Side Print,1,3,,1.0,0,1,0,65.15,37.01,0,0.0,"COSTCO Tray 12ct 1.5kg pkg BC OPT B
18-1/2 x 14-1/2 x 11-1/2
63-15/16 x 35 flat
Rotary Die Cut, N",Flourish,,0,,,1.0,0,0,0,True,0,Pack & Protect D-2,Regular,False,234,0,BC51 Coated White 1S,CRB,2026-07-17 10:20:21,,0,False,0,0,,,,1,65,0,12,0,N,Dig Ink Med Intensity (100%),Scarborough,35.01,63.14,0.0,,1.0,8800,False,2026-07-17,No Closure,8800 (2038488-1),"N,R",14913 - A-1,Dig Ink Med Intensity,"8800 (2038488-1)
500",189.0,2026-08-05,
362205,5034314,1,2026-08-06,500,20,166,1,33,1,1600,1.0,0,,United Rotary 66x113 4 Colour,8000,16971.0,135768.0,8000.0,8800,19361,,,2026-08-17,0,226732.56,191876,2026-08-17,DW,RDC - Rotary Die Cut,R,Nozomi Digital 1 Side Print,1,3,,1.0,3,1,0,65.15,37.01,0,333.0,"COSTCO Tray 12ct 1.5kg pkg BC OPT B
18-1/2 x 14-1/2 x 11-1/2
63-15/16 x 35 flat
Rotary Die Cut, N",Flourish,,0,,,1.0,0,0,0,True,2,Pack & Protect D-2,Regular,False,2,0,BC51 Coated White 1S,CRB,2026-07-17 10:20:21,,0,False,0,0,,Prospect Rotary,,1,65,0,12,0,N,Dig Ink Med Intensity (100%),Scarborough,35.01,63.14,0.0,,1.0,8800,False,2026-07-17,No Closure,8800 (2038488-1),"N,R",14913 - A-1,Dig Ink Med Intensity,"8800 (2038488-1)
500",243.0,2026-08-13,789.0
362206,5034314,1,2026-08-13,500,30,243,1,0,1,0,1.0,0,,Pack & Protect D-2,8000,16971.0,135768.0,8000.0,8800,19361,,,2026-08-17,0,226732.56,191876,2026-08-17,DW,RDC - Rotary Die Cut,,Nozomi Digital 1 Side Print,1,3,,1.0,5,1,0,65.15,37.01,0,0.0,"COSTCO Tray 12ct 1.5kg pkg BC OPT B
18-1/2 x 14-1/2 x 11-1/2
63-15/16 x 35 flat
Rotary Die Cut, N",Flourish,,0,,,1.0,0,0,0,True,0,Pack & Protect D-2,Regular,False,6,0,BC51 Coated White 1S,CRB,2026-07-17 10:20:21,,0,False,0,0,,,,1,65,0,12,0,N,Dig Ink Med Intensity (100%),Scarborough,35.01,63.14,0.0,,1.0,8800,False,2026-07-17,No Closure,8800 (2038488-1),"N,R",14913 - A-1,Dig Ink Med Intensity,"8800 (2038488-1)
500",,,
365161,5035428,1,2026-08-05,200,1,234,0,0,0,0,1.0,0,,Corrugator,300,10697.0,3209.1,270.0,330,11195,,,2026-08-10,0,3209.1,192983,2026-08-10,B,Deluxe Mailer,,Flexo 1 Colour Print,1,3,,1.0,0,1,0,39.1,38.14,0,0.0,"13-1/4 x 10 x 6 Deluxe Mailer 
DieCut, Flexo 1 Col Print 
B Flute 32 ECT Oyster
Includes White Ha",Swiss,,0,,,1.0,0,0,0,True,0,Hand Assembly,Regular,False,234,0,B32 OY,OT,2026-07-24 15:10:04,,0,False,0,0,200 B Oys,,,1,64,0,12,0,N,GCMI 90 BLACK AU (10%),Brampton,13.04,10.0,6.0,,1.0,380,False,2026-07-24,No Closure,380 (2038552-1),"R,Assembly","14918 - UNITED
14919 - UNITED",GCMI 90 BLACK AU,380 (2038552-1),166.0,2026-08-05,
365160,5035428,1,2026-08-05,500,10,166,1,67,1,2000,1.0,0,,United Rotary 66x113 4 Colour,300,10697.0,3209.1,270.0,330,11195,,,2026-08-10,0,3209.1,192983,2026-08-10,B,Deluxe Mailer,R,Flexo 1 Colour Print,1,3,,1.0,3,1,0,39.1,38.14,0,76.0,"13-1/4 x 10 x 6 Deluxe Mailer 
DieCut, Flexo 1 Col Print 
B Flute 32 ECT Oyster
Includes White Ha",Swiss,,0,,,1.0,0,0,0,True,2,Hand Assembly,Regular,False,2,0,B32 OY,OT,2026-07-24 15:10:04,,0,False,0,0,200 B Oys,Prospect Rotary,,1,64,0,12,0,N,GCMI 90 BLACK AU (10%),Brampton,13.04,10.0,6.0,,1.0,380,False,2026-07-24,No Closure,380 (2038552-1),"R,Assembly","14918 - UNITED
14919 - UNITED",GCMI 90 BLACK AU,380 (2038552-1),58.0,2026-08-05,76.0
365159,5035428,1,2026-08-05,500,20,58,1,0,1,60,1.0,0,,Hand Assembly,300,10697.0,3209.1,270.0,330,11195,,,2026-08-10,0,3209.1,192983,2026-08-10,B,Deluxe Mailer,Assembly,Flexo 1 Colour Print,1,3,,1.0,5,1,0,39.1,38.14,0,300.0,"13-1/4 x 10 x 6 Deluxe Mailer 
DieCut, Flexo 1 Col Print 
B Flute 32 ECT Oyster
Includes White Ha",Swiss,,0,,,1.0,0,0,0,True,0,Hand Assembly,Regular,False,6,0,B32 OY,OT,2026-07-24 15:10:04,,0,False,0,0,200 B Oys,Assembly,,1,64,0,12,0,N,GCMI 90 BLACK AU (10%),Brampton,13.04,10.0,6.0,,1.0,380,False,2026-07-24,No Closure,380 (2038552-1),"R,Assembly","14918 - UNITED
14919 - UNITED",GCMI 90 BLACK AU,380 (2038552-1),,,300.0
359603,5034198,1,2026-08-05,300,30,237,1,0,1,0,1.0,0,,Pack & Protect A-1,10568,11812.0,124829.216,10568.0,11096,10027,,,2026-08-04,0,124829.216,193059,2026-08-04,B,RDC - Rotary Die Cut,PP,Nozomi Digital 1 Side Print,1,3,,1.0,5,1,0,49.02,34.1,23147,0.0,"SamsPK- Stroopwafel Rev
19 x 22-1/2 x 12-1/16
32 B Coated White 1 Side
Kraft Inside
Nozomi Digit",Scheps,,0,,,1.0,0,0,0,True,0,Pack & Protect A-1,Regular,False,6,0,B32 Coated White 1S,CRB,2026-07-08 07:14:58,,11570,False,0,0,,,,1,65,11570,12,0,N,"Dig Ink High Intensity (70%), Coated Digital (0%)",Tillsonburg,19.0,22.08,12.01,,1.0,11987,False,2026-07-08,No Closure,11987 (2037252-1),"N,R,PP",13635 - H 1 & 2,"Dig Ink High Intensity
Coated Digital",11987 (2037252-1),,,
359603,5034198,1,2026-08-05,300,30,237,1,0,1,0,1.0,0,,Pack & Protect A-1,10568,11812.0,124829.216,10568.0,11096,10027,,,2026-08-04,0,124829.216,193059,2026-08-04,B,RDC - Rotary Die Cut,PP,Nozomi Digital 1 Side Print,1,3,,1.0,5,1,0,49.02,34.1,23147,0.0,"SamsPK- Stroopwafel Rev
19 x 22-1/2 x 12-1/16
32 B Coated White 1 Side
Kraft Inside
Nozomi Digit",Scheps,,0,,,1.0,0,0,0,True,0,Pack & Protect A-1,Regular,False,6,0,B32 Coated White 1S,CRB,2026-07-08 07:14:58,,11570,False,0,0,,,,1,65,11570,12,0,N,"Dig Ink High Intensity (70%), Coated Digital (0%)",Tillsonburg,19.0,22.08,12.01,,1.0,11987,False,2026-07-08,No Closure,11987 (2037252-1),"N,R,PP",13635 - H 1 & 2,"Dig Ink High Intensity
Coated Digital",11987 (2037252-1),,,
359600,5034198,1,2026-08-05,100,1,234,0,0,0,0,1.0,0,,Corrugator,10568,11812.0,124829.216,10568.0,11096,10027,,,2026-08-04,0,124829.216,193059,2026-08-04,B,RDC - Rotary Die Cut,,Nozomi Digital 1 Side Print,1,3,,1.0,0,1,0,49.02,34.1,23147,0.0,"SamsPK- Stroopwafel Rev
19 x 22-1/2 x 12-1/16
32 B Coated White 1 Side
Kraft Inside
Nozomi Digit",Scheps,,0,,,1.0,0,0,0,True,0,Pack & Protect A-1,Regular,False,234,0,B32 Coated White 1S,CRB,2026-07-08 07:14:58,,11570,False,0,0,,,,1,65,11570,12,0,N,"Dig Ink High Intensity (70%), Coated Digital (0%)",Tillsonburg,19.0,22.08,12.01,,1.0,11987,False,2026-07-08,No Closure,11987 (2037252-1),"N,R,PP",13635 - H 1 & 2,"Dig Ink High Intensity
Coated Digital",11987 (2037252-1),189.0,2026-07-21,
359600,5034198,1,2026-08-05,100,1,234,0,0,0,0,1.0,0,,Corrugator,10568,11812.0,124829.216,10568.0,11096,10027,,,2026-08-04,0,124829.216,193059,2026-08-04,B,RDC - Rotary Die Cut,,Nozomi Digital 1 Side Print,1,3,,1.0,0,1,0,49.02,34.1,23147,0.0,"SamsPK- Stroopwafel Rev
19 x 22-1/2 x 12-1/16
32 B Coated White 1 Side
Kraft Inside
Nozomi Digit",Scheps,,0,,,1.0,0,0,0,True,0,Pack & Protect A-1,Regular,False,234,0,B32 Coated White 1S,CRB,2026-07-08 07:14:58,,11570,False,0,0,,,,1,65,11570,12,0,N,"Dig Ink High Intensity (70%), Coated Digital (0%)",Tillsonburg,19.0,22.08,12.01,,1.0,11987,False,2026-07-08,No Closure,11987 (2037252-1),"N,R,PP",13635 - H 1 & 2,"Dig Ink High Intensity
Coated Digital",11987 (2037252-1),189.0,2026-07-21,
362700,5034341,1,2026-08-05,400,30,242,1,0,1,0,1.0,0,,Pack & Protect C-2,425,26437.0,11235.725,425.0,446,13523,,,2026-08-05,0,11235.725,193209,2026-08-05,B,RDC - Rotary Die Cut,,Nozomi Digital 1 Side Print,1,3,,1.0,5,1,0,40.08,94.0,0,0.0,"36""Pallet Skirt - GRAY
38-1/2 x 92
RDC, No Closure, 
Digital 1 Side 
B32 Coated White 1S
Board/",Blue,,0,,,1.0,0,0,0,True,0,Pack & Protect C-2,Regular,False,6,0,B32 Coated White 1S,OT,2026-07-20 12:17:45,,237,False,0,0,,,,1,65,237,12,0,N,Dig Ink Med Intensity (100%),Newark,92.0,38.08,0.0,,1.0,537,False,2026-07-20,No Closure,537 (2037443-1),"N,R",14783 - SKID,Dig Ink Med Intensity,537 (2037443-1),,,
362697,5034341,1,2026-08-05,200,1,234,0,0,0,0,1.0,0,,Corrugator,425,26437.0,11235.725,425.0,446,13523,,,2026-08-05,0,11235.725,193209,2026-08-05,B,RDC - Rotary Die Cut,,Nozomi Digital 1 Side Print,1,3,,1.0,0,1,0,40.08,94.0,0,0.0,"36""Pallet Skirt - GRAY
38-1/2 x 92
RDC, No Closure, 
Digital 1 Side 
B32 Coated White 1S
Board/",Blue,,0,,,1.0,0,0,0,True,0,Pack & Protect C-2,Regular,False,234,0,B32 Coated White 1S,OT,2026-07-20 12:17:45,,237,False,0,0,,,,1,65,237,12,0,N,Dig Ink Med Intensity (100%),Newark,92.0,38.08,0.0,,1.0,537,False,2026-07-20,No Closure,537 (2037443-1),"N,R",14783 - SKID,Dig Ink Med Intensity,537 (2037443-1),189.0,2026-08-05,
362698,5034341,1,2026-08-05,400,10,189,1,10,1,1148,1.0,0,,Nozomi Digital Printer,425,26437.0,11235.725,425.0,446,13523,,,2026-08-05,0,11235.725,193209,2026-08-05,B,RDC - Rotary Die Cut,N,Nozomi Digital 1 Side Print,1,3,,1.0,3,1,0,40.08,94.0,0,19.0,"36""Pallet Skirt - GRAY
38-1/2 x 92
RDC, No Closure, 
Digital 1 Side 
B32 Coated White 1S
Board/",Blue,,247,,,1.0,0,0,0,True,1,Pack & Protect C-2,Regular,False,1,0,B32 Coated White 1S,OT,2026-07-20 12:17:45,,237,False,0,0,,NAZ,,1,65,237,12,0,N,Dig Ink Med Intensity (100%),Newark,92.0,38.08,0.0,,1.0,537,False,2026-07-20,No Closure,537 (2037443-1),"N,R",14783 - SKID,Dig Ink Med Intensity,537 (2037443-1),166.0,2026-08-05,76.0
362699,5034341,1,2026-08-05,500,20,166,1,13,1,4200,1.0,0,,United Rotary 66x113 4 Colour,425,26437.0,11235.725,425.0,446,13523,,,2026-08-05,0,11235.725,193209,2026-08-05,B,RDC - Rotary Die Cut,R,Nozomi Digital 1 Side Print,1,3,,1.0,3,1,0,40.08,94.0,0,16.0,"36""Pallet Skirt - GRAY
38-1/2 x 92
RDC, No Closure, 
Digital 1 Side 
B32 Coated White 1S
Board/",Blue,,237,,,1.0,0,0,0,True,2,Pack & Protect C-2,Regular,False,2,0,B32 Coated White 1S,OT,2026-07-20 12:17:45,,237,False,0,0,,Prospect Rotary,,1,65,237,12,0,N,Dig Ink Med Intensity (100%),Newark,92.0,38.08,0.0,,1.0,537,False,2026-07-20,No Closure,537 (2037443-1),"N,R",14783 - SKID,Dig Ink Med Intensity,537 (2037443-1),242.0,2026-08-05,73.0
362551,5034330,1,2026-08-05,100,1,234,0,0,0,0,1.0,0,,Corrugator,1500,8401.0,12601.5,1500.0,1500,17948,,,2026-08-06,0,12601.5,193247,2026-08-06,B,Flat Bed Die Cut,,Nozomi Digital 2 Sides Print,2,3,,1.0,0,1,0,34.15,34.1,0,0.0,"15 x 10 x 4 - Remax new art
Deluxe Mailer
Diecut, Digital 2 Sided Print 
B Flute 32 ECT Kemi 2 Si",Staples,,0,,,1.0,0,0,0,True,0,Pack & Protect A-2,Regular,False,234,0,B32 Coated White 2S,OT,2026-07-17 14:20:59,,0,False,0,0,,,,1,65,0,12,0,N,"Dig Ink Med Intensity (100%), Dig Ink Med Intensity (100%)",Laval,15.0,10.0,4.0,,1.0,1621,False,2026-07-17,No Closure,1621 (2037440-1),"N,N,E",13830 - ETERNA C4E,"Dig Ink Med Intensity
Dig Ink Med Intensity",1621 (2037440-1),189.0,2026-07-31,
362551,5034330,1,2026-08-05,100,1,234,0,0,0,0,1.0,0,,Corrugator,1500,8401.0,12601.5,1500.0,1500,17948,,,2026-08-06,0,12601.5,193247,2026-08-06,B,Flat Bed Die Cut,,Nozomi Digital 2 Sides Print,2,3,,1.0,0,1,0,34.15,34.1,0,0.0,"15 x 10 x 4 - Remax new art
Deluxe Mailer
Diecut, Digital 2 Sided Print 
B Flute 32 ECT Kemi 2 Si",Staples,,0,,,1.0,0,0,0,True,0,Pack & Protect A-2,Regular,False,234,0,B32 Coated White 2S,OT,2026-07-17 14:20:59,,0,False,0,0,,,,1,65,0,12,0,N,"Dig Ink Med Intensity (100%), Dig Ink Med Intensity (100%)",Laval,15.0,10.0,4.0,,1.0,1621,False,2026-07-17,No Closure,1621 (2037440-1),"N,N,E",13830 - ETERNA C4E,"Dig Ink Med Intensity
Dig Ink Med Intensity","1621 (2037440-1)
500 Woodward",189.0,2026-07-31,
362554,5034330,1,2026-08-07,500,20,213,1,25,1,4300,1.0,0,,Eterna,1500,8401.0,12601.5,1500.0,1500,17948,,,2026-08-06,0,12601.5,193247,2026-08-06,B,Flat Bed Die Cut,E,Nozomi Digital 2 Sides Print,2,3,,1.0,3,1,0,34.15,34.1,0,46.0,"15 x 10 x 4 - Remax new art
Deluxe Mailer
Diecut, Digital 2 Sided Print 
B Flute 32 ECT Kemi 2 Si",Staples,,0,,,1.0,0,0,0,True,0,Pack & Protect A-2,Regular,False,3,0,B32 Coated White 2S,OT,2026-07-17 14:20:59,,0,False,0,0,,Eterna,,1,65,0,12,0,N,"Dig Ink Med Intensity (100%), Dig Ink Med Intensity (100%)",Laval,15.0,10.0,4.0,,1.0,1621,False,2026-07-17,No Closure,1621 (2037440-1),"N,N,E",13830 - ETERNA C4E,"Dig Ink Med Intensity
Dig Ink Med Intensity",1621 (2037440-1),238.0,2026-08-05,46.0
362554,5034330,1,2026-08-07,500,20,213,1,25,1,4300,1.0,0,,Eterna,1500,8401.0,12601.5,1500.0,1500,17948,,,2026-08-06,0,12601.5,193247,2026-08-06,B,Flat Bed Die Cut,E,Nozomi Digital 2 Sides Print,2,3,,1.0,3,1,0,34.15,34.1,0,46.0,"15 x 10 x 4 - Remax new art
Deluxe Mailer
Diecut, Digital 2 Sided Print 
B Flute 32 ECT Kemi 2 Si",Staples,,0,,,1.0,0,0,0,True,0,Pack & Protect A-2,Regular,False,3,0,B32 Coated White 2S,OT,2026-07-17 14:20:59,,0,False,0,0,,Eterna,,1,65,0,12,0,N,"Dig Ink Med Intensity (100%), Dig Ink Med Intensity (100%)",Laval,15.0,10.0,4.0,,1.0,1621,False,2026-07-17,No Closure,1621 (2037440-1),"N,N,E",13830 - ETERNA C4E,"Dig Ink Med Intensity
Dig Ink Med Intensity","1621 (2037440-1)
500 Woodward",238.0,2026-08-05,46.0
362555,5034330,1,2026-08-05,500,30,238,1,0,1,0,1.0,0,,Pack & Protect A-2,1500,8401.0,12601.5,1500.0,1500,17948,,,2026-08-06,0,12601.5,193247,2026-08-06,B,Flat Bed Die Cut,,Nozomi Digital 2 Sides Print,2,3,,1.0,5,1,0,34.15,34.1,0,0.0,"15 x 10 x 4 - Remax new art
Deluxe Mailer
Diecut, Digital 2 Sided Print 
B Flute 32 ECT Kemi 2 Si",Staples,,0,,,1.0,0,0,0,True,0,Pack & Protect A-2,Regular,False,6,0,B32 Coated White 2S,OT,2026-07-17 14:20:59,,0,False,0,0,,,,1,65,0,12,0,N,"Dig Ink Med Intensity (100%), Dig Ink Med Intensity (100%)",Laval,15.0,10.0,4.0,,1.0,1621,False,2026-07-17,No Closure,1621 (2037440-1),"N,N,E",13830 - ETERNA C4E,"Dig Ink Med Intensity
Dig Ink Med Intensity",1621 (2037440-1),,,
362555,5034330,1,2026-08-05,500,30,238,1,0,1,0,1.0,0,,Pack & Protect A-2,1500,8401.0,12601.5,1500.0,1500,17948,,,2026-08-06,0,12601.5,193247,2026-08-06,B,Flat Bed Die Cut,,Nozomi Digital 2 Sides Print,2,3,,1.0,5,1,0,34.15,34.1,0,0.0,"15 x 10 x 4 - Remax new art
Deluxe Mailer
Diecut, Digital 2 Sided Print 
B Flute 32 ECT Kemi 2 Si",Staples,,0,,,1.0,0,0,0,True,0,Pack & Protect A-2,Regular,False,6,0,B32 Coated White 2S,OT,2026-07-17 14:20:59,,0,False,0,0,,,,1,65,0,12,0,N,"Dig Ink Med Intensity (100%), Dig Ink Med Intensity (100%)",Laval,15.0,10.0,4.0,,1.0,1621,False,2026-07-17,No Closure,1621 (2037440-1),"N,N,E",13830 - ETERNA C4E,"Dig Ink Med Intensity
Dig Ink Med Intensity","1621 (2037440-1)
500 Woodward",,,
364119,5035356,1,2026-08-05,-99,10,166,1,33,1,2000,1.0,0,,United Rotary 66x113 4 Colour,15000,15237.0,228555.0,13500.0,16500,11480,,,2026-08-10,0,228555.0,167174,2026-08-10,B,RDC - Rotary Die Cut,R,Flexo 1 Colour Print,1,3,,1.0,3,1,0,46.06,47.05,0,222.0,"45-3/8 x 46-5/16  - New Print 2024
RDC, No Closure, 1 Col 32B K 
WRA Single Wall 30lb Medium",Raw,,8700,2026-08-05 07:10:02,1.0,1.0,0,0,0,True,2,,Regular,False,2,0,B40 K,CRB,2026-07-21 15:09:04,,15000,False,0,0,200 O/T B,Prospect Rotary,,1,64,15000,12,0,N,GCMI 90 BLACK AU (15%),St Catharines,46.05,45.06,0.0,,1.0,263,False,2026-07-21,No Closure,263 (2038473-1),R,"11087 - B-5
12350 - 
13803 - RACK A
13834 - RACK A",GCMI 90 BLACK AU,"263 (2038473-1)
500 Woodward",,,735.0
365548,5035448,1,2026-08-05,120,10,189,1,10,1,7319,1.0,0,,Nozomi Digital Printer,840,7314.0,6143.76,756.0,924,18597,,,2026-08-12,1,6143.76,176236,2026-08-12,B,Flat Bed Die Cut,N,Nozomi Digital 1 Side Print,1,3,,2.0,3,1,0,35.1,59.02,0,17.0,"24 x 1 lb Variety box - NEW SIZE
17-3/8  x 10-1/4 x 5-3/4
FBDC, Glued, 20/Bundle
Nozomi Digital 1",Healthy,,0,2026-08-05 10:33:52,1.0,1.0,0,0,0,True,1,,Stock & Release,False,1,0,B32 Coated White 1S,OT,2026-07-28 12:40:24,,0,False,0,0,,NAZ,,1,65,0,12,0,GI,"Dig Ink Med Intensity (40%), Coated Digital (0%)",SMITHVILLE,57.02,16.09,0.0,,1.0,758,False,2026-07-27,Glued,758 (2038567-1),"N,E,BobstGluer",14129 - CAN 1-G,"Dig Ink Med Intensity
Coated Digital",758 (2038567-1),213.0,2026-08-10,25.0
361489,5034269,1,2026-08-05,-99,20,213,1,25,1,1500,1.0,0,,Eterna,10000,5304.0,53040.0,10000.0,11000,19160,,,2026-08-06,0,53040.0,193266,2026-07-30,B,Flat Bed Die Cut,E,Nozomi Digital 1 Side Print,1,3,,2.0,3,1,0,34.06,44.07,11000,108.0,"24Pk DayBeer 355ml 2026
32B Coated White 1 Side +MRA
Digital Print 1 Side

Ships as Flat Diecut",Cowbell,,7915,2026-08-05 07:26:57,1.0,1.0,0,0,0,True,0,,Regular,False,3,0,B32 Coated White 1S,Late - Sheet Quality / Reject,2026-07-14 11:44:21,,10560,False,0,0,,Eterna,,1,65,10560,13,0,N,Dig Ink Med Intensity (100%),Blyth,21.0,32.14,0.0,,1.0,11427,False,2026-07-14,No Closure,11427 (2037357-1),"N,E,PP",14907 - ETERNA,Dig Ink Med Intensity,11427 (2037357-1),237.0,2026-08-05,318.0
361489,5034269,1,2026-08-05,-99,20,213,1,25,1,1500,1.0,0,,Eterna,10000,5304.0,53040.0,10000.0,11000,19160,,,2026-08-06,0,53040.0,193266,2026-07-30,B,Flat Bed Die Cut,E,Nozomi Digital 1 Side Print,1,3,,2.0,3,1,0,34.06,44.07,11000,108.0,"24Pk DayBeer 355ml 2026
32B Coated White 1 Side +MRA
Digital Print 1 Side

Ships as Flat Diecut",Cowbell,,7915,2026-08-05 07:26:57,1.0,1.0,0,0,0,True,0,,Regular,False,3,0,B32 Coated White 1S,Late - Sheet Quality / Reject,2026-07-14 11:44:21,,10560,False,0,0,,Eterna,,1,65,10560,13,0,N,Dig Ink Med Intensity (100%),Blyth,21.0,32.14,0.0,,1.0,11427,False,2026-07-14,No Closure,11427 (2037357-1),"N,E,PP",14907 - ETERNA,Dig Ink Med Intensity,11427 (2037357-1),237.0,2026-08-05,318.0
361489,5034269,1,2026-08-05,-99,20,213,1,25,1,1500,1.0,0,,Eterna,10000,5304.0,53040.0,10000.0,11000,19160,,,2026-08-06,0,53040.0,193266,2026-07-30,B,Flat Bed Die Cut,E,Nozomi Digital 1 Side Print,1,3,,2.0,3,1,0,34.06,44.07,11000,108.0,"24Pk DayBeer 355ml 2026
32B Coated White 1 Side +MRA
Digital Print 1 Side

Ships as Flat Diecut",Cowbell,,7915,2026-08-05 07:26:57,1.0,1.0,0,0,0,True,0,,Regular,False,3,0,B32 Coated White 1S,Late - Sheet Quality / Reject,2026-07-14 11:44:21,,10560,False,0,0,,Eterna,,1,65,10560,13,0,N,Dig Ink Med Intensity (100%),Blyth,21.0,32.14,0.0,,1.0,11427,False,2026-07-14,No Closure,11427 (2037357-1),"N,E,PP",14907 - ETERNA,Dig Ink Med Intensity,"11427 (2037357-1)
Nozomi",237.0,2026-08-05,318.0
337633,5032192,1,2026-10-02,500,1,234,0,0,0,0,1.0,0,,Corrugator,17500,3874.0,67795.0,15750.0,19250,12170,,,2026-10-07,0,67795.0,123498,2026-10-07,B,RDC - Rotary Die Cut,,Plain,0,3,,4.0,0,1,0,46.04,48.04,0,0.0,"D/C Insert - 23-5/8 x 22-5/8
23-5/8 x 22-5/8 (4 Up)
RDC Plain 32B ECT Kraft
1750/unit",Mitchell's,,0,,,1.0,0,0,0,True,0,,Regular,False,234,0,B32 K,CRB,2026-03-20 14:04:19,,0,False,0,0,200 B,,,1,63,0,12,0,N,,Aylmer,23.1,22.1,0.0,,1.0,4508,False,2026-03-20,No Closure,4508 (2037380-1),,"12040 - 
12714 - MID NORTH
12884 - CAN 1 - A",,4508 (2037380-1),168.0,2026-10-05,
337634,5032192,1,2026-10-05,500,10,168,1,0,1,0,1.0,0,,Farm Out,17500,3874.0,67795.0,15750.0,19250,12170,,,2026-10-07,0,67795.0,123498,2026-10-07,B,RDC - Rotary Die Cut,,Plain,0,3,,4.0,7,1,0,46.04,48.04,0,0.0,"D/C Insert - 23-5/8 x 22-5/8
23-5/8 x 22-5/8 (4 Up)
RDC Plain 32B ECT Kraft
1750/unit",Mitchell's,,0,,,1.0,0,0,0,True,0,,Regular,False,4,0,B32 K,CRB,2026-03-20 14:04:19,,0,False,0,0,200 B,Farm Out,,1,63,0,12,0,N,,Aylmer,23.1,22.1,0.0,,1.0,4508,False,2026-03-20,No Closure,4508 (2037380-1),,"12040 - 
12714 - MID NORTH
12884 - CAN 1 - A",,4508 (2037380-1),,,
337624,5032191,1,2026-08-28,500,1,234,0,0,0,0,1.0,0,,Corrugator,17500,3874.0,67795.0,15750.0,19250,12170,,,2026-09-02,0,67795.0,123498,2026-09-02,B,RDC - Rotary Die Cut,,Plain,0,3,,4.0,0,1,0,46.04,48.04,0,0.0,"D/C Insert - 23-5/8 x 22-5/8
23-5/8 x 22-5/8 (4 Up)
RDC Plain 32B ECT Kraft
1750/unit",Mitchell's,,0,,,1.0,0,0,0,True,0,,Regular,False,234,0,B32 K,OT,2026-03-20 14:01:37,,8750,False,0,0,200 B,,,1,63,8750,12,0,N,,Aylmer,23.1,22.1,0.0,,0.0,15208,False,2026-03-20,No Closure,15208 (2037254-1),,"12040 - 
12714 - MID NORTH
12884 - CAN 1 - A",,15208 (2037254-1),168.0,2026-08-31,
337624,5032191,1,2026-08-28,500,1,234,0,0,0,0,1.0,0,,Corrugator,17500,3874.0,67795.0,15750.0,19250,12170,,,2026-09-02,0,67795.0,123498,2026-09-02,B,RDC - Rotary Die Cut,,Plain,0,3,,4.0,0,1,0,46.04,48.04,0,0.0,"D/C Insert - 23-5/8 x 22-5/8
23-5/8 x 22-5/8 (4 Up)
RDC Plain 32B ECT Kraft
1750/unit",Mitchell's,,0,,,1.0,0,0,0,True,0,,Regular,False,234,0,B32 K,OT,2026-03-20 14:01:37,,8750,False,0,0,200 B,,,1,63,8750,12,0,N,,Aylmer,23.1,22.1,0.0,,0.0,15208,False,2026-03-20,No Closure,15208 (2037254-1),,"12040 - 
12714 - MID NORTH
12884 - CAN 1 - A",,15208 (2037254-1),168.0,2026-08-31,
337624,5032191,1,2026-08-28,500,1,234,0,0,0,0,1.0,0,,Corrugator,17500,3874.0,67795.0,15750.0,19250,12170,,,2026-09-02,0,67795.0,123498,2026-09-02,B,RDC - Rotary Die Cut,,Plain,0,3,,4.0,0,1,0,46.04,48.04,0,0.0,"D/C Insert - 23-5/8 x 22-5/8
23-5/8 x 22-5/8 (4 Up)
RDC Plain 32B ECT Kraft
1750/unit",Mitchell's,,0,,,1.0,0,0,0,True,0,,Regular,False,234,0,B32 K,OT,2026-03-20 14:01:37,,8750,False,0,0,200 B,,,1,63,8750,12,0,N,,Aylmer,23.1,22.1,0.0,,0.0,15208,False,2026-03-20,No Closure,15208 (2037254-1),,"12040 - 
12714 - MID NORTH
12884 - CAN 1 - A",,15208 (2037254-1),168.0,2026-08-31,
337625,5032191,1,2026-08-31,500,10,168,1,0,1,0,1.0,0,,Farm Out,17500,3874.0,67795.0,15750.0,19250,12170,,,2026-09-02,0,67795.0,123498,2026-09-02,B,RDC - Rotary Die Cut,,Plain,0,3,,4.0,7,1,0,46.04,48.04,0,0.0,"D/C Insert - 23-5/8 x 22-5/8
23-5/8 x 22-5/8 (4 Up)
RDC Plain 32B ECT Kraft
1750/unit",Mitchell's,,0,,,1.0,0,0,0,True,0,,Regular,False,4,0,B32 K,OT,2026-03-20 14:01:37,,8750,False,0,0,200 B,Farm Out,,1,63,8750,12,0,N,,Aylmer,23.1,22.1,0.0,,0.0,15208,False,2026-03-20,No Closure,15208 (2037254-1),,"12040 - 
12714 - MID NORTH
12884 - CAN 1 - A",,15208 (2037254-1),,,
337625,5032191,1,2026-08-31,500,10,168,1,0,1,0,1.0,0,,Farm Out,17500,3874.0,67795.0,15750.0,19250,12170,,,2026-09-02,0,67795.0,123498,2026-09-02,B,RDC - Rotary Die Cut,,Plain,0,3,,4.0,7,1,0,46.04,48.04,0,0.0,"D/C Insert - 23-5/8 x 22-5/8
23-5/8 x 22-5/8 (4 Up)
RDC Plain 32B ECT Kraft
1750/unit",Mitchell's,,0,,,1.0,0,0,0,True,0,,Regular,False,4,0,B32 K,OT,2026-03-20 14:01:37,,8750,False,0,0,200 B,Farm Out,,1,63,8750,12,0,N,,Aylmer,23.1,22.1,0.0,,0.0,15208,False,2026-03-20,No Closure,15208 (2037254-1),,"12040 - 
12714 - MID NORTH
12884 - CAN 1 - A",,15208 (2037254-1),,,
337625,5032191,1,2026-08-31,500,10,168,1,0,1,0,1.0,0,,Farm Out,17500,3874.0,67795.0,15750.0,19250,12170,,,2026-09-02,0,67795.0,123498,2026-09-02,B,RDC - Rotary Die Cut,,Plain,0,3,,4.0,7,1,0,46.04,48.04,0,0.0,"D/C Insert - 23-5/8 x 22-5/8
23-5/8 x 22-5/8 (4 Up)
RDC Plain 32B ECT Kraft
1750/unit",Mitchell's,,0,,,1.0,0,0,0,True,0,,Regular,False,4,0,B32 K,OT,2026-03-20 14:01:37,,8750,False,0,0,200 B,Farm Out,,1,63,8750,12,0,N,,Aylmer,23.1,22.1,0.0,,0.0,15208,False,2026-03-20,No Closure,15208 (2037254-1),,"12040 - 
12714 - MID NORTH
12884 - CAN 1 - A",,15208 (2037254-1),,,
366848,5032190,1,2026-08-05,200,1,234,0,0,0,0,1.0,0,,Corrugator,17500,3874.0,67795.0,15750.0,19250,12170,,,2026-08-05,0,67795.0,123498,2026-08-05,B,RDC - Rotary Die Cut,,Plain,0,3,,4.0,0,1,0,46.04,48.04,0,0.0,"D/C Insert - 23-5/8 x 22-5/8
23-5/8 x 22-5/8 (4 Up)
RDC Plain 32B ECT Kraft
1750/unit",Mitchell's,,0,,,1.0,0,0,0,True,0,,Regular,False,234,0,B32 K,CRB,2026-03-20 13:58:47,,52500,False,0,0,200 B,,,1,63,52500,12,0,N,,Aylmer,23.1,22.1,0.0,,0.0,17500,False,2026-03-20,No Closure,17500 (2037267-1),,"12040 - 
12714 - MID NORTH
12884 - CAN 1 - A",,17500 (2037267-1),168.0,2026-08-05,
366847,5032190,1,2026-08-05,300,10,168,1,0,1,0,1.0,0,,Farm Out,17500,3874.0,67795.0,15750.0,19250,12170,,,2026-08-05,0,67795.0,123498,2026-08-05,B,RDC - Rotary Die Cut,,Plain,0,3,,4.0,7,1,0,46.04,48.04,0,0.0,"D/C Insert - 23-5/8 x 22-5/8
23-5/8 x 22-5/8 (4 Up)
RDC Plain 32B ECT Kraft
1750/unit",Mitchell's,,0,,,1.0,0,0,0,True,0,,Regular,False,4,0,B32 K,CRB,2026-03-20 13:58:47,,52500,False,0,0,200 B,Farm Out,,1,63,52500,12,0,N,,Aylmer,23.1,22.1,0.0,,0.0,17500,False,2026-03-20,No Closure,17500 (2037267-1),,"12040 - 
12714 - MID NORTH
12884 - CAN 1 - A",,17500 (2037267-1),,,
337642,5032193,1,2026-10-30,500,1,234,0,0,0,0,1.0,0,,Corrugator,17500,3874.0,67795.0,15750.0,19250,12170,,,2026-11-04,0,67795.0,123498,2026-11-04,B,RDC - Rotary Die Cut,,Plain,0,3,,4.0,0,1,0,46.04,48.04,0,0.0,"D/C Insert - 23-5/8 x 22-5/8
23-5/8 x 22-5/8 (4 Up)
RDC Plain 32B ECT Kraft
1750/unit",Mitchell's,,0,,,1.0,0,0,0,True,0,,Regular,False,234,0,B32 K,CRB,2026-03-20 14:07:21,,0,False,0,0,200 B,,,1,63,0,12,0,N,,Aylmer,23.1,22.1,0.0,,1.0,4529,False,2026-03-20,No Closure,4529 (2037381-1),,"12040 - 
12714 - MID NORTH
12884 - CAN 1 - A",,4529 (2037381-1),168.0,2026-11-02,
337643,5032193,1,2026-11-02,500,10,168,1,0,1,0,1.0,0,,Farm Out,17500,3874.0,67795.0,15750.0,19250,12170,,,2026-11-04,0,67795.0,123498,2026-11-04,B,RDC - Rotary Die Cut,,Plain,0,3,,4.0,7,1,0,46.04,48.04,0,0.0,"D/C Insert - 23-5/8 x 22-5/8
23-5/8 x 22-5/8 (4 Up)
RDC Plain 32B ECT Kraft
1750/unit",Mitchell's,,0,,,1.0,0,0,0,True,0,,Regular,False,4,0,B32 K,CRB,2026-03-20 14:07:21,,0,False,0,0,200 B,Farm Out,,1,63,0,12,0,N,,Aylmer,23.1,22.1,0.0,,1.0,4529,False,2026-03-20,No Closure,4529 (2037381-1),,"12040 - 
12714 - MID NORTH
12884 - CAN 1 - A",,4529 (2037381-1),,,
337651,5032194,1,2026-11-27,500,1,234,0,0,0,0,1.0,0,,Corrugator,17500,3874.0,67795.0,15750.0,19250,12170,,,2026-12-02,0,67795.0,123498,2026-12-02,B,RDC - Rotary Die Cut,,Plain,0,3,,4.0,0,1,0,46.04,48.04,0,0.0,"D/C Insert - 23-5/8 x 22-5/8
23-5/8 x 22-5/8 (4 Up)
RDC Plain 32B ECT Kraft
1750/unit",Mitchell's,,0,,,1.0,0,0,0,True,0,,Regular,False,234,0,B32 K,CRB,2026-03-20 14:09:25,,0,False,0,0,200 B,,,1,63,0,12,0,N,,Aylmer,23.1,22.1,0.0,,1.0,4840,False,2026-03-20,No Closure,4840 (2038514-1),,"12040 - 
12714 - MID NORTH
12884 - CAN 1 - A",,"4840 (2038514-1)
500 Woodward",168.0,2026-11-30,
337652,5032194,1,2026-11-30,500,10,168,1,0,1,0,1.0,0,,Farm Out,17500,3874.0,67795.0,15750.0,19250,12170,,,2026-12-02,0,67795.0,123498,2026-12-02,B,RDC - Rotary Die Cut,,Plain,0,3,,4.0,7,1,0,46.04,48.04,0,0.0,"D/C Insert - 23-5/8 x 22-5/8
23-5/8 x 22-5/8 (4 Up)
RDC Plain 32B ECT Kraft
1750/unit",Mitchell's,,0,,,1.0,0,0,0,True,0,,Regular,False,4,0,B32 K,CRB,2026-03-20 14:09:25,,0,False,0,0,200 B,Farm Out,,1,63,0,12,0,N,,Aylmer,23.1,22.1,0.0,,1.0,4840,False,2026-03-20,No Closure,4840 (2038514-1),,"12040 - 
12714 - MID NORTH
12884 - CAN 1 - A",,"4840 (2038514-1)
500 Woodward",,,
365095,5034185,1,2026-08-28,100,10,213,1,25,1,16800,1.0,0,,Eterna,1000,2766.0,2766.0,900.0,1100,19212,,,2026-09-15,0,2766.0,131242,2026-09-15,B,Flat Bed Die Cut,E,Plain,0,3,,4.0,3,1,0,38.08,41.06,0,29.0,"GO7 - 8.02 x 6.06 x 2.05
Outside Tuck Mailer
RDC, Plain 32B Kraft
1000/unit

** Make and Ship",URtech,,0,,,1.0,0,0,0,True,0,,Regular,False,3,0,B32 K,CRB,2026-07-07 07:18:16,,0,False,0,0,200 B,Eterna,,1,63,0,12,0,N,,BURLINGTON,20.03,19.03,0.0,,1.0,326,False,2026-07-07,No Closure,326 (2038569-1),E,"12509 - 
13685 - CAN 3-I",,326 (2038569-1),,,61.0
360200,5034222,1,2026-08-05,-700,1,234,0,0,0,0,1.0,0,,Corrugator,1500,5412.0,8118.0,1350.0,1650,10001,,,2026-07-22,1,8118.0,141972,2026-07-22,C,Regular Slotted Carton,,Plain,0,3,,1.0,0,1,0,18.08,42.02,1497,0.0,"W101008
10 x 10 x 8
32C Kraft RSC 25/500",Moyy|WB,,0,,,1.0,10,0,0,True,0,,Stock & Release,False,234,0,C32 K,OT,2026-07-09 16:19:17,,1500,False,0,0,200 C,,,1,60,1500,12,0,GI,,Hamilton,10.0,10.0,8.0,,1.0,1623,False,2026-07-09,Glued,1623 (2037290-1),L,,,1623 (2037290-1),69.0,2026-07-21,
320111,5031337,1,2026-08-03,-15600,10,168,1,0,1,0,1.0,0,,Farm Out,1000,11001.0,11001.0,900.0,1100,10001,,,2025-12-23,1,11001.0,156009,2025-12-22,C,Regular Slotted Carton,,Plain,0,3,,1.0,7,1,0,25.08,62.02,0,0.0,"W151510
15 x 15 x 10
32C Kraft RSC 25/250",Moyy|WB,,0,,,1.0,10,0,0,True,0,,Stock & Release,False,4,0,C32 K,OT,2025-12-12 13:46:31,,1000,False,0,0,200 C,Farm Out,,1,60,1000,12,0,GI,,Hamilton,15.0,15.0,10.0,,1.0,1000,False,2025-12-12,Glued,1000 (2034017-1),,,,1000 (2034017-1),,,
320110,5031337,1,2026-08-03,-15700,1,234,0,0,0,0,1.0,0,,Corrugator,1000,11001.0,11001.0,900.0,1100,10001,,,2025-12-23,1,11001.0,156009,2025-12-22,C,Regular Slotted Carton,,Plain,0,3,,1.0,0,1,0,25.08,62.02,0,0.0,"W151510
15 x 15 x 10
32C Kraft RSC 25/250",Moyy|WB,,0,,,1.0,10,0,0,True,0,,Stock & Release,False,234,0,C32 K,OT,2025-12-12 13:46:31,,1000,False,0,0,200 C,,,1,60,1000,12,0,GI,,Hamilton,15.0,15.0,10.0,,1.0,1000,False,2025-12-12,Glued,1000 (2034017-1),,,,1000 (2034017-1),168.0,2026-08-03,
364825,5035422,1,2026-08-06,500,10,69,1,33,1,2520,1.0,0,,Langston Saturn 50x110,5000,9489.0,47445.0,4500.0,5500,12742,,,2026-08-07,0,47445.0,156081,2026-08-07,C,Regular Slotted Carton,L,Plain,0,3,,1.0,3,1,0,21.1,63.03,0,152.0,"Bucket
20 x 10-1/2 x 10-1/2
RSC, Glued, Plain 
C Flute 32 ECT Kraft
230/unit",Pool,,0,,,0.6,0,0,0,True,2,,Regular,False,1,0,C32 K,OT,2026-07-24 14:28:19,,0,False,0,0,200 C,Langston,,1,61,0,12,0,GI,,BURLINGTON,20.0,10.08,10.08,,1.0,5940,False,2026-07-24,Glued,5940 (2038544-1),L,,,5940 (2038544-1),,,156.0
364825,5035422,1,2026-08-06,500,10,69,1,33,1,2520,1.0,0,,Langston Saturn 50x110,5000,9489.0,47445.0,4500.0,5500,12742,,,2026-08-07,0,47445.0,156081,2026-08-07,C,Regular Slotted Carton,L,Plain,0,3,,1.0,3,1,0,21.1,63.03,0,152.0,"Bucket
20 x 10-1/2 x 10-1/2
RSC, Glued, Plain 
C Flute 32 ECT Kraft
230/unit",Pool,,0,,,0.6,0,0,0,True,2,,Regular,False,1,0,C32 K,OT,2026-07-24 14:28:19,,0,False,0,0,200 C,Langston,,1,61,0,12,0,GI,,BURLINGTON,20.0,10.08,10.08,,1.0,5940,False,2026-07-24,Glued,5940 (2038544-1),L,,,5940 (2038544-1),,,156.0
365184,5035442,1,2026-08-06,500,1,234,0,0,0,0,1.0,0,,Corrugator,1500,3495.0,5242.5,1350.0,1650,18597,,,2026-08-13,1,5242.5,164088,2026-08-13,B,Flat Bed Die Cut,,Nozomi Digital 1 Side Print,1,3,,2.0,0,1,0,30.08,33.0,0,0.0,"16 x 1/2 lb Salmon box
14-1/4 x 30-3/4
FBDC, Glued, 20/Bundle
Nozomi Digital 1 Side Print 
B Flu",Healthy,,0,,,1.0,0,0,0,True,0,,Stock & Release,False,234,0,B32 Coated White 1S,OT,2026-07-28 11:21:32,,0,False,0,0,,,,1,65,0,12,0,GI,"Dig Ink Med Intensity (40%), Coated Digital (0%)",SMITHVILLE,30.12,14.04,0.0,,0.0,670,False,2026-07-27,Glued,670 (2038560-1),"N,E,BobstGluer",13730 - C3-A,"Dig Ink Med Intensity
Coated Digital",670 (2038560-1),189.0,2026-08-07,
365186,5035442,1,2026-08-10,500,20,213,1,25,1,7000,1.0,0,,Eterna,1500,3495.0,5242.5,1350.0,1650,18597,,,2026-08-13,1,5242.5,164088,2026-08-13,B,Flat Bed Die Cut,E,Nozomi Digital 1 Side Print,1,3,,2.0,3,1,0,30.08,33.0,0,38.0,"16 x 1/2 lb Salmon box
14-1/4 x 30-3/4
FBDC, Glued, 20/Bundle
Nozomi Digital 1 Side Print 
B Flu",Healthy,,0,,,1.0,0,0,0,True,0,,Stock & Release,False,3,0,B32 Coated White 1S,OT,2026-07-28 11:21:32,,0,False,0,0,,Eterna,,1,65,0,12,0,GI,"Dig Ink Med Intensity (40%), Coated Digital (0%)",SMITHVILLE,30.12,14.04,0.0,,0.0,670,False,2026-07-27,Glued,670 (2038560-1),"N,E,BobstGluer",13730 - C3-A,"Dig Ink Med Intensity
Coated Digital",670 (2038560-1),167.0,2026-08-11,110.0
365187,5035442,1,2026-08-11,500,30,167,1,15,1,6500,1.0,0,,"Bobst Specialty Gluer 115""",1500,3495.0,5242.5,1350.0,1650,18597,,,2026-08-13,1,5242.5,164088,2026-08-13,B,Flat Bed Die Cut,Bobst Gluer,Nozomi Digital 1 Side Print,1,3,,2.0,3,1,0,30.08,33.0,0,29.0,"16 x 1/2 lb Salmon box
14-1/4 x 30-3/4
FBDC, Glued, 20/Bundle
Nozomi Digital 1 Side Print 
B Flu",Healthy,,0,,,1.0,0,0,0,True,0,,Stock & Release,False,6,0,B32 Coated White 1S,OT,2026-07-28 11:21:32,,0,False,0,0,,Bobst Gluer,,1,65,0,12,0,GI,"Dig Ink Med Intensity (40%), Coated Digital (0%)",SMITHVILLE,30.12,14.04,0.0,,0.0,670,False,2026-07-27,Glued,670 (2038560-1),"N,E,BobstGluer",13730 - C3-A,"Dig Ink Med Intensity
Coated Digital",670 (2038560-1),,,45.0
365189,5035443,1,2026-08-05,200,1,234,0,0,0,0,1.0,0,,Corrugator,840,3495.0,2935.8,756.0,924,18597,,,2026-08-10,1,2935.8,164091,2026-08-05,B,Flat Bed Die Cut,,Nozomi Digital 1 Side Print,1,3,,2.0,0,1,0,30.08,33.0,0,0.0,"16 x 1/2 lb Rabbit box
14-1/4 x 30-3/4
FBDC, Glued, 20/Bundle
Nozomi Digital 1 Side Print 
B Flu",Healthy,,0,,,1.0,0,0,0,True,0,,Stock & Release,False,234,0,B32 Coated White 1S,OT,2026-07-28 11:24:27,,0,False,0,0,,,,1,65,0,12,0,GI,"Dig Ink Med Intensity (40%), Coated Digital (0%)",SMITHVILLE,30.12,14.04,0.0,,1.0,540,False,2026-07-27,Glued,540 (2038562-1),"N,E,BobstGluer",13730 - C3-A,"Dig Ink Med Intensity
Coated Digital",540 (2038562-1),189.0,2026-08-04,
365191,5035443,1,2026-08-10,500,20,213,1,25,1,7000,1.0,0,,Eterna,840,3495.0,2935.8,756.0,924,18597,,,2026-08-10,1,2935.8,164091,2026-08-05,B,Flat Bed Die Cut,E,Nozomi Digital 1 Side Print,1,3,,2.0,3,1,0,30.08,33.0,0,32.0,"16 x 1/2 lb Rabbit box
14-1/4 x 30-3/4
FBDC, Glued, 20/Bundle
Nozomi Digital 1 Side Print 
B Flu",Healthy,,0,,,1.0,0,0,0,True,0,,Stock & Release,False,3,0,B32 Coated White 1S,OT,2026-07-28 11:24:27,,0,False,0,0,,Eterna,,1,65,0,12,0,GI,"Dig Ink Med Intensity (40%), Coated Digital (0%)",SMITHVILLE,30.12,14.04,0.0,,1.0,540,False,2026-07-27,Glued,540 (2038562-1),"N,E,BobstGluer",13730 - C3-A,"Dig Ink Med Intensity
Coated Digital",540 (2038562-1),167.0,2026-08-06,82.0
365192,5035443,1,2026-08-06,500,30,167,1,15,1,6500,1.0,0,,"Bobst Specialty Gluer 115""",840,3495.0,2935.8,756.0,924,18597,,,2026-08-10,1,2935.8,164091,2026-08-05,B,Flat Bed Die Cut,Bobst Gluer,Nozomi Digital 1 Side Print,1,3,,2.0,3,1,0,30.08,33.0,0,23.0,"16 x 1/2 lb Rabbit box
14-1/4 x 30-3/4
FBDC, Glued, 20/Bundle
Nozomi Digital 1 Side Print 
B Flu",Healthy,,0,,,1.0,0,0,0,True,0,,Stock & Release,False,6,0,B32 Coated White 1S,OT,2026-07-28 11:24:27,,0,False,0,0,,Bobst Gluer,,1,65,0,12,0,GI,"Dig Ink Med Intensity (40%), Coated Digital (0%)",SMITHVILLE,30.12,14.04,0.0,,1.0,540,False,2026-07-27,Glued,540 (2038562-1),"N,E,BobstGluer",13730 - C3-A,"Dig Ink Med Intensity
Coated Digital",540 (2038562-1),,,50.0
364596,5035408,1,2026-08-05,400,1,234,0,0,0,0,1.0,0,,Corrugator,1000,20378.0,20378.0,900.0,1100,18675,,,2026-08-07,0,20378.0,165253,2026-08-07,C,Regular Slotted Carton,,Plain,0,3,,1.0,0,1,0,33.14,86.1,0,0.0,"B26271618 44B
26-1/2 x 15-3/4 x 17-1/2
RSC, Glued, Plain 
C Flute 32 ECT Kraft
115/unit",HC,,0,,,1.0,0,0,0,True,0,,Regular,False,234,0,C32 K,OT,2026-07-24 06:57:13,,0,False,0,0,200 C,,,1,60,0,14,0,GI,,BURLINGTON,26.08,15.12,17.08,,1.0,297,False,2026-07-24,Glued,297 (2038547-1),L,,,297 (2038547-1),69.0,2026-08-06,
364597,5035408,1,2026-08-06,500,10,69,1,33,1,1260,1.0,0,,Langston Saturn 50x110,1000,20378.0,20378.0,900.0,1100,18675,,,2026-08-07,0,20378.0,165253,2026-08-07,C,Regular Slotted Carton,L,Plain,0,3,,1.0,3,1,0,33.14,86.1,0,81.0,"B26271618 44B
26-1/2 x 15-3/4 x 17-1/2
RSC, Glued, Plain 
C Flute 32 ECT Kraft
115/unit",HC,,0,,,0.6,0,0,0,True,2,,Regular,False,1,0,C32 K,OT,2026-07-24 06:57:13,,0,False,0,0,200 C,Langston,,1,60,0,14,0,GI,,BURLINGTON,26.08,15.12,17.08,,1.0,297,False,2026-07-24,Glued,297 (2038547-1),L,,,297 (2038547-1),,,66.0
346308,5032565,1,2026-08-05,-5700,1,234,0,0,0,0,1.0,0,,Corrugator,1680,2065.0,3469.2,1512.0,1848,18597,,,2026-05-15,1,3469.2,167108,2026-05-15,B,Flat Bed Die Cut,,Nozomi Digital 1 Side Print,1,3,,4.0,0,1,0,36.14,32.04,1680,0.0,"12x100g Dog Chicken - OBSOLETE
8-1/2 x 29-15/16
Flat Bed Die Cut, Glued, 
Nozomi Digital 1 Side P",Healthy,,0,,,1.0,0,0,0,True,0,,Stock & Release,False,234,0,B32 Coated White 1S,OT,2026-04-29 17:17:52,,140,False,0,0,,,,1,62,140,12,0,GI,"Dig Ink Med Intensity (40%), Coated Digital (0%)",SMITHVILLE,8.08,29.15,0.0,,1.0,3928,False,2026-04-29,Glued,3928 (2035524-1),"N,E",13731 - C4F,"Dig Ink Med Intensity
Coated Digital",3928 (2035524-1),189.0,2026-05-04,
346308,5032565,1,2026-08-05,-5700,1,234,0,0,0,0,1.0,0,,Corrugator,1680,2065.0,3469.2,1512.0,1848,18597,,,2026-05-15,1,3469.2,167108,2026-05-15,B,Flat Bed Die Cut,,Nozomi Digital 1 Side Print,1,3,,4.0,0,1,0,36.14,32.04,1680,0.0,"12x100g Dog Chicken - OBSOLETE
8-1/2 x 29-15/16
Flat Bed Die Cut, Glued, 
Nozomi Digital 1 Side P",Healthy,,0,,,1.0,0,0,0,True,0,,Stock & Release,False,234,0,B32 Coated White 1S,OT,2026-04-29 17:17:52,,140,False,0,0,,,,1,62,140,12,0,GI,"Dig Ink Med Intensity (40%), Coated Digital (0%)",SMITHVILLE,8.08,29.15,0.0,,1.0,3928,False,2026-04-29,Glued,3928 (2035524-1),"N,E",13731 - C4F,"Dig Ink Med Intensity
Coated Digital",3928 (2035524-1),189.0,2026-05-04,
346311,5032565,1,2026-08-05,-5400,30,236,1,0,1,0,1.0,0,,Boxxer - James - co-packing,1680,2065.0,3469.2,1512.0,1848,18597,,,2026-05-15,1,3469.2,167108,2026-05-15,B,Flat Bed Die Cut,,Nozomi Digital 1 Side Print,1,3,,4.0,0,1,0,36.14,32.04,1680,0.0,"12x100g Dog Chicken - OBSOLETE
8-1/2 x 29-15/16
Flat Bed Die Cut, Glued, 
Nozomi Digital 1 Side P",Healthy,,0,,,1.0,0,0,0,True,0,,Stock & Release,False,0,0,B32 Coated White 1S,OT,2026-04-29 17:17:52,,140,False,0,0,,,,1,62,140,12,0,GI,"Dig Ink Med Intensity (40%), Coated Digital (0%)",SMITHVILLE,8.08,29.15,0.0,,1.0,3928,False,2026-04-29,Glued,3928 (2035524-1),"N,E",13731 - C4F,"Dig Ink Med Intensity
Coated Digital",3928 (2035524-1),,,
346311,5032565,1,2026-08-05,-5400,30,236,1,0,1,0,1.0,0,,Boxxer - James - co-packing,1680,2065.0,3469.2,1512.0,1848,18597,,,2026-05-15,1,3469.2,167108,2026-05-15,B,Flat Bed Die Cut,,Nozomi Digital 1 Side Print,1,3,,4.0,0,1,0,36.14,32.04,1680,0.0,"12x100g Dog Chicken - OBSOLETE
8-1/2 x 29-15/16
Flat Bed Die Cut, Glued, 
Nozomi Digital 1 Side P",Healthy,,0,,,1.0,0,0,0,True,0,,Stock & Release,False,0,0,B32 Coated White 1S,OT,2026-04-29 17:17:52,,140,False,0,0,,,,1,62,140,12,0,GI,"Dig Ink Med Intensity (40%), Coated Digital (0%)",SMITHVILLE,8.08,29.15,0.0,,1.0,3928,False,2026-04-29,Glued,3928 (2035524-1),"N,E",13731 - C4F,"Dig Ink Med Intensity
Coated Digital",3928 (2035524-1),,,
365165,5035439,1,2026-08-10,500,20,213,1,25,1,14000,1.0,0,,Eterna,1680,2065.0,3469.2,1512.0,1848,18597,,,2026-08-10,1,3469.2,167109,2026-08-10,B,Flat Bed Die Cut,E,Nozomi Digital 1 Side Print,1,3,,4.0,3,1,0,36.14,32.04,0,32.0,"12x100g Dog Beef
8-1/2 x 29-15/16
FBDC, Glued, 20/Bundle
Nozomi Digital 1 Side Print 
B Flute 32",Healthy,,0,,,1.0,0,0,0,True,0,,Stock & Release,False,3,0,B32 Coated White 1S,OT,2026-07-28 11:01:35,,0,False,0,0,,Eterna,,1,62,0,12,0,GI,"Dig Ink Med Intensity (40%), Coated Digital (0%)",SMITHVILLE,8.08,29.15,0.0,,0.0,540,False,2026-07-27,Glued,540 (2038555-1),"N,E",13731 - C4F,"Dig Ink Med Intensity
Coated Digital",540 (2038555-1),236.0,2026-08-07,104.0
365166,5035439,1,2026-08-07,500,30,236,1,0,1,0,1.0,0,,Boxxer - James - co-packing,1680,2065.0,3469.2,1512.0,1848,18597,,,2026-08-10,1,3469.2,167109,2026-08-10,B,Flat Bed Die Cut,,Nozomi Digital 1 Side Print,1,3,,4.0,0,1,0,36.14,32.04,0,0.0,"12x100g Dog Beef
8-1/2 x 29-15/16
FBDC, Glued, 20/Bundle
Nozomi Digital 1 Side Print 
B Flute 32",Healthy,,0,,,1.0,0,0,0,True,0,,Stock & Release,False,0,0,B32 Coated White 1S,OT,2026-07-28 11:01:35,,0,False,0,0,,,,1,62,0,12,0,GI,"Dig Ink Med Intensity (40%), Coated Digital (0%)",SMITHVILLE,8.08,29.15,0.0,,0.0,540,False,2026-07-27,Glued,540 (2038555-1),"N,E",13731 - C4F,"Dig Ink Med Intensity
Coated Digital",540 (2038555-1),,,
365163,5035439,1,2026-08-05,400,1,234,0,0,0,0,1.0,0,,Corrugator,1680,2065.0,3469.2,1512.0,1848,18597,,,2026-08-10,1,3469.2,167109,2026-08-10,B,Flat Bed Die Cut,,Nozomi Digital 1 Side Print,1,3,,4.0,0,1,0,36.14,32.04,0,0.0,"12x100g Dog Beef
8-1/2 x 29-15/16
FBDC, Glued, 20/Bundle
Nozomi Digital 1 Side Print 
B Flute 32",Healthy,,0,,,1.0,0,0,0,True,0,,Stock & Release,False,234,0,B32 Coated White 1S,OT,2026-07-28 11:01:35,,0,False,0,0,,,,1,62,0,12,0,GI,"Dig Ink Med Intensity (40%), Coated Digital (0%)",SMITHVILLE,8.08,29.15,0.0,,0.0,540,False,2026-07-27,Glued,540 (2038555-1),"N,E",13731 - C4F,"Dig Ink Med Intensity
Coated Digital",540 (2038555-1),189.0,2026-08-05,
364118,5035356,1,2026-08-06,500,1,234,0,0,0,0,1.0,0,,Corrugator,15000,15237.0,228555.0,13500.0,16500,11480,,,2026-08-10,0,228555.0,167174,2026-08-10,B,RDC - Rotary Die Cut,,Flexo 1 Colour Print,1,3,,1.0,0,1,0,46.06,47.05,0,0.0,"45-3/8 x 46-5/16  - New Print 2024
RDC, No Closure, 1 Col 32B K 
WRA Single Wall 30lb Medium",Raw,,0,,,1.0,0,0,0,True,0,,Regular,False,234,0,B40 K,CRB,2026-07-21 15:09:04,,15000,False,0,0,200 O/T B,,,1,64,15000,12,0,N,GCMI 90 BLACK AU (15%),St Catharines,46.05,45.06,0.0,,1.0,263,False,2026-07-21,No Closure,263 (2038473-1),R,"11087 - B-5
12350 - 
13803 - RACK A
13834 - RACK A",GCMI 90 BLACK AU,"263 (2038473-1)
500 Woodward",166.0,2026-08-05,
364328,5035366,1,2026-08-05,0,1,234,0,0,0,0,1.0,0,,Corrugator,900,2065.0,1858.5,810.0,990,18597,,,2026-08-04,1,1858.5,167335,2026-08-04,B,Flat Bed Die Cut,,Nozomi Digital 1 Side Print,1,3,,4.0,0,1,0,36.14,32.04,0,0.0,"12x100g Dog Duck
8-1/2 x 29-15/16
FBDC, Glued, 20/Bundle
Nozomi Digital 1 Side Print 
B Flute 32",Healthy,,0,,,1.0,0,0,0,True,0,,Stock & Release,False,234,0,B32 Coated White 1S,OT,2026-07-22 11:10:59,,0,False,0,0,,,,1,62,0,12,0,GI,"Dig Ink Med Intensity (40%), Coated Digital (0%)",SMITHVILLE,8.08,29.15,0.0,,0.0,1082,False,2026-07-21,Glued,1082 (2038475-1),"N,E",13731 - C4F,"Dig Ink Med Intensity
Coated Digital",1082 (2038475-1),189.0,2026-07-30,
364330,5035366,1,2026-08-07,300,20,213,1,25,1,14000,1.0,0,,Eterna,900,2065.0,1858.5,810.0,990,18597,,,2026-08-04,1,1858.5,167335,2026-08-04,B,Flat Bed Die Cut,E,Nozomi Digital 1 Side Print,1,3,,4.0,3,1,0,36.14,32.04,0,29.0,"12x100g Dog Duck
8-1/2 x 29-15/16
FBDC, Glued, 20/Bundle
Nozomi Digital 1 Side Print 
B Flute 32",Healthy,,0,,,1.0,0,0,0,True,0,,Stock & Release,False,3,0,B32 Coated White 1S,OT,2026-07-22 11:10:59,,0,False,0,0,,Eterna,,1,62,0,12,0,GI,"Dig Ink Med Intensity (40%), Coated Digital (0%)",SMITHVILLE,8.08,29.15,0.0,,0.0,1082,False,2026-07-21,Glued,1082 (2038475-1),"N,E",13731 - C4F,"Dig Ink Med Intensity
Coated Digital",1082 (2038475-1),236.0,2026-08-05,63.0
364331,5035366,1,2026-08-05,300,30,236,1,0,1,0,1.0,0,,Boxxer - James - co-packing,900,2065.0,1858.5,810.0,990,18597,,,2026-08-04,1,1858.5,167335,2026-08-04,B,Flat Bed Die Cut,,Nozomi Digital 1 Side Print,1,3,,4.0,0,1,0,36.14,32.04,0,0.0,"12x100g Dog Duck
8-1/2 x 29-15/16
FBDC, Glued, 20/Bundle
Nozomi Digital 1 Side Print 
B Flute 32",Healthy,,0,,,1.0,0,0,0,True,0,,Stock & Release,False,0,0,B32 Coated White 1S,OT,2026-07-22 11:10:59,,0,False,0,0,,,,1,62,0,12,0,GI,"Dig Ink Med Intensity (40%), Coated Digital (0%)",SMITHVILLE,8.08,29.15,0.0,,0.0,1082,False,2026-07-21,Glued,1082 (2038475-1),"N,E",13731 - C4F,"Dig Ink Med Intensity
Coated Digital",1082 (2038475-1),,,
346285,5032576,1,2026-08-04,-5700,1,234,0,0,0,0,1.0,0,,Corrugator,480,3495.0,1677.6,432.0,528,18597,,,2026-05-15,1,1677.6,167341,2026-05-15,B,Flat Bed Die Cut,,Nozomi Digital 1 Side Print,1,3,,2.0,0,1,0,30.08,33.0,0,0.0,"16 x 1/2 lb Turkey Organ Box
14-1/4 x 30-3/4
FBDC, Glued, 20/Bundle 
Nozomi Digital 1 Side Print",Healthy,,0,,,1.0,0,0,0,True,0,,Stock & Release,False,234,0,B32 Coated White 1S,OT,2026-04-29 16:50:34,,0,False,0,0,,,,1,65,0,12,0,GI,"Dig Ink Med Intensity (40%), Coated Digital (0%)",SMITHVILLE,30.12,14.04,0.0,,1.0,2000,False,2026-04-29,Glued,2000 (2038537-1),"N,E,BobstGluer",13730 - C3-A,"Dig Ink Med Intensity
Coated Digital","2000 (2038537-1)
Nozomi",189.0,2026-05-11,
346288,5032576,1,2026-08-07,0,30,167,1,15,1,6500,1.0,0,,"Bobst Specialty Gluer 115""",480,3495.0,1677.6,432.0,528,18597,,,2026-05-15,1,1677.6,167341,2026-05-15,B,Flat Bed Die Cut,Bobst Gluer,Nozomi Digital 1 Side Print,1,3,,2.0,3,1,0,30.08,33.0,0,19.0,"16 x 1/2 lb Turkey Organ Box
14-1/4 x 30-3/4
FBDC, Glued, 20/Bundle 
Nozomi Digital 1 Side Print",Healthy,,0,,,1.0,0,0,0,True,0,,Stock & Release,False,6,0,B32 Coated White 1S,OT,2026-04-29 16:50:34,,0,False,0,0,,Bobst Gluer,,1,65,0,12,0,GI,"Dig Ink Med Intensity (40%), Coated Digital (0%)",SMITHVILLE,30.12,14.04,0.0,,1.0,2000,False,2026-04-29,Glued,2000 (2038537-1),"N,E,BobstGluer",13730 - C3-A,"Dig Ink Med Intensity
Coated Digital","2000 (2038537-1)
Nozomi",,,23.0
365263,5035446,1,2026-08-05,400,1,234,0,0,0,0,1.0,0,,Corrugator,800,6620.0,5296.0,720.0,880,18597,,,2026-08-11,1,5296.0,167343,2026-08-10,B,Flat Bed Die Cut,,Nozomi Digital 1 Side Print,1,3,,2.0,0,1,0,32.05,59.0,0,0.0,"16 x 1 lb Big Box Salmon box
15-3/16 x 57
FBDC, Glued, 20/Bundle
Nozomi Digital 1 Side Print 
B",Healthy,,0,,,1.0,0,0,0,True,0,,Stock & Release,False,234,0,B32 Coated White 1S,OT,2026-07-28 12:33:11,,0,False,0,0,,,,1,65,0,12,0,GI,"Dig Ink Med Intensity (40%), Coated Digital (0%)",SMITHVILLE,57.0,15.03,0.0,,1.0,488,False,2026-07-27,Glued,488 (2038565-1),"N,E,BobstGluer",13750 - C4 E,"Dig Ink Med Intensity
Coated Digital",488 (2038565-1),189.0,2026-08-05,
365265,5035446,1,2026-08-10,500,20,213,1,25,1,7000,1.0,0,,Eterna,800,6620.0,5296.0,720.0,880,18597,,,2026-08-11,1,5296.0,167343,2026-08-10,B,Flat Bed Die Cut,E,Nozomi Digital 1 Side Print,1,3,,2.0,3,1,0,32.05,59.0,0,32.0,"16 x 1 lb Big Box Salmon box
15-3/16 x 57
FBDC, Glued, 20/Bundle
Nozomi Digital 1 Side Print 
B",Healthy,,0,,,1.0,0,0,0,True,0,,Stock & Release,False,3,0,B32 Coated White 1S,OT,2026-07-28 12:33:11,,0,False,0,0,,Eterna,,1,65,0,12,0,GI,"Dig Ink Med Intensity (40%), Coated Digital (0%)",SMITHVILLE,57.0,15.03,0.0,,1.0,488,False,2026-07-27,Glued,488 (2038565-1),"N,E,BobstGluer",13750 - C4 E,"Dig Ink Med Intensity
Coated Digital",488 (2038565-1),167.0,2026-08-07,88.0
365266,5035446,1,2026-08-07,500,30,167,1,31,1,6500,1.0,0,,"Bobst Specialty Gluer 115""",800,6620.0,5296.0,720.0,880,18597,,,2026-08-11,1,5296.0,167343,2026-08-10,B,Flat Bed Die Cut,Bobst Gluer,Nozomi Digital 1 Side Print,1,3,,2.0,3,1,0,32.05,59.0,0,38.0,"16 x 1 lb Big Box Salmon box
15-3/16 x 57
FBDC, Glued, 20/Bundle
Nozomi Digital 1 Side Print 
B",Healthy,,0,,,1.0,0,0,0,True,0,,Stock & Release,False,6,0,B32 Coated White 1S,OT,2026-07-28 12:33:11,,0,False,0,0,,Bobst Gluer,,1,65,0,12,0,GI,"Dig Ink Med Intensity (40%), Coated Digital (0%)",SMITHVILLE,57.0,15.03,0.0,,1.0,488,False,2026-07-27,Glued,488 (2038565-1),"N,E,BobstGluer",13750 - C4 E,"Dig Ink Med Intensity
Coated Digital",488 (2038565-1),,,87.0
366309,5035477,1,2026-08-11,500,1,234,0,0,0,0,1.0,0,,Corrugator,3000,2680.0,8040.0,3000.0,3300,14304,,,2026-08-17,0,8040.0,170026,2026-08-17,E,Flat Bed Die Cut,,Nozomi Digital 1 Side Print,1,3,,4.0,0,1,0,36.0,42.14,0,0.0,"NP 3PK-20-2708
5-1/4 x 6 x 2-3/4
FBDC, No Closure, 
Nozomi Digital 1 Side Print 
E32 Oyster 1S",Innovative,,0,,,1.0,0,0,0,True,0,,Regular,False,234,0,E32 OY,CRB,2026-07-30 07:04:27,,0,False,0,0,200 E Oys,,,1,65,0,12,0,N,"Dig Ink Med Intensity (100%), Non-Coated Digital (0%)",Kenmore,5.04,6.0,2.12,,1.0,9936,False,2026-07-30,No Closure,9936 (2038623-1),"N,E,PP",14025 - ETERNA C2-B,"Dig Ink Med Intensity
Non-Coated Digital",9936 (2038623-1),189.0,2026-08-06,
366310,5035477,1,2026-08-06,100,10,189,1,10,1,41006,1.0,0,,Nozomi Digital Printer,3000,2680.0,8040.0,3000.0,3300,14304,,,2026-08-17,0,8040.0,170026,2026-08-17,E,Flat Bed Die Cut,N,Nozomi Digital 1 Side Print,1,3,,4.0,3,1,0,36.0,42.14,0,14.0,"NP 3PK-20-2708
5-1/4 x 6 x 2-3/4
FBDC, No Closure, 
Nozomi Digital 1 Side Print 
E32 Oyster 1S",Innovative,,0,,,1.0,0,0,0,True,1,,Regular,False,1,0,E32 OY,CRB,2026-07-30 07:04:27,,0,False,0,0,200 E Oys,NAZ,,1,65,0,12,0,N,"Dig Ink Med Intensity (100%), Non-Coated Digital (0%)",Kenmore,5.04,6.0,2.12,,1.0,9936,False,2026-07-30,No Closure,9936 (2038623-1),"N,E,PP",14025 - ETERNA C2-B,"Dig Ink Med Intensity
Non-Coated Digital",9936 (2038623-1),213.0,2026-08-13,31.0
366311,5035477,1,2026-08-13,500,20,213,1,25,1,14000,1.0,0,,Eterna,3000,2680.0,8040.0,3000.0,3300,14304,,,2026-08-17,0,8040.0,170026,2026-08-17,E,Flat Bed Die Cut,E,Nozomi Digital 1 Side Print,1,3,,4.0,3,1,0,36.0,42.14,0,38.0,"NP 3PK-20-2708
5-1/4 x 6 x 2-3/4
FBDC, No Closure, 
Nozomi Digital 1 Side Print 
E32 Oyster 1S",Innovative,,0,,,1.0,0,0,0,True,0,,Regular,False,3,0,E32 OY,CRB,2026-07-30 07:04:27,,0,False,0,0,200 E Oys,Eterna,,1,65,0,12,0,N,"Dig Ink Med Intensity (100%), Non-Coated Digital (0%)",Kenmore,5.04,6.0,2.12,,1.0,9936,False,2026-07-30,No Closure,9936 (2038623-1),"N,E,PP",14025 - ETERNA C2-B,"Dig Ink Med Intensity
Non-Coated Digital",9936 (2038623-1),237.0,2026-08-14,73.0
366312,5035477,1,2026-08-14,500,30,237,1,0,1,0,1.0,0,,Pack & Protect A-1,3000,2680.0,8040.0,3000.0,3300,14304,,,2026-08-17,0,8040.0,170026,2026-08-17,E,Flat Bed Die Cut,PP,Nozomi Digital 1 Side Print,1,3,,4.0,5,1,0,36.0,42.14,0,0.0,"NP 3PK-20-2708
5-1/4 x 6 x 2-3/4
FBDC, No Closure, 
Nozomi Digital 1 Side Print 
E32 Oyster 1S",Innovative,,0,,,1.0,0,0,0,True,0,,Regular,False,6,0,E32 OY,CRB,2026-07-30 07:04:27,,0,False,0,0,200 E Oys,,,1,65,0,12,0,N,"Dig Ink Med Intensity (100%), Non-Coated Digital (0%)",Kenmore,5.04,6.0,2.12,,1.0,9936,False,2026-07-30,No Closure,9936 (2038623-1),"N,E,PP",14025 - ETERNA C2-B,"Dig Ink Med Intensity
Non-Coated Digital",9936 (2038623-1),,,
365547,5035448,1,2026-08-05,500,1,234,0,0,0,0,1.0,0,,Corrugator,840,7314.0,6143.76,756.0,924,18597,,,2026-08-12,1,6143.76,176236,2026-08-12,B,Flat Bed Die Cut,,Nozomi Digital 1 Side Print,1,3,,2.0,0,1,0,35.1,59.02,0,0.0,"24 x 1 lb Variety box - NEW SIZE
17-3/8  x 10-1/4 x 5-3/4
FBDC, Glued, 20/Bundle
Nozomi Digital 1",Healthy,,0,,,1.0,0,0,0,True,0,,Stock & Release,False,234,0,B32 Coated White 1S,OT,2026-07-28 12:40:24,,0,False,0,0,,,,1,65,0,12,0,GI,"Dig Ink Med Intensity (40%), Coated Digital (0%)",SMITHVILLE,57.02,16.09,0.0,,1.0,758,False,2026-07-27,Glued,758 (2038567-1),"N,E,BobstGluer",14129 - CAN 1-G,"Dig Ink Med Intensity
Coated Digital",758 (2038567-1),189.0,2026-08-05,
365549,5035448,1,2026-08-10,500,20,213,1,25,1,7000,1.0,0,,Eterna,840,7314.0,6143.76,756.0,924,18597,,,2026-08-12,1,6143.76,176236,2026-08-12,B,Flat Bed Die Cut,E,Nozomi Digital 1 Side Print,1,3,,2.0,3,1,0,35.1,59.02,0,32.0,"24 x 1 lb Variety box - NEW SIZE
17-3/8  x 10-1/4 x 5-3/4
FBDC, Glued, 20/Bundle
Nozomi Digital 1",Healthy,,0,,,1.0,0,0,0,True,0,,Stock & Release,False,3,0,B32 Coated White 1S,OT,2026-07-28 12:40:24,,0,False,0,0,,Eterna,,1,65,0,12,0,GI,"Dig Ink Med Intensity (40%), Coated Digital (0%)",SMITHVILLE,57.02,16.09,0.0,,1.0,758,False,2026-07-27,Glued,758 (2038567-1),"N,E,BobstGluer",14129 - CAN 1-G,"Dig Ink Med Intensity
Coated Digital",758 (2038567-1),167.0,2026-08-10,101.0
365550,5035448,1,2026-08-10,500,30,167,1,31,1,6500,1.0,0,,"Bobst Specialty Gluer 115""",840,7314.0,6143.76,756.0,924,18597,,,2026-08-12,1,6143.76,176236,2026-08-12,B,Flat Bed Die Cut,Bobst Gluer,Nozomi Digital 1 Side Print,1,3,,2.0,3,1,0,35.1,59.02,0,39.0,"24 x 1 lb Variety box - NEW SIZE
17-3/8  x 10-1/4 x 5-3/4
FBDC, Glued, 20/Bundle
Nozomi Digital 1",Healthy,,0,,,1.0,0,0,0,True,0,,Stock & Release,False,6,0,B32 Coated White 1S,OT,2026-07-28 12:40:24,,0,False,0,0,,Bobst Gluer,,1,65,0,12,0,GI,"Dig Ink Med Intensity (40%), Coated Digital (0%)",SMITHVILLE,57.02,16.09,0.0,,1.0,758,False,2026-07-27,Glued,758 (2038567-1),"N,E,BobstGluer",14129 - CAN 1-G,"Dig Ink Med Intensity
Coated Digital",758 (2038567-1),,,55.0
358499,5034136,1,2026-08-05,-1700,1,234,0,0,0,0,1.0,0,,Corrugator,600,7314.0,4388.4,540.0,660,18597,,,2026-07-13,1,4388.4,176238,2026-07-13,B,Flat Bed Die Cut,,Nozomi Digital 1 Side Print,1,3,,2.0,0,1,0,35.1,59.02,0,0.0,"24 x 1 lb Chicken box - NEW
17-3/8  x 10-1/4 x 5-3/4
FBDC, Glued , 20/Bundle
Nozomi Digital 1 Sid",Healthy,,0,,,1.0,0,0,0,True,0,,Stock & Release,False,234,0,B32 Coated White 1S,OT,2026-06-29 11:20:02,,420,False,0,0,,,,1,65,420,12,0,GI,"Dig Ink Med Intensity (40%), Coated Digital (0%)",SMITHVILLE,57.02,16.09,0.0,,1.0,400,False,2026-06-29,Glued,400 (2037152-1),"N,E,BobstGluer",14129 - CAN 1-G,"Dig Ink Med Intensity
Coated Digital",400 (2037152-1),189.0,2026-07-20,
358502,5034136,1,2026-08-07,-25,30,167,1,31,1,6500,1.0,0,,"Bobst Specialty Gluer 115""",600,7314.0,4388.4,540.0,660,18597,,,2026-07-13,1,4388.4,176238,2026-07-13,B,Flat Bed Die Cut,Bobst Gluer,Nozomi Digital 1 Side Print,1,3,,2.0,3,1,0,35.1,59.02,0,37.0,"24 x 1 lb Chicken box - NEW
17-3/8  x 10-1/4 x 5-3/4
FBDC, Glued , 20/Bundle
Nozomi Digital 1 Sid",Healthy,,0,,,1.0,0,0,0,True,0,,Stock & Release,False,6,0,B32 Coated White 1S,OT,2026-06-29 11:20:02,,420,False,0,0,,Bobst Gluer,,1,65,420,12,0,GI,"Dig Ink Med Intensity (40%), Coated Digital (0%)",SMITHVILLE,57.02,16.09,0.0,,1.0,400,False,2026-06-29,Glued,400 (2037152-1),"N,E,BobstGluer",14129 - CAN 1-G,"Dig Ink Med Intensity
Coated Digital",400 (2037152-1),,,63.0
364679,5035410,1,2026-08-07,500,10,69,1,100,1,2160,1.0,0,,Langston Saturn 50x110,6500,13084.0,85046.0,5850.0,7150,18131,,,2026-08-10,0,85046.0,183346,2026-08-10,C,Regular Slotted Carton,L,Flexo 1 Colour Print,1,3,,1.0,3,1,0,24.12,76.02,0,281.0,"12 Green
24-13/16 x 12-3/16 x 12
RSC, Glued, Flexo 1 Colour Print 
C Flute 44 ECT Kraft 
MRA SIN",Waldan Gardens,,0,,,0.6,0,0,0,True,2,,Regular,True,1,0,C44 K,OT,2026-07-24 09:21:42,,0,False,0,0,275 C,Langston,,1,61,0,12,0,GI,GCMI 24 GREEN (10%),WAINFLEET,24.13,12.03,12.0,,1.0,7021,False,2026-07-24,Glued,7021 (2038530-1),L,"11813 - LANGSTON
14452 - LANGSTON
14725 - LANGSTON",GCMI 24 GREEN,7021 (2038530-1),,,366.0
364678,5035410,1,2026-08-05,400,1,234,0,0,0,0,1.0,0,,Corrugator,6500,13084.0,85046.0,5850.0,7150,18131,,,2026-08-10,0,85046.0,183346,2026-08-10,C,Regular Slotted Carton,,Flexo 1 Colour Print,1,3,,1.0,0,1,0,24.12,76.02,0,0.0,"12 Green
24-13/16 x 12-3/16 x 12
RSC, Glued, Flexo 1 Colour Print 
C Flute 44 ECT Kraft 
MRA SIN",Waldan Gardens,,0,,,1.0,0,0,0,True,0,,Regular,True,234,0,C44 K,OT,2026-07-24 09:21:42,,0,False,0,0,275 C,,,1,61,0,12,0,GI,GCMI 24 GREEN (10%),WAINFLEET,24.13,12.03,12.0,,1.0,7021,False,2026-07-24,Glued,7021 (2038530-1),L,"11813 - LANGSTON
14452 - LANGSTON
14725 - LANGSTON",GCMI 24 GREEN,7021 (2038530-1),69.0,2026-08-07,
364551,5035401,1,2026-08-05,200,1,234,0,0,0,0,1.0,0,,Corrugator,5175,8898.0,46047.15,4658.0,5693,13343,,,2026-08-07,0,46047.15,185537,2026-08-07,C,Regular Slotted Carton,,Plain,0,3,,1.0,0,1,0,20.1,62.02,5458,0.0,"20 x 10 x 10
RSC, Glued, Plain 
40C Kraft
345/unit",Ontario Gleaners,,0,,,1.0,0,0,0,True,0,,Regular,False,234,0,C40 K,OT,2026-07-23 14:38:29,,5505,False,0,0,200 O/T C,,,1,60,5505,12,0,GI,,CAMBRIDGE,20.0,10.0,10.0,,1.0,5580,False,2026-07-23,Glued,5580 (2038515-1),L,,,"5580 (2038515-1)
500 Woodward",69.0,2026-07-30,
364492,5035396,1,2026-08-05,200,1,234,0,0,0,0,1.0,0,,Corrugator,3000,10549.0,31647.0,2700.0,3300,19088,,,2026-08-05,0,31647.0,186170,2026-08-05,C,Regular Slotted Carton,,Plain,0,3,,1.0,0,1,0,24.1,61.11,3360,0.0,"17 3/4 x 12 x 12 - Plain
RSC, Glued, Plain C Flute 40 ECT Kraft WRA Single Wall
250/unit",Momentum,,0,,,1.0,0,0,0,True,0,,Regular,False,234,0,C40 K,OT,2026-07-23 12:20:47,,3360,False,0,0,200 O/T C,,,1,60,3360,12,0,GI,,St. Thomas,17.12,12.0,12.0,,1.0,3459,False,2026-07-23,Glued,3459 (2038500-1),L,,,3459 (2038500-1),69.0,2026-07-29,
361478,5034282,1,2026-08-17,500,1,256,0,0,0,0,1.0,0,,Interpac Corrugator,14400,11859.0,170769.6,12960.0,15120,18578,,,2026-08-28,0,170769.6,188950,2026-08-28,C,Regular Slotted Carton,,Plain,0,3,,1.0,1,1,0,22.04,76.12,0,0.0,"PK-000046 
22-1/2 x 14-13/16 x 7-1/4
RSC, Glued, PLAIN 
C Flute 32 ECT Kraft
Extended Glue Lug",Grisson,,0,,,1.0,0,0,0,True,0,,Regular,False,0,0,C32 K,CRB,2026-07-15 11:00:58,,0,False,0,0,200 C,,,1,61,0,12,0,GI,,BRANTFORD,22.08,14.13,7.04,,1.0,14400,False,2026-07-15,Glued,14400 (2037413-1),L,,,14400 (2037413-1),69.0,2026-08-26,499.0
361479,5034282,1,2026-08-26,500,10,69,1,40,1,2520,1.0,0,,Langston Saturn 50x110,14400,11859.0,170769.6,12960.0,15120,18578,,,2026-08-28,0,170769.6,188950,2026-08-28,C,Regular Slotted Carton,L,Plain,0,3,,1.0,3,1,0,22.04,76.12,0,383.0,"PK-000046 
22-1/2 x 14-13/16 x 7-1/4
RSC, Glued, PLAIN 
C Flute 32 ECT Kraft
Extended Glue Lug",Grisson,,0,,,0.6,0,0,0,True,2,,Regular,False,1,0,C32 K,CRB,2026-07-15 11:00:58,,0,False,0,0,200 C,Langston,,1,61,0,12,0,GI,,BRANTFORD,22.08,14.13,7.04,,1.0,14400,False,2026-07-15,Glued,14400 (2037413-1),L,,,14400 (2037413-1),,,562.0
360936,5034245,14,2026-08-05,200,1,234,0,0,0,0,1.0,0,,Corrugator,3000,5484.0,16452.0,3000.0,3300,12853,,,2026-07-31,0,16452.0,190618,2026-07-31,E,Flat Bed Die Cut,,Nozomi Digital 1 Side Print,1,3,,2.0,0,1,0,39.0,40.08,3104,0.0,"PKG-OGSALMON12
11-3/16 x 7-9/16 x 6-1/2
Flat Bed Die Cut, Glued, 
Digital 1 Side 
E32 Coated Whi",Iron,,0,,,1.0,0,0,0,True,0,,Regular,False,234,0,E32 Coated White 1S,OT,2026-07-13 11:10:28,,6174,False,0,0,,,,1,65,6174,12,0,GI,"Dig Ink Med Intensity (50%), Coated Digital (0%)",St. Catharines,11.03,7.09,6.08,,1.0,3060,False,2026-07-13,Glued,3060 (2037337-11),"N,E",14830 - ETERNA C3-E,"Dig Ink Med Intensity
Coated Digital",3060 (2037337-11),189.0,2026-07-28,
360939,5034245,14,2026-08-05,500,40,257,1,0,1,0,1.0,0,,Astrapac - Glue,3000,5484.0,16452.0,3000.0,3300,12853,,,2026-07-31,0,16452.0,190618,2026-07-31,E,Flat Bed Die Cut,,Nozomi Digital 1 Side Print,1,3,,2.0,0,1,0,39.0,40.08,3104,0.0,"PKG-OGSALMON12
11-3/16 x 7-9/16 x 6-1/2
Flat Bed Die Cut, Glued, 
Digital 1 Side 
E32 Coated Whi",Iron,,0,,,1.0,0,0,0,True,0,,Regular,False,0,0,E32 Coated White 1S,OT,2026-07-13 11:10:28,,6174,False,0,0,,,,1,65,6174,12,0,GI,"Dig Ink Med Intensity (50%), Coated Digital (0%)",St. Catharines,11.03,7.09,6.08,,1.0,3060,False,2026-07-13,Glued,3060 (2037337-11),"N,E",14830 - ETERNA C3-E,"Dig Ink Med Intensity
Coated Digital",3060 (2037337-11),238.0,2026-08-05,
360940,5034245,14,2026-08-05,500,50,238,1,0,1,0,1.0,0,,Pack & Protect A-2,3000,5484.0,16452.0,3000.0,3300,12853,,,2026-07-31,0,16452.0,190618,2026-07-31,E,Flat Bed Die Cut,,Nozomi Digital 1 Side Print,1,3,,2.0,5,1,0,39.0,40.08,3104,0.0,"PKG-OGSALMON12
11-3/16 x 7-9/16 x 6-1/2
Flat Bed Die Cut, Glued, 
Digital 1 Side 
E32 Coated Whi",Iron,,0,,,1.0,0,0,0,True,0,,Regular,False,6,0,E32 Coated White 1S,OT,2026-07-13 11:10:28,,6174,False,0,0,,,,1,65,6174,12,0,GI,"Dig Ink Med Intensity (50%), Coated Digital (0%)",St. Catharines,11.03,7.09,6.08,,1.0,3060,False,2026-07-13,Glued,3060 (2037337-11),"N,E",14830 - ETERNA C3-E,"Dig Ink Med Intensity
Coated Digital",3060 (2037337-11),,,
360921,5034245,11,2026-08-05,200,1,234,0,0,0,0,1.0,0,,Corrugator,3000,5484.0,16452.0,3000.0,3300,12853,,,2026-07-31,0,16452.0,190619,2026-07-31,E,Flat Bed Die Cut,,Nozomi Digital 1 Side Print,1,3,,2.0,0,1,0,39.0,40.08,2054,0.0,"PKG-OGCHICKEN12
11-3/16 x 7-9/16 x 6-1/2
Flat Bed Die Cut, Glued, 
Digital 1 Side 
E32 Coated Wh",Iron,,0,,,1.0,0,0,0,True,0,,Regular,False,234,0,E32 Coated White 1S,OT,2026-07-13 11:10:28,,6356,False,0,0,,,,1,65,6356,12,0,GI,"Dig Ink Med Intensity (50%), Coated Digital (0%)",St. Catharines,11.03,7.09,6.08,,1.0,3000,False,2026-07-13,Glued,3000 (2037337-8),"N,E",14830 - ETERNA C3-E,"Dig Ink Med Intensity
Coated Digital",3000 (2037337-8),189.0,2026-07-24,
360924,5034245,11,2026-08-05,500,40,257,1,0,1,0,1.0,0,,Astrapac - Glue,3000,5484.0,16452.0,3000.0,3300,12853,,,2026-07-31,0,16452.0,190619,2026-07-31,E,Flat Bed Die Cut,,Nozomi Digital 1 Side Print,1,3,,2.0,0,1,0,39.0,40.08,2054,0.0,"PKG-OGCHICKEN12
11-3/16 x 7-9/16 x 6-1/2
Flat Bed Die Cut, Glued, 
Digital 1 Side 
E32 Coated Wh",Iron,,0,,,1.0,0,0,0,True,0,,Regular,False,0,0,E32 Coated White 1S,OT,2026-07-13 11:10:28,,6356,False,0,0,,,,1,65,6356,12,0,GI,"Dig Ink Med Intensity (50%), Coated Digital (0%)",St. Catharines,11.03,7.09,6.08,,1.0,3000,False,2026-07-13,Glued,3000 (2037337-8),"N,E",14830 - ETERNA C3-E,"Dig Ink Med Intensity
Coated Digital",3000 (2037337-8),238.0,2026-08-05,
360925,5034245,11,2026-08-05,500,50,238,1,0,1,0,1.0,0,,Pack & Protect A-2,3000,5484.0,16452.0,3000.0,3300,12853,,,2026-07-31,0,16452.0,190619,2026-07-31,E,Flat Bed Die Cut,,Nozomi Digital 1 Side Print,1,3,,2.0,5,1,0,39.0,40.08,2054,0.0,"PKG-OGCHICKEN12
11-3/16 x 7-9/16 x 6-1/2
Flat Bed Die Cut, Glued, 
Digital 1 Side 
E32 Coated Wh",Iron,,0,,,1.0,0,0,0,True,0,,Regular,False,6,0,E32 Coated White 1S,OT,2026-07-13 11:10:28,,6356,False,0,0,,,,1,65,6356,12,0,GI,"Dig Ink Med Intensity (50%), Coated Digital (0%)",St. Catharines,11.03,7.09,6.08,,1.0,3000,False,2026-07-13,Glued,3000 (2037337-8),"N,E",14830 - ETERNA C3-E,"Dig Ink Med Intensity
Coated Digital",3000 (2037337-8),,,
360931,5034245,13,2026-08-05,200,1,234,0,0,0,0,1.0,0,,Corrugator,3000,5484.0,16452.0,3000.0,3300,12853,,,2026-07-31,0,16452.0,190622,2026-07-31,E,Flat Bed Die Cut,,Nozomi Digital 1 Side Print,1,3,,2.0,0,1,0,39.0,40.08,3229,0.0,"PKG-OGPORK12
11-3/16 x 7-9/16 x 6-1/2
Flat Bed Die Cut, Glued, 
Digital 1 Side 
E32 Coated White",Iron,,0,,,1.0,0,0,0,True,0,,Regular,False,234,0,E32 Coated White 1S,OT,2026-07-13 11:10:28,,6324,False,0,0,,,,1,65,6324,12,0,GI,"Dig Ink Med Intensity (50%), Coated Digital (0%)",St. Catharines,11.03,7.09,6.08,,1.0,3080,False,2026-07-13,Glued,3080 (2037337-10),"N,E",14830 - ETERNA C3-E,"Dig Ink Med Intensity
Coated Digital",3080 (2037337-10),189.0,2026-07-24,
360934,5034245,13,2026-08-05,500,40,257,1,0,1,0,1.0,0,,Astrapac - Glue,3000,5484.0,16452.0,3000.0,3300,12853,,,2026-07-31,0,16452.0,190622,2026-07-31,E,Flat Bed Die Cut,,Nozomi Digital 1 Side Print,1,3,,2.0,0,1,0,39.0,40.08,3229,0.0,"PKG-OGPORK12
11-3/16 x 7-9/16 x 6-1/2
Flat Bed Die Cut, Glued, 
Digital 1 Side 
E32 Coated White",Iron,,0,,,1.0,0,0,0,True,0,,Regular,False,0,0,E32 Coated White 1S,OT,2026-07-13 11:10:28,,6324,False,0,0,,,,1,65,6324,12,0,GI,"Dig Ink Med Intensity (50%), Coated Digital (0%)",St. Catharines,11.03,7.09,6.08,,1.0,3080,False,2026-07-13,Glued,3080 (2037337-10),"N,E",14830 - ETERNA C3-E,"Dig Ink Med Intensity
Coated Digital",3080 (2037337-10),238.0,2026-08-05,
360935,5034245,13,2026-08-05,500,50,238,1,0,1,0,1.0,0,,Pack & Protect A-2,3000,5484.0,16452.0,3000.0,3300,12853,,,2026-07-31,0,16452.0,190622,2026-07-31,E,Flat Bed Die Cut,,Nozomi Digital 1 Side Print,1,3,,2.0,5,1,0,39.0,40.08,3229,0.0,"PKG-OGPORK12
11-3/16 x 7-9/16 x 6-1/2
Flat Bed Die Cut, Glued, 
Digital 1 Side 
E32 Coated White",Iron,,0,,,1.0,0,0,0,True,0,,Regular,False,6,0,E32 Coated White 1S,OT,2026-07-13 11:10:28,,6324,False,0,0,,,,1,65,6324,12,0,GI,"Dig Ink Med Intensity (50%), Coated Digital (0%)",St. Catharines,11.03,7.09,6.08,,1.0,3080,False,2026-07-13,Glued,3080 (2037337-10),"N,E",14830 - ETERNA C3-E,"Dig Ink Med Intensity
Coated Digital",3080 (2037337-10),,,
360926,5034245,12,2026-08-05,200,1,234,0,0,0,0,1.0,0,,Corrugator,3000,5484.0,16452.0,3000.0,3300,12853,,,2026-07-31,0,16452.0,190623,2026-07-31,E,Flat Bed Die Cut,,Nozomi Digital 1 Side Print,1,3,,2.0,0,1,0,39.0,40.08,3247,0.0,"PKG-OGLAMB12
11-3/16 x 7-9/16 x 6-1/2
Flat Bed Die Cut, Glued, 
Digital 1 Side 
E32 Coated White",Iron,,0,,,1.0,0,0,0,True,0,,Regular,False,234,0,E32 Coated White 1S,OT,2026-07-13 11:10:28,,6552,False,0,0,,,,1,65,6552,12,0,GI,"Dig Ink Med Intensity (50%), Coated Digital (0%)",St. Catharines,11.03,7.09,6.08,,1.0,3280,False,2026-07-13,Glued,3280 (2037337-9),"N,E",14830 - ETERNA C3-E,"Dig Ink Med Intensity
Coated Digital",3280 (2037337-9),189.0,2026-07-24,
360929,5034245,12,2026-08-05,500,40,257,1,0,1,0,1.0,0,,Astrapac - Glue,3000,5484.0,16452.0,3000.0,3300,12853,,,2026-07-31,0,16452.0,190623,2026-07-31,E,Flat Bed Die Cut,,Nozomi Digital 1 Side Print,1,3,,2.0,0,1,0,39.0,40.08,3247,0.0,"PKG-OGLAMB12
11-3/16 x 7-9/16 x 6-1/2
Flat Bed Die Cut, Glued, 
Digital 1 Side 
E32 Coated White",Iron,,0,,,1.0,0,0,0,True,0,,Regular,False,0,0,E32 Coated White 1S,OT,2026-07-13 11:10:28,,6552,False,0,0,,,,1,65,6552,12,0,GI,"Dig Ink Med Intensity (50%), Coated Digital (0%)",St. Catharines,11.03,7.09,6.08,,1.0,3280,False,2026-07-13,Glued,3280 (2037337-9),"N,E",14830 - ETERNA C3-E,"Dig Ink Med Intensity
Coated Digital",3280 (2037337-9),238.0,2026-08-05,
360930,5034245,12,2026-08-05,500,50,238,1,0,1,0,1.0,0,,Pack & Protect A-2,3000,5484.0,16452.0,3000.0,3300,12853,,,2026-07-31,0,16452.0,190623,2026-07-31,E,Flat Bed Die Cut,,Nozomi Digital 1 Side Print,1,3,,2.0,5,1,0,39.0,40.08,3247,0.0,"PKG-OGLAMB12
11-3/16 x 7-9/16 x 6-1/2
Flat Bed Die Cut, Glued, 
Digital 1 Side 
E32 Coated White",Iron,,0,,,1.0,0,0,0,True,0,,Regular,False,6,0,E32 Coated White 1S,OT,2026-07-13 11:10:28,,6552,False,0,0,,,,1,65,6552,12,0,GI,"Dig Ink Med Intensity (50%), Coated Digital (0%)",St. Catharines,11.03,7.09,6.08,,1.0,3280,False,2026-07-13,Glued,3280 (2037337-9),"N,E",14830 - ETERNA C3-E,"Dig Ink Med Intensity
Coated Digital",3280 (2037337-9),,,
360891,5034245,5,2026-08-05,100,1,234,0,0,0,0,1.0,0,,Corrugator,500,6624.0,3312.0,500.0,550,12853,,,2026-08-06,0,3312.0,190832,2026-08-06,C,Regular Slotted Carton,,Nozomi Digital 1 Side Print,1,3,,2.0,0,1,0,36.04,52.1,0,0.0,"24LB - CNCSP24
14 x 11-1/4 x 6-3/8 (2 Up)
RSC, Glued, 
Digital Print C Flute 
44 ECT Kraft WRA S",Iron,,0,,,1.0,0,0,0,True,0,,Regular,False,234,0,C44 K,OT,2026-07-13 11:10:28,,0,False,0,0,275 C,,,1,65,0,12,0,GI,"Dig Ink Low Intensity (40%), Non-Coated Digital (0%)",St. Catharines,14.0,11.04,6.06,,1.0,1100,False,2026-07-13,Glued,1100 (2037322-1),"N,Slitter,L",13864 - LANGSTON,"Dig Ink Low Intensity
Non-Coated Digital",1100 (2037322-1),189.0,2026-07-21,
360893,5034245,5,2026-08-05,300,15,1,1,15,1,3000,1.0,0,,"Slitter 90""",500,6624.0,3312.0,500.0,550,12853,,,2026-08-06,0,3312.0,190832,2026-08-06,C,Regular Slotted Carton,Slitter,Nozomi Digital 1 Side Print,1,3,,2.0,8,1,0,36.04,52.1,0,25.0,"24LB - CNCSP24
14 x 11-1/4 x 6-3/8 (2 Up)
RSC, Glued, 
Digital Print C Flute 
44 ECT Kraft WRA S",Iron,,0,,,1.0,0,0,0,True,1,,Regular,False,14,0,C44 K,OT,2026-07-13 11:10:28,,0,False,0,0,275 C,Slitter,,1,65,0,12,0,GI,"Dig Ink Low Intensity (40%), Non-Coated Digital (0%)",St. Catharines,14.0,11.04,6.06,,1.0,1100,False,2026-07-13,Glued,1100 (2037322-1),"N,Slitter,L",13864 - LANGSTON,"Dig Ink Low Intensity
Non-Coated Digital",1100 (2037322-1),69.0,2026-08-05,70.0
360894,5034245,5,2026-08-05,500,25,69,1,50,1,4320,1.0,0,,Langston Saturn 50x110,500,6624.0,3312.0,500.0,550,12853,,,2026-08-06,0,3312.0,190832,2026-08-06,C,Regular Slotted Carton,L,Nozomi Digital 1 Side Print,1,3,,2.0,3,1,0,36.04,52.1,0,57.0,"24LB - CNCSP24
14 x 11-1/4 x 6-3/8 (2 Up)
RSC, Glued, 
Digital Print C Flute 
44 ECT Kraft WRA S",Iron,,0,,,0.6,0,0,0,True,2,,Regular,False,1,0,C44 K,OT,2026-07-13 11:10:28,,0,False,0,0,275 C,Langston,,1,65,0,12,0,GI,"Dig Ink Low Intensity (40%), Non-Coated Digital (0%)",St. Catharines,14.0,11.04,6.06,,1.0,1100,False,2026-07-13,Glued,1100 (2037322-1),"N,Slitter,L",13864 - LANGSTON,"Dig Ink Low Intensity
Non-Coated Digital",1100 (2037322-1),238.0,2026-08-05,64.0
360895,5034245,5,2026-08-05,500,35,238,1,0,1,0,1.0,0,,Pack & Protect A-2,500,6624.0,3312.0,500.0,550,12853,,,2026-08-06,0,3312.0,190832,2026-08-06,C,Regular Slotted Carton,,Nozomi Digital 1 Side Print,1,3,,2.0,5,1,0,36.04,52.1,0,0.0,"24LB - CNCSP24
14 x 11-1/4 x 6-3/8 (2 Up)
RSC, Glued, 
Digital Print C Flute 
44 ECT Kraft WRA S",Iron,,0,,,1.0,0,0,0,True,0,,Regular,False,6,0,C44 K,OT,2026-07-13 11:10:28,,0,False,0,0,275 C,,,1,65,0,12,0,GI,"Dig Ink Low Intensity (40%), Non-Coated Digital (0%)",St. Catharines,14.0,11.04,6.06,,1.0,1100,False,2026-07-13,Glued,1100 (2037322-1),"N,Slitter,L",13864 - LANGSTON,"Dig Ink Low Intensity
Non-Coated Digital",1100 (2037322-1),,,
360134,5034219,1,2026-08-05,-700,1,234,0,0,0,0,1.0,0,,Corrugator,13500,603.0,8140.5,12150.0,14850,18078,,,2026-08-07,0,8140.5,191239,2026-07-30,E,Flat Bed Die Cut,,Litho Label,0,3,,18.0,0,1,0,47.06,33.0,0,0.0,"Meat sleeve new design - MASTER
22-7/16 x 3
Flat Bed Die Cut, No Closure, 
Litho
 E32 Kraft 
M2",Butcher's Pup,,0,,,1.0,0,0,0,True,0,,Regular,False,234,0,E32 K,Late - Farmout,2026-07-09 14:07:37,,0,False,0,0,200 E,,,1,65,0,12,0,N,,Vaughan,3.0,22.07,0.0,,0.0,864,False,2026-07-09,No Closure,864 (2037288-1),,14798 - STAX,,864 (2037288-1),255.0,2026-08-05,
360135,5034219,1,2026-08-05,-600,10,255,1,0,1,0,1.0,0,,Image Four - Litho printing,13500,603.0,8140.5,12150.0,14850,18078,,,2026-08-07,0,8140.5,191239,2026-07-30,E,Flat Bed Die Cut,,Litho Label,0,3,,18.0,0,1,0,47.06,33.0,0,0.0,"Meat sleeve new design - MASTER
22-7/16 x 3
Flat Bed Die Cut, No Closure, 
Litho
 E32 Kraft 
M2",Butcher's Pup,,0,,,1.0,0,0,0,True,0,,Regular,False,0,0,E32 K,Late - Farmout,2026-07-09 14:07:37,,0,False,0,0,200 E,,,1,65,0,12,0,N,,Vaughan,3.0,22.07,0.0,,0.0,864,False,2026-07-09,No Closure,864 (2037288-1),,14798 - STAX,,864 (2037288-1),188.0,2026-08-05,
360136,5034219,1,2026-08-05,-600,20,188,1,0,1,0,1.0,0,,Stax Third Party Diecutting,13500,603.0,8140.5,12150.0,14850,18078,,,2026-08-07,0,8140.5,191239,2026-07-30,E,Flat Bed Die Cut,,Litho Label,0,3,,18.0,7,1,0,47.06,33.0,0,0.0,"Meat sleeve new design - MASTER
22-7/16 x 3
Flat Bed Die Cut, No Closure, 
Litho
 E32 Kraft 
M2",Butcher's Pup,,0,,,1.0,0,0,0,True,0,,Regular,False,0,0,E32 K,Late - Farmout,2026-07-09 14:07:37,,0,False,0,0,200 E,,,1,65,0,12,0,N,,Vaughan,3.0,22.07,0.0,,0.0,864,False,2026-07-09,No Closure,864 (2037288-1),,14798 - STAX,,864 (2037288-1),,,
358325,5034129,1,2026-08-05,-1000,1,234,0,0,0,0,1.0,0,,Corrugator,5000,7081.0,35405.0,4500.0,5500,13964,,,2026-07-31,0,35405.0,191350,2026-07-21,C,RDC - Rotary Die Cut,,Flexo 2 Colour Printing,2,3,,2.0,0,1,0,33.08,60.14,0,0.0,"Lid 40lb PURPLE Murasaki
16-3/16 x 59-7/8 (2 Up)
RDC, Glued, 2C Flexo 32C W WRA

GS2F600240 - PM",Berlo's,,0,,,1.0,0,0,0,True,0,,Regular,False,234,0,C32 OY,Late - Farmout,2026-06-26 14:12:51,,0,False,0,0,200 C Oys,,,1,64,0,12,0,GI,"GCMI 2081 GREEN (0%), PMS 7434 C (0%)",Simcoe,59.14,16.03,0.0,,1.0,1,False,2026-06-26,Glued,1 (2037163-1),,"12070 - ROYAL ST. THOMAS
14877 - ROYAL ST. THOMAS","GCMI 2081 GREEN
PMS 7434 C",1 (2037163-1),168.0,2026-08-05,
358327,5034129,1,2026-08-05,-800,20,168,1,0,1,0,1.0,0,,Farm Out,5000,7081.0,35405.0,4500.0,5500,13964,,,2026-07-31,0,35405.0,191350,2026-07-21,C,RDC - Rotary Die Cut,,Flexo 2 Colour Printing,2,3,,2.0,7,1,0,33.08,60.14,0,0.0,"Lid 40lb PURPLE Murasaki
16-3/16 x 59-7/8 (2 Up)
RDC, Glued, 2C Flexo 32C W WRA

GS2F600240 - PM",Berlo's,,0,,,1.0,0,0,0,True,0,,Regular,False,4,0,C32 OY,Late - Farmout,2026-06-26 14:12:51,,0,False,0,0,200 C Oys,Farm Out,,1,64,0,12,0,GI,"GCMI 2081 GREEN (0%), PMS 7434 C (0%)",Simcoe,59.14,16.03,0.0,,1.0,1,False,2026-06-26,Glued,1 (2037163-1),,"12070 - ROYAL ST. THOMAS
14877 - ROYAL ST. THOMAS","GCMI 2081 GREEN
PMS 7434 C",1 (2037163-1),,,
358330,5034129,2,2026-08-05,-800,20,168,1,0,1,0,1.0,0,,Farm Out,5000,7081.0,35405.0,4500.0,5500,13964,,,2026-07-31,0,35405.0,191351,2026-07-21,C,RDC - Rotary Die Cut,,Flexo 3 Colour Printing,3,3,,2.0,7,1,0,33.08,60.14,0,0.0,"Lid 40lb PURPLE MAGESTY
16-3/16 x 59-7/8 (2 Up)
RDC, Glued, 3C Flexo 32C W WRA

Main - G11460015",Berlo's,,0,,,1.0,0,0,0,True,0,,Regular,False,4,0,C32 OY,Late - Farmout,2026-06-26 14:12:51,,0,False,0,0,200 C Oys,Farm Out,,1,64,0,12,0,GI,"GCMI 2081 GREEN (10%), PMS 262 C (10%), PMS 688 C (10%)",Simcoe,59.14,16.03,0.0,,1.0,1,False,2026-06-26,Glued,1 (2037164-1),,"12070 - ROYAL ST. THOMAS
14878 - ROYAL ST. THOMAS","GCMI 2081 GREEN
PMS 262 C
PMS 688 C",1 (2037164-1),,,
358328,5034129,2,2026-08-05,-1000,1,234,0,0,0,0,1.0,0,,Corrugator,5000,7081.0,35405.0,4500.0,5500,13964,,,2026-07-31,0,35405.0,191351,2026-07-21,C,RDC - Rotary Die Cut,,Flexo 3 Colour Printing,3,3,,2.0,0,1,0,33.08,60.14,0,0.0,"Lid 40lb PURPLE MAGESTY
16-3/16 x 59-7/8 (2 Up)
RDC, Glued, 3C Flexo 32C W WRA

Main - G11460015",Berlo's,,0,,,1.0,0,0,0,True,0,,Regular,False,234,0,C32 OY,Late - Farmout,2026-06-26 14:12:51,,0,False,0,0,200 C Oys,,,1,64,0,12,0,GI,"GCMI 2081 GREEN (10%), PMS 262 C (10%), PMS 688 C (10%)",Simcoe,59.14,16.03,0.0,,1.0,1,False,2026-06-26,Glued,1 (2037164-1),,"12070 - ROYAL ST. THOMAS
14878 - ROYAL ST. THOMAS","GCMI 2081 GREEN
PMS 262 C
PMS 688 C",1 (2037164-1),168.0,2026-08-05,
360357,5034236,1,2026-08-05,-400,1,234,0,0,0,0,1.0,0,,Corrugator,2700,5328.0,14385.6,2700.0,2970,10015,,,2026-07-24,0,14385.6,191859,2026-07-29,B,RDC - Rotary Die Cut,,Nozomi Digital 1 Side Print,1,3,,2.0,0,1,0,43.06,35.06,5232,0.0,"#16 Nexalloy - Digital
33-5/8 x 20-11/16
Glued, Dig SP 1S 
32B Oyster White
900/unit",Nexal,,0,,,1.0,5,0,0,True,0,,Regular,True,234,0,B32 OY,OT,2026-07-10 15:29:21,,4980,False,0,0,200 B Oys,,,1,65,4980,12,0,GI,Dig Ink Med Intensity (25%),MISSISSAUGA,33.1,20.11,0.0,,1.0,1618,False,2026-07-10,Glued,1618 (2037309-1),"N,E,BobstGluer",12102 - CAN 2 - F,Dig Ink Med Intensity,1618 (2037309-1),189.0,2026-07-24,
365214,5035454,1,2026-08-05,500,1,234,0,0,0,0,1.0,0,,Corrugator,3600,5328.0,19180.8,3600.0,3960,10015,,,2026-08-11,0,19180.8,191860,2026-08-11,B,RDC - Rotary Die Cut,,Nozomi Digital 1 Side Print,1,3,,2.0,0,1,0,43.06,35.06,0,0.0,"Eng #16 Nexalloy - 
33-5/8 x 20-11/16
Glued, Dig SP 1S 
32B Oyster White
900/unit",Nexal,,0,,,1.0,5,0,0,True,0,,Regular,False,234,0,B32 OY,OT,2026-07-28 12:06:27,,0,False,0,0,200 B Oys,,,1,65,0,12,0,GI,Dig Ink Med Intensity (25%),MISSISSAUGA,33.1,20.11,0.0,,1.0,2163,False,2026-07-28,Glued,2163 (2038577-1),"N,E,BobstGluer",12102 - CAN 2 - F,Dig Ink Med Intensity,2163 (2038577-1),189.0,2026-08-05,
365215,5035454,1,2026-08-05,150,10,189,1,16,1,138619,1.0,0,,Nozomi Digital Printer,3600,5328.0,19180.8,3600.0,3960,10015,,,2026-08-11,0,19180.8,191860,2026-08-11,B,RDC - Rotary Die Cut,N,Nozomi Digital 1 Side Print,1,3,,2.0,3,1,0,43.06,35.06,0,18.0,"Eng #16 Nexalloy - 
33-5/8 x 20-11/16
Glued, Dig SP 1S 
32B Oyster White
900/unit",Nexal,,0,,,1.0,5,0,0,True,1,,Regular,False,1,0,B32 OY,OT,2026-07-28 12:06:27,,0,False,0,0,200 B Oys,NAZ,,1,65,0,12,0,GI,Dig Ink Med Intensity (25%),MISSISSAUGA,33.1,20.11,0.0,,1.0,2163,False,2026-07-28,Glued,2163 (2038577-1),"N,E,BobstGluer",12102 - CAN 2 - F,Dig Ink Med Intensity,2163 (2038577-1),213.0,2026-08-07,134.0
365216,5035454,1,2026-08-07,500,20,213,1,25,1,8000,1.0,0,,Eterna,3600,5328.0,19180.8,3600.0,3960,10015,,,2026-08-11,0,19180.8,191860,2026-08-11,B,RDC - Rotary Die Cut,E,Nozomi Digital 1 Side Print,1,3,,2.0,3,1,0,43.06,35.06,0,52.0,"Eng #16 Nexalloy - 
33-5/8 x 20-11/16
Glued, Dig SP 1S 
32B Oyster White
900/unit",Nexal,,0,,,1.0,5,0,0,True,0,,Regular,False,3,0,B32 OY,OT,2026-07-28 12:06:27,,0,False,0,0,200 B Oys,Eterna,,1,65,0,12,0,GI,Dig Ink Med Intensity (25%),MISSISSAUGA,33.1,20.11,0.0,,1.0,2163,False,2026-07-28,Glued,2163 (2038577-1),"N,E,BobstGluer",12102 - CAN 2 - F,Dig Ink Med Intensity,2163 (2038577-1),167.0,2026-08-10,243.0
365217,5035454,1,2026-08-10,500,30,167,1,25,1,13000,1.0,0,,"Bobst Specialty Gluer 115""",3600,5328.0,19180.8,3600.0,3960,10015,,,2026-08-11,0,19180.8,191860,2026-08-11,B,RDC - Rotary Die Cut,Bobst Gluer,Nozomi Digital 1 Side Print,1,3,,2.0,3,1,0,43.06,35.06,0,42.0,"Eng #16 Nexalloy - 
33-5/8 x 20-11/16
Glued, Dig SP 1S 
32B Oyster White
900/unit",Nexal,,0,,,1.0,5,0,0,True,0,,Regular,False,6,0,B32 OY,OT,2026-07-28 12:06:27,,0,False,0,0,200 B Oys,Bobst Gluer,,1,65,0,12,0,GI,Dig Ink Med Intensity (25%),MISSISSAUGA,33.1,20.11,0.0,,1.0,2163,False,2026-07-28,Glued,2163 (2038577-1),"N,E,BobstGluer",12102 - CAN 2 - F,Dig Ink Med Intensity,2163 (2038577-1),,,39.0
364395,5035364,1,2026-08-05,-100,1,234,0,0,0,0,1.0,0,,Corrugator,1000,5680.0,5680.0,900.0,1100,11312,,,2026-08-04,1,5680.0,193202,2026-07-31,C,Flat Bed Die Cut,,Nozomi Digital 1 Side Print,1,3,,2.0,0,1,0,37.08,43.1,0,0.0,"Fare Game Bulk 2026 REV.
17 1/2 x 41 5/8
RDC, Glued, Nozomi Digital 1 Side Print 
C Flute 32 ECT",BCR,,0,,,1.0,0,0,0,True,0,,Stock & Release,False,234,0,C32 Coated White 1S,OT,2026-07-22 17:01:31,,0,False,0,0,,,,1,62,0,15,0,GI,Dig Ink Med Intensity (80%),SMITHVILLE,41.1,17.08,0.0,,1.0,1102,False,2026-07-21,Glued,1102 (2038486-1),"N,E,BobstGluer","12126 - H -5
14045 - ETERNA C2-D",Dig Ink Med Intensity,"1102 (2038486-1)
500 Woodward",189.0,2026-07-29,
364397,5035364,1,2026-08-07,220,20,213,1,25,1,5040,1.0,0,,Eterna,1000,5680.0,5680.0,900.0,1100,11312,,,2026-08-04,1,5680.0,193202,2026-07-31,C,Flat Bed Die Cut,E,Nozomi Digital 1 Side Print,1,3,,2.0,3,1,0,37.08,43.1,0,37.0,"Fare Game Bulk 2026 REV.
17 1/2 x 41 5/8
RDC, Glued, Nozomi Digital 1 Side Print 
C Flute 32 ECT",BCR,,0,,,1.0,0,0,0,True,0,,Stock & Release,False,3,0,C32 Coated White 1S,OT,2026-07-22 17:01:31,,0,False,0,0,,Eterna,,1,62,0,15,0,GI,Dig Ink Med Intensity (80%),SMITHVILLE,41.1,17.08,0.0,,1.0,1102,False,2026-07-21,Glued,1102 (2038486-1),"N,E,BobstGluer","12126 - H -5
14045 - ETERNA C2-D",Dig Ink Med Intensity,"1102 (2038486-1)
500 Woodward",167.0,2026-08-05,36.0
364398,5035364,1,2026-08-05,400,30,167,1,60,1,1500,1.0,0,,"Bobst Specialty Gluer 115""",1000,5680.0,5680.0,900.0,1100,11312,,,2026-08-04,1,5680.0,193202,2026-07-31,C,Flat Bed Die Cut,Bobst Gluer,Nozomi Digital 1 Side Print,1,3,,2.0,3,1,0,37.08,43.1,0,100.0,"Fare Game Bulk 2026 REV.
17 1/2 x 41 5/8
RDC, Glued, Nozomi Digital 1 Side Print 
C Flute 32 ECT",BCR,,0,,,1.0,0,0,0,True,0,,Stock & Release,False,6,0,C32 Coated White 1S,OT,2026-07-22 17:01:31,,0,False,0,0,,Bobst Gluer,,1,62,0,15,0,GI,Dig Ink Med Intensity (80%),SMITHVILLE,41.1,17.08,0.0,,1.0,1102,False,2026-07-21,Glued,1102 (2038486-1),"N,E,BobstGluer","12126 - H -5
14045 - ETERNA C2-D",Dig Ink Med Intensity,"1102 (2038486-1)
500 Woodward",,,100.0
361491,5034269,1,2026-08-05,-400,30,237,1,0,1,0,1.0,0,,Pack & Protect A-1,10000,5304.0,53040.0,10000.0,11000,19160,,,2026-08-06,0,53040.0,193266,2026-07-30,B,Flat Bed Die Cut,PP,Nozomi Digital 1 Side Print,1,3,,2.0,5,1,0,34.06,44.07,11000,0.0,"24Pk DayBeer 355ml 2026
32B Coated White 1 Side +MRA
Digital Print 1 Side

Ships as Flat Diecut",Cowbell,,0,,,1.0,0,0,0,True,0,,Regular,False,6,0,B32 Coated White 1S,Late - Sheet Quality / Reject,2026-07-14 11:44:21,,10560,False,0,0,,,,1,65,10560,13,0,N,Dig Ink Med Intensity (100%),Blyth,21.0,32.14,0.0,,1.0,11427,False,2026-07-14,No Closure,11427 (2037357-1),"N,E,PP",14907 - ETERNA,Dig Ink Med Intensity,11427 (2037357-1),,,
361491,5034269,1,2026-08-05,-400,30,237,1,0,1,0,1.0,0,,Pack & Protect A-1,10000,5304.0,53040.0,10000.0,11000,19160,,,2026-08-06,0,53040.0,193266,2026-07-30,B,Flat Bed Die Cut,PP,Nozomi Digital 1 Side Print,1,3,,2.0,5,1,0,34.06,44.07,11000,0.0,"24Pk DayBeer 355ml 2026
32B Coated White 1 Side +MRA
Digital Print 1 Side

Ships as Flat Diecut",Cowbell,,0,,,1.0,0,0,0,True,0,,Regular,False,6,0,B32 Coated White 1S,Late - Sheet Quality / Reject,2026-07-14 11:44:21,,10560,False,0,0,,,,1,65,10560,13,0,N,Dig Ink Med Intensity (100%),Blyth,21.0,32.14,0.0,,1.0,11427,False,2026-07-14,No Closure,11427 (2037357-1),"N,E,PP",14907 - ETERNA,Dig Ink Med Intensity,11427 (2037357-1),,,
361491,5034269,1,2026-08-05,-400,30,237,1,0,1,0,1.0,0,,Pack & Protect A-1,10000,5304.0,53040.0,10000.0,11000,19160,,,2026-08-06,0,53040.0,193266,2026-07-30,B,Flat Bed Die Cut,PP,Nozomi Digital 1 Side Print,1,3,,2.0,5,1,0,34.06,44.07,11000,0.0,"24Pk DayBeer 355ml 2026
32B Coated White 1 Side +MRA
Digital Print 1 Side

Ships as Flat Diecut",Cowbell,,0,,,1.0,0,0,0,True,0,,Regular,False,6,0,B32 Coated White 1S,Late - Sheet Quality / Reject,2026-07-14 11:44:21,,10560,False,0,0,,,,1,65,10560,13,0,N,Dig Ink Med Intensity (100%),Blyth,21.0,32.14,0.0,,1.0,11427,False,2026-07-14,No Closure,11427 (2037357-1),"N,E,PP",14907 - ETERNA,Dig Ink Med Intensity,"11427 (2037357-1)
Nozomi",,,
364994,5035427,2,2026-08-05,200,1,234,0,0,0,0,1.0,0,,Corrugator,250,46174.0,11543.5,225.0,275,19346,,,2026-08-06,0,11543.5,194664,2026-08-06,C,Sheet,,Plain,0,3,,1.0,0,1,0,61.0,109.0,0,0.0,"61 x 109
Sheet, Plain 
C Flute 23 ECT Kraft",Panelim,,0,,,1.0,0,0,0,True,0,,Regular,False,234,0,C23 K,OT,2026-07-24 14:59:16,,271,False,0,0,125 C,,,1,66,271,12,0,N,,Concord,61.0,109.0,0.0,,0.0,271,False,2026-07-24,No Closure,271 (2038582-2),,,,271 (2038582-2),208.0,2026-08-05,
364993,5035427,2,2026-08-05,400,10,208,1,0,1,0,1.0,0,,Finished Good,250,46174.0,11543.5,225.0,275,19346,,,2026-08-06,0,11543.5,194664,2026-08-06,C,Sheet,,Plain,0,3,,1.0,8,1,0,61.0,109.0,0,0.0,"61 x 109
Sheet, Plain 
C Flute 23 ECT Kraft",Panelim,,0,,,1.0,0,0,0,True,0,,Regular,False,0,0,C23 K,OT,2026-07-24 14:59:16,,271,False,0,0,125 C,,,1,66,271,12,0,N,,Concord,61.0,109.0,0.0,,0.0,271,False,2026-07-24,No Closure,271 (2038582-2),,,,271 (2038582-2),,,
364995,5035427,3,2026-08-05,400,10,208,1,0,1,0,1.0,0,,Finished Good,250,62398.0,15599.5,225.0,275,19346,,,2026-08-06,0,15599.5,194665,2026-08-06,C,Sheet,,Plain,0,3,,1.0,8,1,0,81.08,110.04,0,0.0,"81-1/2 x 110-1/4
Sheet, Plain 
C Flute 23 ECT Kraft",Panelim,,0,,,1.0,0,0,0,True,0,,Regular,False,0,0,C23 K,OT,2026-07-24 14:59:16,,271,False,0,0,125 C,,,1,66,271,12,0,N,,Concord,81.08,110.04,0.0,,0.0,271,False,2026-07-24,No Closure,271 (2038582-3),,,,271 (2038582-3),,,
364996,5035427,3,2026-08-05,200,1,234,0,0,0,0,1.0,0,,Corrugator,250,62398.0,15599.5,225.0,275,19346,,,2026-08-06,0,15599.5,194665,2026-08-06,C,Sheet,,Plain,0,3,,1.0,0,1,0,81.08,110.04,0,0.0,"81-1/2 x 110-1/4
Sheet, Plain 
C Flute 23 ECT Kraft",Panelim,,0,,,1.0,0,0,0,True,0,,Regular,False,234,0,C23 K,OT,2026-07-24 14:59:16,,271,False,0,0,125 C,,,1,66,271,12,0,N,,Concord,81.08,110.04,0.0,,0.0,271,False,2026-07-24,No Closure,271 (2038582-3),,,,271 (2038582-3),208.0,2026-08-05,
>>>>>>> 3d7f0d50c55d01c676d7c4bff56f84cbc3a91754
